Date,Open,High,Low,Close,Volume
1997-06-25,7.318442844643795,7.3840201675223005,7.292211805723017,7.370904922485352,2770583.0
1997-06-26,7.315247780679589,7.3815089564541045,7.315247780679589,7.328499794006348,819020.0
1997-06-27,7.341750988577457,7.341750988577457,7.288741836045434,7.3019938468933105,1105008.0
1997-06-30,7.288745970663593,7.368259189996085,7.262241379362572,7.355007171630859,330526.0
1997-07-01,,,,,
1997-07-02,7.381508408367369,7.474274158477783,7.341751816768711,7.474274158477783,1165233.0
1997-07-03,7.474274158477783,7.514030750076442,7.4345175668791255,7.474274158477783,721716.0
1997-07-04,7.421267768669907,7.500781536102295,7.408015751383106,7.500781536102295,884950.0
1997-07-07,7.500778737733662,7.500778737733662,7.447769579221905,7.474274158477783,2197620.0
1997-07-08,7.4742765139024945,7.487528530421481,7.3815107345581055,7.3815107345581055,362449.0
1997-07-09,7.381510777497749,7.434519953023049,7.248987838684501,7.262240409851074,364094.0
1997-07-10,7.248989664856386,7.34175602268069,7.248989664856386,7.2887468338012695,266790.0
1997-07-11,7.34175602268069,7.34175602268069,7.248989664856386,7.2887468338012695,532045.0
1997-07-14,7.275493621826173,7.315250787287582,7.262241603052761,7.275493621826172,474672.0
1997-07-15,7.288744997613724,7.315249585376374,7.262240409851074,7.262240409851074,243863.0
1997-07-16,7.315246066106999,7.381507226350996,7.26223691608371,7.368254661560059,698789.0
1997-07-17,7.394764821778728,7.447774011839437,7.315251591258314,7.421269416809082,897236.0
1997-07-18,7.434517860412598,7.474274453580946,7.421265292976255,7.434517860412598,367714.0
1997-07-21,7.421267338685559,7.43451990977504,7.328501559341171,7.3815107345581055,959546.0
1997-07-22,7.381512801548875,7.447774011839437,7.368260226748373,7.421269416809082,1364558.0
1997-07-23,7.447770595550537,7.461022609701698,7.421266012677823,7.447770595550537,204481.0
1997-07-24,7.434519673455926,7.447771689553674,7.368257929255755,7.3947625160217285,289937.0
1997-07-25,7.368258206331176,7.394762794093825,7.262240409851074,7.262240409851074,225214.0
1997-07-28,7.3019970142098005,7.32850160197245,7.156222058800476,7.262240409851074,425746.0
1997-07-29,7.222479761894179,7.262236901617566,7.195975186935331,7.248984336853027,540273.0
1997-07-30,7.262238848414796,7.368256622100274,7.2489862800976255,7.315248012542725,283245.0
1997-07-31,7.341755379404992,7.3682594169518145,7.262241603052761,7.275493621826172,342154.0
1997-08-01,7.3285028060609925,7.3285028060609925,7.156223234583121,7.275493621826172,396017.0
1997-08-04,,,,,
1997-08-05,7.288746195170171,7.288746195170171,7.209232418817941,7.275493621826172,207552.0
1997-08-06,7.275488911811876,7.275488911811876,7.222479761894179,7.248984336853027,431999.0
1997-08-07,7.2754892706272996,7.315246412311445,7.248984694361289,7.3019938468933105,495405.0
1997-08-08,7.2887468338012695,7.2887468338012695,7.235737644921849,7.2887468338012695,783916.0
1997-08-11,7.235731005603201,7.275487583497846,7.182721865363589,7.195973873138428,234758.0
1997-08-12,7.195977145427632,7.262238878143984,7.195977145427632,7.222481727600098,383950.0
1997-08-13,7.222481482650919,7.288743213120017,7.195976901377353,7.209229469299316,713379.0
1997-08-14,7.195976784914267,7.262238514310953,7.103211029243329,7.14296817779541,578997.0
1997-08-15,7.129715870447677,7.142968438639106,7.023698097768103,7.03695011138916,318788.0
1997-08-18,7.0369531243563355,7.050205698222035,6.824916933640638,6.95743989944458,466993.0
1997-08-19,6.957438234273336,6.9839428210906,6.9176810767622,6.9706902503967285,419822.0
1997-08-20,6.970690890461075,7.023700068963025,6.944186301210101,6.983943462371826,306941.0
1997-08-21,7.063456026971916,7.063456026971916,6.970690250396729,6.9706902503967285,365630.0
1997-08-22,6.891176489944935,6.970690250396729,6.851419887004277,6.9706902503967285,340509.0
1997-08-25,7.010448531195547,7.010448531195547,6.9176827324180925,6.95743989944458,375284.0
1997-08-26,6.957438234273336,6.970690250396729,6.9176810767622,6.9706902503967285,463044.0
1997-08-27,6.957434004898474,6.997190583671389,6.917676871555418,6.944181442260742,555850.0
1997-08-28,6.944184668883509,6.957437237679062,6.8779234886169425,6.877923488616943,400405.0
1997-08-29,6.864671162958264,6.891175746917725,6.838166578998803,6.891175746917725,213147.0
1997-09-01,,,,,
1997-09-02,6.891179159204447,7.050206741706474,6.891179159204447,7.023702144622803,695608.0
1997-09-03,7.023699118579447,7.063455719791142,6.997194532914834,7.010446548461914,475879.0
1997-09-04,7.010449568795622,7.036954165879293,6.997197547539132,7.023702144622803,1254420.0
1997-09-05,7.050202369689942,7.063454382728509,7.010445221433546,7.050202369689941,238817.0
1997-09-08,7.063454206591268,7.1827245392455845,7.063454206591268,7.156219959259033,782710.0
1997-09-09,7.142967163641156,7.209228329059769,7.142967163641156,7.169471740722656,335353.0
1997-09-10,7.169472406382189,7.169472406382189,7.089958667755127,7.089958667755127,771410.0
1997-09-11,7.063454088212772,7.089958667755127,7.036949508670419,7.089958667755127,523379.0
1997-09-12,7.076706950337424,7.116463544023471,7.036949802081027,7.050202369689941,1356331.0
1997-09-15,7.050202369689942,7.08995896337599,7.050202369689942,7.050202369689941,328990.0
1997-09-16,7.050201421141043,7.169471740722656,7.050201421141043,7.169471740722656,808489.0
1997-09-17,7.156219959259033,7.195976551953693,7.156219959259033,7.156219959259033,725007.0
1997-09-18,7.129717471037827,7.262240409851074,7.129717471037827,7.262240409851074,585798.0
1997-09-19,7.235732906141269,7.275489494478382,7.142967163641156,7.169471740722656,623645.0
1997-09-22,7.156220190932537,7.2224813657588705,7.14296817779541,7.14296817779541,382414.0
1997-09-23,7.15621942103033,7.209228577016546,7.1032102650441145,7.1827239990234375,462934.0
1997-09-24,7.156219174896769,7.195975763233883,7.156219174896769,7.169471740722656,977208.0
1997-09-25,7.156219174896769,7.169471740722656,7.116462586559656,7.169471740722656,822421.0
1997-09-26,7.233772996222951,7.233772996222951,7.180189367973827,7.206981182098389,609713.0
1997-09-29,7.193585555326257,7.220377369450818,7.140001927077131,7.206981182098389,299810.0
1997-09-30,7.206983182642917,7.220379373713917,7.16679573059082,7.16679573059082,1033813.0
1997-10-01,7.233774505299088,7.247170695446169,7.180190865871596,7.220378875732422,277980.0
1997-10-02,7.260565054605241,7.260565054605241,7.180189609527588,7.180189609527588,322847.0
1997-10-03,7.233771800994873,7.273959235251444,7.206979991297092,7.233771800994873,367934.0
1997-10-06,7.16679021483944,7.300748658968766,7.16679021483944,7.287353038787842,474453.0
1997-10-07,7.220379710690194,7.327546441357423,7.220379710690194,7.314150810241699,335901.0
1997-10-08,7.327540857292084,7.327540857292084,7.206978026805413,7.273957252502441,286756.0
1997-10-09,7.206981424553472,7.220377612356573,7.153398355082019,7.180189609527588,451964.0
1997-10-10,7.166793982304803,7.206981424553472,7.140002167278919,7.180189609527588,108384.0
1997-10-13,,,,,
1997-10-14,7.206980544562975,7.233772356317512,7.180188732808438,7.19358491897583,249787.0
1997-10-15,7.193584366738303,7.233771800994873,7.180188181599311,7.233771800994873,258892.0
1997-10-16,7.206977635962234,7.300748658968766,7.206977635962234,7.287353038787842,463812.0
1997-10-17,7.260564644257447,7.287356457769129,7.206981017234082,7.247169017791748,328552.0
1997-10-20,7.287355420390436,7.287355420390436,7.233771800994873,7.233771800994873,177824.0
1997-10-21,7.260563615802481,7.340939044952393,7.2471679912342655,7.340939044952393,418835.0
1997-10-22,7.340941692728854,7.340941692728854,7.233774415208546,7.260566234588623,546855.0
1997-10-23,7.206983182642917,7.220379373713917,7.140003909029272,7.16679573059082,419712.0
1997-10-24,7.233772830745765,7.247169017791748,7.193585390768383,7.247169017791748,249348.0
1997-10-27,7.233774473127533,7.233774473127533,7.046232296545799,7.059628486633301,290815.0
1997-10-28,6.858686311285338,7.006040956938275,6.858686311285338,6.939061164855957,580423.0
1997-10-29,7.046231279311208,7.166794169791513,6.992647647857666,6.992647647857666,438252.0
1997-10-30,6.992648370620006,6.992648370620006,6.898877286174263,6.965856552124023,341277.0
1997-10-31,7.032832855029896,7.073020282348773,7.006041049957275,7.006041049957275,344677.0
1997-11-03,7.099815935734983,7.099815935734983,7.046232296545799,7.059628486633301,738281.0
1997-11-04,7.073024635415628,7.193587552152369,7.04623281385408,7.16679573059082,928940.0
1997-11-05,7.193587887878267,7.314150810241699,7.180191696182064,7.314150810241699,500561.0
1997-11-06,7.314150600298806,7.528484616061573,7.314150600298806,7.448109149932861,986093.0
1997-11-07,7.434711943889407,7.474899388148369,7.367732683264354,7.381128311157227,552449.0
1997-11-10,7.434708349280434,7.448103970696654,7.394520924451699,7.40791654586792,352576.0
1997-11-11,7.394526066427517,7.4615053412445445,7.394526066427517,7.448109149932861,200093.0
1997-11-12,7.39452148040081,7.448104530674349,7.39452148040081,7.421313285827637,474782.0
1997-11-13,7.421317485625598,7.461504936218263,7.394525665037011,7.461504936218262,192085.0
1997-11-14,7.421315273691641,7.4882945249096275,7.407919087099884,7.474898338317871,492663.0
1997-11-17,7.474898649977778,7.541877903988411,7.461503023407767,7.515086650848389,341496.0
1997-11-18,7.50169014770487,7.541877586302379,7.474898335113108,7.528481960296631,585908.0
1997-11-19,7.501692728631629,7.649047468292978,7.501692728631629,7.608860015869141,521624.0
1997-11-20,7.649042388849497,7.72941780090332,7.635646206550484,7.72941780090332,436496.0
1997-11-21,7.742812119520949,7.836583137512208,7.702624700547551,7.836583137512207,573073.0
1997-11-24,7.796400609463217,7.943755318912523,7.783004981595254,7.903567314147949,362778.0
1997-11-25,7.890168980665834,7.943752594924039,7.863377173536731,7.876773357391357,576364.0
1997-11-26,7.863378124349821,7.903565559612729,7.809794503612466,7.823190689086914,524585.0
1997-11-27,7.796397936004049,7.876773357391357,7.769606128874947,7.876773357391357,292241.0
1997-11-28,7.836587018087536,8.104504585266113,7.836587018087536,8.104504585266113,318240.0
1997-12-01,8.144696734488928,8.3054471324672,8.104508714558945,8.251863479614258,738500.0
1997-12-02,8.27865020594165,8.27865020594165,8.225066586099135,8.265254020690918,891532.0
1997-12-03,8.27865352980283,8.318840980529785,8.27865352980283,8.318840980529785,528864.0
1997-12-04,8.372422303606264,8.372422303606264,8.278651237487793,8.278651237487793,322847.0
1997-12-05,8.278651237487793,8.305443050747396,8.225067610968587,8.278651237487793,385266.0
1997-12-08,8.265257339173555,8.33223717115906,8.265257339173555,8.318840980529785,1130568.0
1997-12-09,8.318837402416092,8.332233587283374,8.278649968974628,8.292045593261719,297287.0
1997-12-10,8.251864870221612,8.318844167284889,8.251864870221612,8.305448532104492,440007.0
1997-12-11,8.23846435546875,8.292047425034186,8.184880725322998,8.23846435546875,1358744.0
1997-12-12,8.211672540395874,8.23846435546875,8.10450528010437,8.23846435546875,1166221.0
1997-12-15,8.225068167642153,8.251859982715029,8.198276352569277,8.23846435546875,420370.0
1997-12-16,8.238462771349868,8.292045830612176,8.238462771349868,8.265254020690918,194059.0
1997-12-17,8.265254573059869,8.332234382629395,8.265254573059869,8.332234382629395,353124.0
1997-12-18,8.372425211487984,8.506384324312215,8.372425211487984,8.439404487609863,467212.0
1997-12-19,8.372425781202882,8.439405061882471,8.345633956814945,8.39921760559082,926417.0
1997-12-22,8.412611176344928,8.412611176344928,8.332235728229548,8.37242317199707,343910.0
1997-12-23,8.385817445472671,8.385817445472671,8.265254573059869,8.332234382629395,436277.0
1997-12-24,8.30544391219109,8.37242317199707,8.30544391219109,8.37242317199707,99388.0
1997-12-25,,,,,
1997-12-26,,,,,
1997-12-29,8.278652966563238,8.372424052266691,8.225069328852578,8.359027862548828,212928.0
1997-12-30,8.345633080809549,8.426008545536693,8.345633080809549,8.412612915039062,385596.0
1997-12-31,8.412610363869947,8.640339937332632,8.38581798983871,8.546568870544434,436058.0
1998-01-01,,,,,
1998-01-02,8.546571659832468,8.546571659832468,8.466196193247997,8.533175468444824,205468.0
1998-01-05,8.533170313026764,8.653733159773736,8.506379067598662,8.600150108337402,1234344.0
1998-01-06,8.573357270438773,8.600149073222338,8.533169285973397,8.586752891540527,639551.0
1998-01-07,8.559964256476,8.586756069174202,8.506381191659862,8.573360443115234,770423.0
1998-01-08,8.586754497510192,8.747505344276608,8.559962689715789,8.707317352294922,829442.0
1998-01-09,8.667129343067915,8.734108577798427,8.600150108337402,8.600150108337402,785013.0
1998-01-12,8.546565467655208,8.626940315425845,8.50637804376989,8.586752891540527,746070.0
1998-01-13,8.586754497510192,8.707317352294922,8.573358873903073,8.707317352294922,798506.0
1998-01-14,8.66712866085021,8.73410789030857,8.64033685695085,8.720711708068848,281819.0
1998-01-15,8.70732067609081,8.760904312133789,8.693925047370252,8.760904312133789,478402.0
1998-01-16,8.7207160612315,8.78769588470459,8.7207160612315,8.78769588470459,856318.0
1998-01-19,8.774300717110593,8.841279983520508,8.760904527480376,8.841279983520508,362229.0
1998-01-20,8.80109285272095,8.854676495423583,8.787697222335517,8.827884674072266,416750.0
1998-01-21,8.787694631022736,8.81448644447369,8.506381430658145,8.546568870544434,865752.0
1998-01-22,8.385823464348166,8.506386983874972,8.19828120833873,8.305448532104492,1343277.0
1998-01-23,8.30544557774256,8.33223739915378,8.117903388444478,8.131299018859863,448563.0
1998-01-26,7.970547093387224,8.171484873833897,7.863379828684726,8.117901802062988,1806430.0
1998-01-27,8.265254020690918,8.399213070297208,8.225066586099135,8.265254020690918,1946627.0
1998-01-28,8.265251426517937,8.359022451520795,8.238460185585721,8.345626831054688,2342095.0
1998-01-29,8.385818075110855,8.506381517156251,8.385818075110855,8.452797889709473,1544357.0
1998-01-30,8.479589385807765,8.479589385807765,8.4260057603681,8.466193199157715,551572.0
1998-02-02,8.492985243642526,8.586756310430724,8.492985243642526,8.546568870544434,491017.0
1998-02-03,8.50637804376989,8.600149073222338,8.50637804376989,8.586752891540527,557495.0
1998-02-04,8.573361304054425,8.693924193013155,8.573361304054425,8.667132377624512,648546.0
1998-02-05,8.68052681038015,8.693922996520996,8.626943186977254,8.693922996520996,979840.0
1998-02-06,8.680529174896957,8.787696450894382,8.653737355897603,8.747509002685547,1012641.0
1998-02-09,8.774300889202035,8.841280156925622,8.774300889202035,8.801092147827148,2732517.0
1998-02-10,8.787696518514592,8.827883967032664,8.774300889202035,8.801092147827148,2067297.0
1998-02-11,8.801091730959845,8.908259002705885,8.787696102281778,8.868071556091309,1286562.0
1998-02-12,8.841280865038149,8.854676495423583,8.787697222335517,8.827884674072266,2063347.0
1998-02-13,8.827880772675064,8.827880772675064,8.747505904722466,8.774297714233398,1145049.0
1998-02-16,8.760901688538283,8.760901688538283,8.734109878540039,8.734109878540039,156871.0
1998-02-17,8.734110433783044,8.760902245484491,8.68052681038015,8.693922996520996,819349.0
1998-02-18,8.69392059898249,8.707316220848956,8.613545186043424,8.640336990356445,663904.0
1998-02-19,8.613547009879658,8.62694263458252,8.546567765204934,8.62694263458252,841289.0
1998-02-20,8.600149564176958,8.653732612222912,8.586753381730402,8.640336990356445,713489.0
1998-02-23,8.653734444568451,8.680526254554383,8.613547009879658,8.62694263458252,589747.0
1998-02-24,8.626944316091002,8.626944316091002,8.50638198852539,8.50638198852539,818911.0
1998-02-25,8.533173879961481,8.533173879961481,8.479590806126996,8.51977825164795,424868.0
1998-02-26,8.519779837637644,8.533175468444824,8.466196193247997,8.533175468444824,502755.0
1998-02-27,8.519777690791575,8.600153137122733,8.506382063359876,8.559965133666992,1567284.0
1998-03-02,8.559967290639648,8.600155304222115,8.519779837637644,8.533175468444824,440884.0
1998-03-03,8.546566476270636,8.546566476270636,8.492982864379883,8.492982864379883,873102.0
1998-03-04,8.506381198527597,8.506381198527597,8.452797573087931,8.466193199157715,1789865.0
1998-03-05,8.399213947648267,8.479589385807765,8.399213947648267,8.466193199157715,1142635.0
1998-03-06,8.466191058434507,8.546566476270636,8.45279543575188,8.492982864379883,1184979.0
1998-03-09,8.492982864379883,8.506379047642634,8.466191058434507,8.492982864379883,1432901.0
1998-03-10,8.506381430658145,8.546568870544434,8.466193430191572,8.546568870544434,613442.0
1998-03-11,8.546569488665781,8.693924193013155,8.546569488665781,8.667132377624512,611797.0
1998-03-12,8.680528615611935,8.80109151305099,8.667132987265534,8.78769588470459,1026463.0
1998-03-13,8.801088963164132,8.854672582185996,8.774297714233398,8.774297714233398,688587.0
1998-03-16,8.814483302006652,8.82787892366629,8.70731608640921,8.720711708068848,452183.0
1998-03-17,8.7341124941123,8.760904312133789,8.680528858069318,8.760904312133789,717987.0
1998-03-18,8.720716623105792,8.80109208010386,8.720716623105792,8.747509002685547,973478.0
1998-03-19,8.760904631895025,8.80109208010386,8.720716623105792,8.747509002685547,460521.0
1998-03-20,8.827883576897326,8.827883576897326,8.747508683413233,8.760904312133789,616843.0
1998-03-23,8.774300889202035,8.801092147827148,8.720716690210601,8.801092147827148,583165.0
1998-03-24,8.827884674072266,8.854676495423583,8.774301591950083,8.827884674072266,685735.0
1998-03-25,8.84128319707109,9.095804726172135,8.84128319707109,9.042221069335938,1113455.0
1998-03-26,9.028815955544975,9.189566196692063,8.988627974823196,9.149378776550293,1038859.0
1998-03-27,9.192639722617454,9.192639722617454,9.057453536527923,9.09800910949707,800700.0
1998-03-30,9.111531095677375,9.111531095677375,9.016901016235352,9.016901016235352,564736.0
1998-03-31,9.030421634674497,9.084496141058672,9.030421634674497,9.043940544128418,1081094.0
1998-04-01,9.070975158368697,9.084494064732777,8.92227114837321,8.949308395385742,1064309.0
1998-04-02,8.949307264540666,8.962825603480924,8.868195533752441,8.868195533752441,503084.0
1998-04-03,8.922272537212049,8.922272537212049,8.814123532327468,8.827642440795898,898224.0
1998-04-06,8.868197653805856,8.868197653805856,8.760048653567189,8.814123153686523,361681.0
1998-04-07,8.814122634939402,8.827641542031438,8.651899709844573,8.678936958312988,581520.0
1998-04-08,8.678937541728784,8.760048726870828,8.651900291442871,8.651900291442871,711185.0
1998-04-09,8.665413470136741,8.678932370081835,8.624857901732181,8.638376235961914,812548.0
1998-04-10,,,,,
1998-04-13,8.66541863372798,8.66541863372798,8.611344133156154,8.651900291442871,544551.0
1998-04-14,8.651898173096269,8.787083825711036,8.638379268405458,8.733009338378906,836463.0
1998-04-15,8.746532428176991,8.773569684780048,8.705976260414491,8.760050773620605,656335.0
1998-04-16,8.760045246729137,8.760045246729137,8.665415191180387,8.692452430725098,428927.0
1998-04-17,8.678936958312988,8.733010889534158,8.678936958312988,8.678936958312988,467980.0
1998-04-20,8.678936958312988,8.705973641065743,8.651899709844573,8.678936958312988,264158.0
1998-04-21,8.638380802752536,8.705973641065743,8.638380802752536,8.678936958312988,647449.0
1998-04-22,8.651899554014733,8.665417895147632,8.584306716918945,8.584306716918945,2510704.0
1998-04-23,8.543750715970916,8.71949254815778,8.543750715970916,8.678936958312988,1571782.0
1998-04-24,8.692455299689366,8.705973641065743,8.651899709844573,8.678936958312988,813864.0
1998-04-27,8.584307291236893,8.61134397531153,8.543751133693563,8.570788383483887,1254310.0
1998-04-28,8.597825790871044,8.678937541728784,8.57078854058513,8.651900291442871,830210.0
1998-04-29,8.678940631119794,8.760051845134514,8.611347198486328,8.611347198486328,827467.0
1998-04-30,8.65189954626848,8.678936794225718,8.584306709233209,8.597825050354004,983351.0
1998-05-01,8.638380639432038,8.638380639432038,8.55726946127597,8.597825050354004,855770.0
1998-05-04,8.597825212907745,8.705973641065743,8.597825212907745,8.678936958312988,846116.0
1998-05-05,8.678937541728784,8.678937541728784,8.624863041156958,8.651900291442871,507911.0
1998-05-06,8.678938269992688,8.74653111852145,8.651901017438036,8.719493865966797,268326.0
1998-05-07,8.678937541728784,8.705974226299,8.638381383442066,8.651900291442871,226201.0
1998-05-08,8.624862461376159,8.692455299689366,8.624862461376159,8.678936958312988,543454.0
1998-05-11,8.66542183233932,8.719496352871326,8.66542183233932,8.705977439880371,840302.0
1998-05-12,8.705970767639716,8.705970767639716,8.678934093810478,8.692452430725098,540163.0
1998-05-13,8.692457914970877,8.760050773620605,8.692457914970877,8.760050773620605,808928.0
1998-05-14,8.760043351103063,8.881710619868382,8.733006117409063,8.841155052185059,701422.0
1998-05-15,8.827642440795898,8.868198034769758,8.814123532327468,8.827642440795898,765816.0
1998-05-18,,,,,
1998-05-19,8.78708552498767,8.841160022776913,8.76004827609305,8.800603866577148,1056740.0
1998-05-20,8.841157147190403,8.96282444478607,8.814119907089644,8.922268867492676,1729640.0
1998-05-21,8.908756256103516,8.922275168558928,8.868200650169046,8.908756256103516,429476.0
1998-05-22,8.895236501825654,9.057459465610059,8.895236501825654,9.03042221069336,1042808.0
1998-05-25,9.016901169456814,9.152086837895268,9.003382263183592,9.125049591064453,678275.0
1998-05-26,9.138568497337673,9.36838424682617,9.125049591064453,9.125049591064453,1475246.0
1998-05-27,8.989866611176206,9.057459465610059,8.922273756742353,9.03042221069336,765377.0
1998-05-28,8.98985980774955,9.273749920956304,8.949304238924404,9.21967601776123,788304.0
1998-05-29,9.260232345640338,9.260232345640338,9.070971688940256,9.138565063476562,364972.0
1998-06-01,9.125052320043912,9.138571230360158,9.016903866092905,9.03042221069336,462715.0
1998-06-02,9.07097509740282,9.179124084726084,9.07097509740282,9.125049591064453,403806.0
1998-06-03,9.138564314395571,9.300787155411522,9.138564314395571,9.21967601776123,778651.0
1998-06-04,9.192644470031123,9.260237315125563,9.192644470031123,9.246718406677246,667744.0
1998-06-05,9.246712297772058,9.246712297772058,9.152082264014691,9.206156730651855,512189.0
1998-06-08,9.219680988559716,9.24671767187642,9.17912483215332,9.17912483215332,424978.0
1998-06-09,9.165605178452864,9.2061613315569,9.111531250506857,9.125049591064453,521404.0
1998-06-10,9.070971872279165,9.13856524818164,9.070971872279165,9.09800910949707,570440.0
1998-06-11,9.111533394250761,9.111533394250761,9.030421634674497,9.043940544128418,353453.0
1998-06-12,9.043937334269149,9.043937334269149,8.787083802964219,8.868195533752441,4319108.0
1998-06-15,8.841161219604865,8.841161219604865,8.705974956831598,8.719493865966797,395249.0
1998-06-16,8.760047333482452,8.800602919602632,8.719491747362271,8.787084579467773,874199.0
1998-06-17,8.841157147190403,8.949306107593433,8.841157147190403,8.922268867492676,2366668.0
1998-06-18,8.90875286215563,8.90875286215563,8.76004827609305,8.800603866577148,1655592.0
1998-06-19,8.800605057915012,8.814123967050211,8.692456613412144,8.719493865966797,5055086.0
1998-06-22,8.705974226299,8.733011476584915,8.611344133156154,8.651900291442871,1157884.0
1998-06-23,8.66541914584619,8.773568153381348,8.6383818939624,8.773568153381348,710088.0
1998-06-24,8.787086414508975,8.94930992429867,8.787086414508975,8.935791015625,4217965.0
1998-06-25,8.952164649963379,9.03404439272458,8.924871402376311,8.952164649963379,2007839.0
1998-06-26,8.924869537353516,8.952162779237135,8.802050234413201,8.924869537353516,1745985.0
1998-06-29,8.897576332092285,8.979456058080162,8.897576332092285,8.897576332092285,1775165.0
1998-06-30,8.911223238626242,8.938516480622201,8.883929425558327,8.897576332092285,1059154.0
1998-07-01,,,,,
1998-07-02,8.924872535751941,8.96581212679545,8.842992782592773,8.842992782592773,4066908.0
1998-07-03,7.355514955027146,7.382808208465575,7.300928448150286,7.382808208465576,602911.0
1998-07-06,7.3964534630197205,7.3964534630197205,7.287281036376953,7.287281036376953,1193865.0
1998-07-07,7.287282064655642,7.287282064655642,7.027996444032122,7.082582950592041,5691126.0
1998-07-08,7.082584585163174,7.137171104320973,7.027998066005375,7.123524188995361,2473735.0
1998-07-09,7.1644635593868475,7.1644635593868475,7.0416436195373535,7.0416436195373535,2727691.0
1998-07-10,7.041647116295244,7.09623365643012,7.028000766797796,7.055294036865234,1769022.0
1998-07-13,7.055292861759817,7.082586127281382,7.055292861759817,7.068939208984375,1265390.0
1998-07-14,7.082583789844605,7.082583789844605,7.027997276816443,7.0416436195373535,1324957.0
1998-07-15,7.0416436195373535,7.068936876051435,7.027997276816443,7.0416436195373535,1023501.0
1998-07-16,7.041647246665622,7.055294167488275,7.000707626342773,7.000707626342773,1057398.0
1998-07-17,7.000705519102157,7.014352435817032,6.918826303102433,6.959765911102295,822421.0
1998-07-20,6.959763788067362,7.027996637610564,6.959763788067362,6.973410129547119,1131775.0
1998-07-21,6.987057682308149,7.000704025038291,6.836945056915283,6.836945056915283,1920299.0
1998-07-22,6.891529209014755,6.932468794251969,6.7277697259217675,6.809649467468262,1943884.0
1998-07-23,6.796007788074988,6.809654135484606,6.714127990399912,6.76871395111084,1746753.0
1998-07-24,6.836944679608315,6.87788427661169,6.727771659503013,6.782358169555664,1789646.0
1998-07-27,6.755064914529338,6.796005082604941,6.727771659503013,6.782358169555664,1675009.0
1998-07-28,6.768708324543296,6.78235523168122,6.577656193188216,6.632242679595947,1958913.0
1998-07-29,6.632244895903816,6.659538148228312,6.523072457678005,6.564012050628662,1713733.0
1998-07-30,6.591307782287666,6.686833915819674,6.564014519696752,6.65954065322876,1304223.0
1998-07-31,6.6731850236922545,6.6731850236922545,6.523072980484711,6.53671932220459,1356002.0
1998-08-03,,,,,
1998-08-04,6.6049530454410235,6.6049530454410235,6.1409687995910645,6.1409687995910645,2422286.0
1998-08-05,6.236493707454021,6.332019806794435,6.140967608113607,6.2774338722229,2888072.0
1998-08-06,6.250142979373768,6.250142979373768,5.963564002071848,6.0590901374816895,5789856.0
1998-08-07,6.045442366805628,6.209201335906983,5.977209510602752,6.209201335906982,3015982.0
1998-08-10,6.263784564184897,6.400250205019686,6.2228449861488535,6.359310626983643,4047052.0
1998-08-11,6.250144004821777,6.304729968960063,6.195557469610999,6.250144004821777,3997029.0
1998-08-12,6.2774378107447495,6.386610319455831,6.2774378107447495,6.345670700073242,2918020.0
1998-08-13,6.345667245652468,6.3866068427485745,6.304727077484131,6.304727077484131,1915252.0
1998-08-14,6.345668625440106,6.4957812755289535,6.345668625440106,6.427548408508301,1435644.0
1998-08-17,6.4548416523160155,6.5367208640934855,6.413901475354928,6.4821343421936035,1349310.0
1998-08-18,6.550366234996687,6.550366234996687,6.4821328131806375,6.53671932220459,1924138.0
1998-08-19,6.564014772062973,6.564014772062973,6.495781898498534,6.495781898498535,1601620.0
1998-08-20,6.495779466153677,6.618598821008917,6.495779466153677,6.523072719573975,2803713.0
1998-08-21,6.509428602611049,6.550368785858153,6.441195725295794,6.550368785858154,2407147.0
1998-08-24,6.550365972994272,6.577658655342374,6.495779466153677,6.523072719573975,2658360.0
1998-08-25,6.564012314168322,6.604951908762671,6.523072719573975,6.523072719573975,1608751.0
1998-08-26,6.482134342193604,6.550367780104632,6.46848799725481,6.4821343421936035,1103143.0
1998-08-27,6.413901034509827,6.413901034509827,5.977210031470456,6.031795978546143,2599671.0
1998-08-28,6.0727359512852175,6.127322467622804,5.97720983323059,6.086382865905762,3331699.0
1998-08-31,6.168261518840135,6.236494372636383,5.799803423053704,5.813450336456299,1730079.0
1998-09-01,5.9089738447844855,6.031792584908106,5.786154533588872,6.004499912261963,2790768.0
1998-09-02,6.059090787191813,6.372963061277376,6.031797521137745,6.195557117462158,1664807.0
1998-09-03,6.209202539518516,6.345668849449594,6.140969670089164,6.318375587463379,1347116.0
1998-09-04,6.3456665767006575,6.468485926113753,6.3456665767006575,6.4138994216918945,1346458.0
1998-09-07,,,,,
1998-09-08,6.5503656827465395,6.591305275526848,6.386606169480966,6.4138994216918945,1824092.0
1998-09-09,6.40025357551396,6.550366773199813,6.345667633077237,6.454840660095215,1713953.0
1998-09-10,6.454839151064069,6.454839151064069,6.291079648821276,6.386605739593506,1385511.0
1998-09-11,6.3866067079248285,6.550366234996687,6.318373857180997,6.53671932220459,1466470.0
1998-09-14,6.5776611317335885,6.6049543954293926,6.40025520324707,6.40025520324707,1818716.0
1998-09-15,6.427545982181675,6.550365324884865,6.413899071285688,6.509425163269043,533032.0
1998-09-16,6.564011664708713,6.577658004532561,6.468485572725359,6.509425163269043,1228530.0
1998-09-17,6.454839585544373,6.5503656827465395,6.372959828911586,6.4138994216918945,1643416.0
1998-09-18,6.441192673902823,6.468485926113753,6.372959828911586,6.4138994216918945,1514409.0
1998-09-21,6.386603869364993,6.400250205019686,6.332017384602292,6.359310626983643,787098.0
1998-09-22,6.413897111746344,6.413897111746344,6.318371048947599,6.359310626983643,1353040.0
1998-09-23,6.372962510623677,6.413902120631177,6.332022329543767,6.40025520324707,1376187.0
1998-09-24,6.386606169480966,6.4821322666831325,6.359312917270037,6.4138994216918945,1360170.0
1998-09-25,6.400256668892513,6.441196859347642,6.318377430127337,6.345670700073242,1354905.0
1998-09-28,6.381580646129391,6.478271200673253,6.298703358253799,6.353955268859863,647998.0
1998-09-29,6.340141900653529,6.340141900653529,6.215825392797577,6.257264614105225,1431695.0
1998-09-30,6.257265733435949,6.298704384122852,6.091509974621138,6.146761894226074,1654605.0
1998-10-01,6.146761978252021,6.146761978252021,5.82906430323112,5.939567565917969,1668098.0
1998-10-02,5.9671898372369325,6.036254405975342,5.787622074123719,6.036254405975342,2816109.0
1998-10-05,5.994819486278198,6.008632177351451,5.8014383430510055,5.939567565917969,1773520.0
1998-10-06,6.008629990957204,6.1743856917234226,5.994817304910051,6.1605730056762695,2362390.0
1998-10-07,6.146762666355003,6.450647684321239,6.119136703082284,6.32633113861084,1357538.0
1998-10-08,6.160575937008198,6.32633113861084,6.146762666355003,6.32633113861084,1339656.0
1998-10-09,6.326329212239977,6.326329212239977,6.174386749523426,6.257264614105225,2053694.0
1998-10-12,,,,,
1998-10-13,6.257263542106532,6.257263542106532,6.146759741595719,6.1605730056762695,1620598.0
1998-10-14,6.174387386993444,6.353955823110004,6.146761429280622,6.215826034545898,4689785.0
1998-10-15,6.243449623752143,6.657837676175662,6.243449623752143,6.630212306976318,1934340.0
1998-10-16,6.630216983229505,6.76834623878132,6.519713116361058,6.740720272064209,2447736.0
1998-10-19,6.713091483482947,6.713091483482947,6.464458465576171,6.464458465576172,2460681.0
1998-10-20,6.533524763384888,6.561150145195861,6.47827226566214,6.519711494445801,1787123.0
1998-10-21,6.561149653515446,6.561149653515446,6.423020442677324,6.45064640045166,1513860.0
1998-10-22,6.450642572269367,6.450642572269367,6.202009677886963,6.202009677886963,2347032.0
1998-10-23,6.257265260131907,6.284890639811174,6.105322203694613,6.215826034545898,1924248.0
1998-10-26,6.243449935224262,6.436830997467041,6.174385352713749,6.436830997467041,1505303.0
1998-10-27,6.464458749082842,6.505897972573671,6.229638987446748,6.271077632904053,1860073.0
1998-10-28,6.298703988276144,6.298703988276144,6.21582611407726,6.243452072143555,1358305.0
1998-10-29,6.271077963935257,6.492085048096385,6.215826048386586,6.45064640045166,1283929.0
1998-10-30,6.5335221066217954,6.588773425810187,6.436830997467041,6.436830997467041,1578035.0
1998-11-02,6.53352364235411,6.561149019425084,6.436832510471696,6.464458465576172,1719767.0
1998-11-03,6.464458363138256,6.478271051454862,6.326329167838221,6.367767810821533,1963849.0
1998-11-04,6.40920649878828,6.46445840850948,6.174386749523426,6.257264614105225,2547344.0
1998-11-05,6.257264614105225,6.271077302518777,6.188199437936977,6.257264614105225,1927648.0
1998-11-06,6.271076902570048,6.271076902570048,6.174386355741302,6.188199043273926,2501050.0
1998-11-09,6.188200544912978,6.188200544912978,6.091509974621138,6.146761894226074,1868520.0
1998-11-10,6.160573668208678,6.215824996372633,6.146760402642594,6.188199043273926,1397688.0
1998-11-11,6.2296382619387165,6.257264215037424,6.174386355741302,6.188199043273926,1006607.0
1998-11-12,6.202012308840009,6.24345094947134,6.188199043273926,6.188199043273926,2135749.0
1998-11-13,6.20201309673645,6.243451742632098,6.188199829415546,6.229639053344727,1914923.0
1998-11-16,6.2572653401934835,6.284890720226215,6.21582611407726,6.243452072143555,1004413.0
1998-11-17,6.271077961837113,6.381581214863927,6.257265271971344,6.284890651702881,1503219.0
1998-11-18,6.298703655848651,6.326329612456926,6.20201309673645,6.229639053344727,1215586.0
1998-11-19,6.271078988559515,6.340143605262963,6.229640334144177,6.3125176429748535,1205055.0
1998-11-20,6.312518271352551,6.326331542888469,6.2572669193100054,6.298705577850342,918957.0
1998-11-23,6.298703604503184,6.353955517269337,6.257264958945334,6.340142250061035,1149766.0
1998-11-24,6.326329946342439,6.340142636358805,6.229639382127189,6.243452072143555,1176423.0
1998-11-25,6.257265260131907,6.284890639811174,6.174387386993444,6.215826034545898,1276689.0
1998-11-26,6.298705577850342,6.312518271352551,6.2572669193100054,6.298705577850342,696814.0
1998-11-27,6.298703604503184,6.395394162827187,6.271077648120108,6.340142250061035,1531302.0
1998-11-30,6.326330913135734,6.353956875423843,6.271078988559515,6.3125176429748535,1064200.0
1998-12-01,6.298703358253799,6.381580646129391,6.28489009158553,6.353955268859863,1100181.0
1998-12-02,6.353955167100577,6.367767855514129,6.229638659244625,6.257264614105225,1356111.0
1998-12-03,6.2572655021223405,6.2572655021223405,6.11913570821627,6.132948398590088,1422590.0
1998-12-04,6.160575163144109,6.188200544912978,6.132948625308041,6.146761894226074,1236209.0
1998-12-07,6.1605726844904165,6.1605726844904165,6.036255626380413,6.119133472442627,1321117.0
1998-12-08,6.119135934423606,6.174387854028543,6.105322665505573,6.146761894226074,1773849.0
1998-12-09,6.146760402642594,6.188199043273926,6.132947137076512,6.188199043273926,1507827.0
1998-12-10,6.21582627493373,6.21582627493373,6.11913570821627,6.132948398590088,1004084.0
1998-12-11,6.132946157769646,6.146759421130031,6.105320209082241,6.119133472442627,1744669.0
1998-12-14,6.091507292005122,6.119133239641504,6.03625539673236,6.105319976806641,995966.0
1998-12-15,6.13294647751517,6.1743856917234226,6.105320527387467,6.1605730056762695,1005401.0
1998-12-16,6.1743860244750985,6.215824662883176,6.14676007285857,6.174386024475098,1013409.0
1998-12-17,6.1743860244750985,6.188198711266648,6.132946808033592,6.174386024475098,4148525.0
1998-12-18,6.202009677886963,6.2158223595601125,6.174383736507449,6.202009677886963,1439154.0
1998-12-21,6.202013424060894,6.27107803020985,6.188200156010965,6.243452072143555,553217.0
1998-12-22,6.243451992258719,6.257265260131907,6.188200076833077,6.215826034545898,712831.0
1998-12-23,6.202013031130703,6.271077632904053,6.188199763955918,6.271077632904053,865314.0
1998-12-24,6.271079612812215,6.312518271352551,6.2572669193100054,6.298705577850342,402489.0
1998-12-25,,,,,
1998-12-28,,,,,
1998-12-29,6.257265009953002,6.271077699240374,6.215825786023822,6.229639053344727,610261.0
1998-12-30,6.215824996372633,6.215824996372633,6.160573668208678,6.188199043273926,670816.0
1998-12-31,6.202009677886963,6.2158223595601125,6.174383736507449,6.202009677886963,529741.0
1999-01-01,,,,,
1999-01-04,6.229639053344727,6.298703655848651,6.215825786023822,6.229639053344727,600498.0
1999-01-05,6.229639302419087,6.2710779499715406,6.188200076833077,6.215826034545898,1150534.0
1999-01-06,6.229639302419087,6.257265260131907,6.188200076833077,6.215826034545898,1217560.0
1999-01-07,6.215824662883176,6.2434506144997055,6.1743860244750985,6.174386024475098,1730188.0
1999-01-08,6.215824327898279,6.215824327898279,6.146759741595719,6.1605730056762695,1387376.0
1999-01-11,6.160575156385575,6.160575156385575,6.0638840081662115,6.077697277069092,1634530.0
1999-01-12,6.091507824134143,6.10532051014228,6.036255924034802,6.063881874084473,1399333.0
1999-01-13,6.0500706004366025,6.077696556935421,5.953380041707502,5.994818687438965,1044454.0
1999-01-14,6.022442781401972,6.022442781401972,5.953378200531006,5.953378200531006,1278334.0
1999-01-15,5.95338083502483,5.967193526098083,5.911941605737855,5.939567565917969,1616759.0
1999-01-18,5.953378200531006,5.981004148486062,5.911938989581745,5.953378200531006,1333623.0
1999-01-19,5.9671941564240685,5.98100742699005,5.89812953769516,5.925755500793457,1206810.0
1999-01-20,5.925752518175686,5.93956520375564,5.815248721402537,5.829061985015869,1396810.0
1999-01-21,5.82906430323112,5.967193526098083,5.8014383430510055,5.939567565917969,2669550.0
1999-01-22,5.953378651919186,6.10532051014228,5.953378651919186,6.063881874084473,2156044.0
1999-01-25,6.11913343759415,6.11913343759415,6.036255592003926,6.0500688552856445,1033703.0
1999-01-26,6.077693609644987,6.077693609644987,5.994815780338946,6.036254405975342,1075060.0
1999-01-27,6.06388255102746,6.06388255102746,5.911940097808838,5.911940097808838,1233686.0
1999-01-28,5.953379378513549,5.953379378513549,5.870501518249512,5.870501518249512,1540298.0
1999-01-29,5.898128914664602,5.93956756591797,5.898128914664602,5.939567565917969,1791840.0
1999-02-01,5.953380041707502,6.036257333170428,5.939566774441327,5.994818687438965,1024379.0
1999-02-02,5.981004148486062,6.022442781401972,5.939564937536802,5.953378200531006,1190355.0
1999-02-03,5.953381463891754,5.953381463891754,5.89812953769516,5.925755500793457,1004962.0
1999-02-04,5.925755197133347,5.925755197133347,5.815251350402832,5.815251350402832,1630361.0
1999-02-05,5.856690093931408,5.856690093931408,5.732372987701557,5.746186256408691,1865339.0
1999-02-08,5.746187217747921,5.759999910732334,5.594244704750943,5.608057975769043,1739623.0
1999-02-09,5.621866271209713,5.649492213602625,5.56661438642389,5.580427646636963,3364389.0
1999-02-10,5.608057975769043,5.690935289742895,5.594244704750943,5.608057975769043,1207907.0
1999-02-11,5.635680991150572,5.718558848296452,5.635680991150572,5.677120208740234,1569807.0
1999-02-12,5.663307519564517,5.787624606944721,5.635681564372639,5.773811340332031,689465.0
1999-02-15,5.801437313588912,5.842875957489014,5.787624624966713,5.842875957489014,332940.0
1999-02-16,5.884315179422619,5.898127868044818,5.829063268866815,5.842875957489014,1188270.0
1999-02-17,5.842875939294976,5.842875939294976,5.773811340332031,5.773811340332031,677178.0
1999-02-18,5.787623350242628,5.856687934209156,5.787623350242628,5.829061985015869,505388.0
1999-02-19,5.856688807719788,5.856688807719788,5.7738109477789,5.801436901092529,587334.0
1999-02-22,5.801436569143444,5.815249255993187,5.746184665677612,5.787623882293701,782929.0
1999-02-23,5.773812615289142,5.78762588495204,5.635682808828313,5.649496078491211,1126619.0
1999-02-24,5.71856046340858,5.773812383777484,5.635682582855225,5.635682582855225,802785.0
1999-02-25,5.6633069435325325,5.677120208740234,5.580429664420097,5.677120208740234,1361267.0
1999-02-26,5.7047475283264175,5.759998868298472,5.621869651317962,5.718560218811035,436496.0
1999-03-01,5.718558848296452,5.718558848296452,5.621868303976314,5.677120208740234,912156.0
1999-03-02,5.677120496222424,5.6909331840961395,5.525178039444194,5.552803993225098,1366752.0
1999-03-03,5.552807109107538,5.621871743297742,5.538993835449219,5.538993835449219,906561.0
1999-03-04,5.566616262199168,5.621868165603151,5.497551671960903,5.511364936828613,1108189.0
1999-03-05,5.580429322711478,5.594242009039938,5.53899010765928,5.566616058349609,1283271.0
1999-03-08,5.594243526458739,5.621869484642512,5.552804878199863,5.59424352645874,679592.0
1999-03-09,5.594244008064493,5.690934581014958,5.580431316800261,5.663308620452881,686832.0
1999-03-10,5.663306596749056,5.718558498129714,5.511364735002359,5.566616058349609,1550280.0
1999-03-11,5.566616399543315,5.566616399543315,5.387047998066624,5.4008612632751465,3495920.0
1999-03-12,5.469923877065317,5.608053589029875,5.4284852524925675,5.580427646636963,1566845.0
1999-03-15,5.649495919436874,5.649495919436874,5.511366694898527,5.525179386138916,1070343.0
1999-03-16,5.552803253902996,5.566615939937636,5.456112717560331,5.469925403594971,811780.0
1999-03-17,5.469927051401782,5.497553009826732,5.414675712585449,5.414675712585449,1218328.0
1999-03-18,5.428488905479432,5.428488905479432,5.373236983512996,5.387049674987793,1126838.0
1999-03-19,5.414676214004635,5.428488905479432,5.373236983512996,5.387049674987793,1336585.0
1999-03-22,5.400861906241235,5.400861906241235,5.345609994896358,5.35942268371582,875845.0
1999-03-23,5.359423309022357,5.373236577486985,5.3317979281602605,5.345610618591309,1844167.0
1999-03-24,5.359422456173027,5.469926274171166,5.33179707970698,5.442300319671631,4234420.0
1999-03-25,5.469925855217429,5.497551807601032,5.387047998066624,5.4008612632751465,1777579.0
1999-03-26,5.414675712585449,5.44230109297683,5.387049176126928,5.414675712585449,1386827.0
1999-03-29,5.465122995890043,5.479136458062001,5.395057444263068,5.423083782196045,777444.0
1999-03-30,5.437095993586112,5.437095993586112,5.353017576471847,5.381043910980225,1213392.0
1999-03-31,5.451109874728044,5.451109874728044,5.367030864714224,5.395057201385498,1892874.0
1999-04-01,5.395057671667323,5.409071134429955,5.339004993438721,5.339004993438721,976659.0
1999-04-02,,,,,
1999-04-05,5.3810447953156535,5.3810447953156535,5.339004993438721,5.339004993438721,419054.0
1999-04-06,5.353018760681152,5.367031637829875,5.31097954282399,5.353018760681152,1429062.0
1999-04-07,5.353015163887514,5.353015163887514,5.296962520133482,5.324988842010498,813316.0
1999-04-08,5.324990019787282,5.324990019787282,5.26893736363557,5.296963691711426,1000903.0
1999-04-09,5.296963237498393,5.296963237498393,5.226897716522217,5.226897716522217,1898797.0
1999-04-12,5.240910530090332,5.296963180835942,5.226897660609267,5.240910530090332,670706.0
1999-04-13,5.268938896349045,5.282952357668799,5.184860474074128,5.212886810302734,1399772.0
1999-04-14,5.226900341769523,5.296965897936616,5.212887465100494,5.254926681518555,1634969.0
1999-04-15,5.28295036786743,5.28295036786743,5.226897716522217,5.226897716522217,1436960.0
1999-04-16,5.296963747789042,5.465121131613687,5.282950876808129,5.409069061279297,4285760.0
1999-04-19,5.4931467732725965,5.507159641005805,5.31097597427729,5.324988842010498,3030901.0
1999-04-20,5.381043172359058,5.49314849500459,5.33900338316159,5.479135036468506,2339462.0
1999-04-21,5.549203796840734,5.661309184676805,5.50716456960777,5.619269371032715,1437180.0
1999-04-22,5.661303520202636,5.675316386455868,5.591238016115399,5.661303520202637,1083836.0
1999-04-23,5.703346666860245,5.759399343627877,5.675320328476429,5.71735954284668,994869.0
1999-04-26,5.745384731610031,5.857490062713623,5.717358398834133,5.857490062713623,1471735.0
1999-04-27,5.885515636936921,5.885515636936921,5.731371119741758,5.773410320281982,1473052.0
1999-04-28,5.773411317409244,5.773411317409244,5.703345775604248,5.703345775604248,1207797.0
1999-04-29,5.745385708817877,5.7593991707947305,5.7173593712751005,5.731372833251953,1453086.0
1999-04-30,5.773410384545594,5.787423842488821,5.633279323577881,5.633279323577881,1766499.0
1999-05-03,5.661309184676805,5.675322064950751,5.605256490758769,5.619269371032715,818033.0
1999-05-04,5.633279100490226,5.647291971467759,5.535187244415283,5.535187244415283,2068174.0
1999-05-05,5.563213572781086,5.577226443758619,5.50716091604948,5.535187244415283,1219754.0
1999-05-06,5.535187021153312,5.577226218800995,5.493147823505628,5.563213348388672,861913.0
1999-05-07,5.577226386059254,5.577226386059254,5.535187187150836,5.549200057983398,652276.0
1999-05-10,5.563214824015829,5.563214824015829,5.479135820008028,5.493149280548096,861145.0
1999-05-11,5.49314849500459,5.507161367129888,5.451108705807123,5.479135036468506,833172.0
1999-05-12,5.479135036468506,5.49314849500459,5.395056044484356,5.479135036468506,1350517.0
1999-05-13,5.507162548070591,5.507162548070591,5.367030864714224,5.395057201385498,1023720.0
1999-05-14,5.381045162721167,5.409071503749043,5.282953262329102,5.282953262329102,2448723.0
1999-05-17,5.310979603356977,5.310979603356977,5.212887702964912,5.282953262329102,1826395.0
1999-05-18,5.296965316241497,5.40907066292659,5.282952441111316,5.395057201385498,1023940.0
1999-05-19,5.395055603887647,5.409069061279297,5.35301640453417,5.409069061279297,653373.0
1999-05-20,5.423083488321637,5.493149622562698,5.409070613319967,5.465122699737549,1025805.0
1999-05-21,5.465122749858225,5.465122749858225,5.367030864714224,5.395057201385498,575486.0
1999-05-24,,,,,
1999-05-25,5.3670280316207215,5.381041485764531,5.282949652400274,5.324988842010498,768449.0
1999-05-26,5.35301640453417,5.42308193226021,5.254924548435565,5.409069061279297,1737758.0
1999-05-27,5.395057201385498,5.423083538056771,5.3530179895840435,5.395057201385498,1486984.0
1999-05-28,5.423085528730717,5.619269371032715,5.409072648456772,5.619269371032715,866520.0
1999-05-31,5.605254775722362,5.731373005244061,5.591241899735928,5.71735954284668,1038859.0
1999-06-01,5.731372109608418,5.731372109608418,5.675319441600078,5.703345775604248,1190026.0
1999-06-02,5.689333915710449,5.745386007297042,5.675320453005582,5.689333915710449,949234.0
1999-06-03,5.703346792004358,5.703346792004358,5.619267775008029,5.689333915710449,1436631.0
1999-06-04,5.703346666860245,5.71735954284668,5.675320328476429,5.71735954284668,990481.0
1999-06-07,5.7173593712751005,5.773412046360654,5.689333620143253,5.731372833251953,826590.0
1999-06-08,5.7313728768115215,5.745385752483946,5.605254650115968,5.605254650115967,837669.0
1999-06-09,5.6472921951103485,5.675318524586043,5.619265865634653,5.633279323577881,892080.0
1999-06-10,5.619265865634653,5.661305653053575,5.6052529941021865,5.633279323577881,607848.0
1999-06-11,5.647296514401345,5.661309983062665,5.57723093032837,5.577230930328369,1063761.0
1999-06-14,5.59124012256972,5.6472921951103485,5.563213793094024,5.633279323577881,679921.0
1999-06-15,5.647293759684312,5.759399108645703,5.605254547029252,5.745385646820068,1993688.0
1999-06-16,5.773411984060416,5.801438321300764,5.71735930957972,5.745385646820068,763731.0
1999-06-17,5.731374758868786,5.745387639142732,5.619269371032715,5.619269371032715,2112383.0
1999-06-18,5.6753200969246596,5.7453856468200675,5.647293759684312,5.745385646820068,2792852.0
1999-06-21,5.731372109608418,5.773411317409244,5.703345775604248,5.703345775604248,864985.0
1999-06-22,5.689332447342875,5.815450060671061,5.67531898825476,5.759397983551025,789950.0
1999-06-23,5.745384524462911,5.787424315316447,5.67531898825476,5.759397983551025,797958.0
1999-06-24,5.759398645492451,5.829464189753401,5.759398645492451,5.801437854766846,605215.0
1999-06-25,5.787423778069226,5.815449520822208,5.745383991118248,5.773410320281982,905244.0
1999-06-28,5.8387645533972,5.852970528485777,5.753526919390459,5.796145439147949,815400.0
1999-06-29,5.810347851635776,5.867172900317349,5.796141292219716,5.8387603759765625,2126973.0
1999-06-30,5.8529651490213395,5.895583629608154,5.781934149879576,5.895583629608154,732248.0
1999-07-01,,,,,
1999-07-02,5.909791469573975,5.938203994299335,5.895584909965624,5.909791469573975,522282.0
1999-07-05,5.923997434690984,5.9524105539076855,5.881378944848615,5.909791469573975,464689.0
1999-07-06,5.9097916862904745,5.9097916862904745,5.852966634755938,5.867173194885254,885279.0
1999-07-07,5.8955851261611585,5.8955851261611585,5.852966634755938,5.867173194885254,1095025.0
1999-07-08,5.867172571050111,5.867172571050111,5.824553489685059,5.824553489685059,876393.0
1999-07-09,5.852963754693144,5.881376266479492,5.810345284259157,5.881376266479492,699118.0
1999-07-12,5.881379160523206,5.8955851261611585,5.82455410898867,5.867173194885254,1436192.0
1999-07-13,5.867171158366738,5.895583079780751,5.8103461265563965,5.8103461265563965,1069356.0
1999-07-14,5.824553816560503,5.852966340901289,5.796141292219716,5.8387603759765625,1644842.0
1999-07-15,5.838760048303843,5.867172571050111,5.796140966938791,5.824553489685059,652057.0
1999-07-16,5.824554370118962,5.824554370118962,5.753523349761963,5.753523349761963,528754.0
1999-07-19,5.767729910528197,5.796141843077884,5.739317383487119,5.753523349761963,753091.0
1999-07-20,5.739316377783239,5.753522341568763,5.654078811596236,5.668285369873047,498367.0
1999-07-21,5.668286988488703,5.69669892417296,5.597255365803688,5.639874458312988,743218.0
1999-07-22,5.625666234846903,5.65407875663304,5.5262227058410645,5.5262227058410645,671583.0
1999-07-23,5.5404276847839355,5.554634240397703,5.497809206924987,5.5404276847839355,1684553.0
1999-07-26,5.540429698981591,5.597254753112793,5.497811205628885,5.597254753112793,1290511.0
1999-07-27,5.654077803186292,5.838758866407786,5.654077803186292,5.6966962814331055,1700460.0
1999-07-28,5.7109083996329675,5.824557983816863,5.696701830052631,5.796145439147949,1377942.0
1999-07-29,5.7677257970944416,5.810344260015675,5.682488276761007,5.710900783538818,661930.0
1999-07-30,5.739317383487119,5.781935876803041,5.725110822720885,5.753523349761963,821105.0
1999-08-02,,,,,
1999-08-03,5.7961415832214005,5.8955851261611585,5.7961415832214005,5.867173194885254,771081.0
1999-08-04,5.881378865242075,5.881378865242075,5.810347851635776,5.8387603759765625,816058.0
1999-08-05,5.838760930885196,5.838760930885196,5.725110822720885,5.753523349761963,580313.0
1999-08-06,5.753521315422978,5.767727871166036,5.682490320181228,5.6966962814331055,631324.0
1999-08-09,5.710902386732678,5.72510834686407,5.668283911847367,5.68248987197876,798287.0
1999-08-10,5.710902837176164,5.7393153541711,5.682490320181228,5.6966962814331055,1424893.0
1999-08-11,5.710903940983929,5.767728985956988,5.6966973824950164,5.739316463470459,301565.0
1999-08-12,5.767727416240515,5.767727416240515,5.682489871978759,5.68248987197876,728298.0
1999-08-13,5.710902386732678,5.72510834686407,5.682489871978759,5.68248987197876,765925.0
1999-08-16,5.71090326081119,5.7819342613220215,5.6824907417086115,5.7819342613220215,836243.0
1999-08-17,5.767728985956988,5.838759994927664,5.739316463470459,5.739316463470459,735209.0
1999-08-18,5.753519246460052,5.824550216159097,5.710900783538818,5.710900783538818,544112.0
1999-08-19,5.710904313688691,5.867172900317349,5.710904313688691,5.8387603759765625,1209662.0
1999-08-20,5.824553538788063,5.9950286767028365,5.824553538788063,5.966616153717041,1395823.0
1999-08-23,6.0092339515686035,6.0518530284036745,5.980821431842302,6.0092339515686035,869043.0
1999-08-24,5.995027362138943,6.222326901692734,5.995027362138943,6.208120346069336,1139564.0
1999-08-25,6.236533380782244,6.421214457786345,6.208120861666903,6.364389419555664,3416497.0
1999-08-26,6.563275086436485,6.577481640269059,6.122882618466491,6.179707050323486,2984279.0
1999-08-27,6.108679143048683,6.179710164533707,6.051854682555503,6.122885704040527,945943.0
1999-08-30,6.122886043360663,6.151298572427527,6.037648456160069,6.080266952514648,731041.0
1999-08-31,6.080266103778507,6.094472663574582,5.980822563171387,5.980822563171387,1102814.0
1999-09-01,6.0092339515686035,6.080264953638737,5.995027988951072,6.0092339515686035,1141538.0
1999-09-02,5.980821488507839,6.009234008503336,5.867172003017096,5.923996448516846,676849.0
1999-09-03,5.980823398026339,6.080266952514649,5.980823398026339,6.080266952514648,500013.0
1999-09-06,,,,,
1999-09-07,6.037645867822405,6.208120374649771,6.037645867822405,6.193914413452148,771959.0
1999-09-08,6.1512951316405395,6.208119563497535,6.080263551459868,6.179707050323486,876064.0
1999-09-09,6.165501973641644,6.193914490883257,6.080264421916804,6.094470977783203,1199131.0
1999-09-10,6.108679143048683,6.137091670540972,6.080266615556393,6.122885704040527,1015383.0
1999-09-13,6.108677473365039,6.108677473365039,5.995027988951072,6.0092339515686035,766693.0
1999-09-14,6.0234428342449355,6.05185536494092,5.909792711460998,5.938205242156982,555082.0
1999-09-15,5.9524105539076855,6.009235008867063,5.895584909965624,5.909791469573975,679701.0
1999-09-16,5.938204072765864,6.009235088272185,5.8955849878689905,5.980822563171387,855112.0
1999-09-17,5.9950286767028365,6.023441199688632,5.952410189469796,5.966616153717041,2087043.0
1999-09-20,6.009235008867063,6.009235008867063,5.895584909965624,5.909791469573975,1499051.0
1999-09-21,5.8955844993050786,5.909791057923863,5.824553489685059,5.824553489685059,785013.0
1999-09-22,5.824553816560503,5.8387603759765625,5.696697754272631,5.8387603759765625,714366.0
1999-09-23,5.852964366011137,5.852964366011137,5.654077357224841,5.68248987197876,522062.0
1999-09-24,5.682489871978759,5.710902386732678,5.639871397093448,5.68248987197876,937825.0
1999-09-27,5.682489871978759,5.72510834686407,5.654077357224841,5.68248987197876,2112164.0
1999-09-28,5.748767002378501,5.748767002378501,5.647911514977572,5.662319183349609,966676.0
1999-09-29,5.676728007565689,5.7055439531092285,5.561464828323876,5.633504390716553,2088249.0
1999-09-30,5.633506450545223,5.647914730051392,5.503834949652533,5.547058582305908,1162710.0
1999-10-01,5.532648761992069,5.532648761992069,5.446200927248771,5.503832817077637,1263305.0
1999-10-04,5.532651328580635,5.5470590062553855,5.475019412016412,5.489427089691162,761318.0
1999-10-05,5.4894224536514935,5.575870255489158,5.4894224536514935,5.532646656036377,2020784.0
1999-10-06,5.5470543215432695,5.575870255489158,5.5038307220904885,5.532646656036377,1480840.0
1999-10-07,5.547057463603478,5.633505314408429,5.532649789935541,5.561465740203857,2632581.0
1999-10-08,5.561466861812076,5.5902822149592835,5.532650905732305,5.547058582305908,732577.0
1999-10-11,,,,,
1999-10-12,5.547056432983119,5.561464706906501,5.503832817077637,5.503832817077637,670377.0
1999-10-13,5.503835370298524,5.532651328580635,5.475019412016412,5.489427089691162,1359183.0
1999-10-14,5.503832780916355,5.532648725641461,5.475016836191249,5.518240451812744,919505.0
1999-10-15,5.475016872163204,5.518240488068687,5.475016872163204,5.503832817077637,519978.0
1999-10-18,5.503835370298524,5.518243047973274,5.460611734341661,5.489427089691162,1428843.0
1999-10-19,5.5038310993426665,5.518238765837112,5.475015163421631,5.475015163421631,1377503.0
1999-10-20,5.503835370298524,5.518243047973274,5.475019412016412,5.489427089691162,2694342.0
1999-10-21,5.489423021034602,5.489423021034602,5.402975813193914,5.446199417114258,1219096.0
1999-10-22,5.431795597076416,5.446203274276419,5.374163682411222,5.431795597076416,985874.0
1999-10-25,5.417384659879568,5.446200603078811,5.402976989746094,5.402976989746094,558263.0
1999-10-26,5.388569070374647,5.388569070374647,5.258897618932838,5.273305892944336,1687405.0
1999-10-27,5.287711639225473,5.302119907992168,5.1292243003845215,5.1292243003845215,1442994.0
1999-10-28,5.143633755511488,5.215673307164275,5.071594203858702,5.086001873016357,1802261.0
1999-10-29,5.143634518520181,5.172450464042315,5.042778709192713,5.114818572998047,1952550.0
1999-11-01,5.129224969273392,5.21567278435065,5.086001363200861,5.100409030914307,2476916.0
1999-11-02,5.086002901987689,5.143634796142578,5.071595229915154,5.143634796142578,1630032.0
1999-11-03,5.1436340108813,5.1580416807542635,4.985146627617276,5.013962268829346,1400540.0
1999-11-04,5.0139608120077845,5.028368779160612,4.841065809105966,4.898697376251221,2513556.0
1999-11-05,4.927513310556876,4.970737212015357,4.869881743411621,4.898697376251221,1532838.0
1999-11-08,4.913106441497803,4.941922382243905,4.898698471124751,4.913106441497803,792144.0
1999-11-09,4.927513310556876,4.941921277709702,4.884289710564448,4.898697376251221,1462740.0
1999-11-10,4.927514912496166,4.927514912496166,4.668172022364789,4.68257999420166,1887937.0
1999-11-11,4.725804248754977,4.941923238880734,4.69698860448007,4.884291648864746,3091895.0
1999-11-12,4.913105343404048,4.95632924486253,4.869881743411621,4.898697376251221,1234783.0
1999-11-15,4.927513310556876,4.941921277709702,4.869881743411621,4.898697376251221,1804455.0
1999-11-16,4.91310749494052,4.91310749494052,4.812251982170374,4.855475902557373,1060580.0
1999-11-17,4.855475902557373,4.8842918494820395,4.797844310174227,4.855475902557373,1004304.0
1999-11-18,4.8842918494820395,4.8842918494820395,4.826659955632707,4.855475902557373,670596.0
1999-11-19,4.855475902557373,4.8842918494820395,4.84106792909504,4.855475902557373,1482376.0
1999-11-22,4.869883009292404,4.88429098019045,4.7978434562683105,4.7978434562683105,1557301.0
1999-11-23,4.8122492507111945,4.8122492507111945,4.668169899334283,4.754617691040039,1806211.0
1999-11-24,4.769025656324332,4.769025656324332,4.7258017604714535,4.754617691040039,1567284.0
1999-11-25,4.754620414026508,4.769028387562294,4.725804466954937,4.740212440490723,1161394.0
1999-11-26,4.754617507888836,4.7978414020767,4.71139331223497,4.783433437347412,1069685.0
1999-11-29,4.797841586892917,4.797841586892917,4.696986131368884,4.754617691040039,645804.0
1999-11-30,4.754619853386017,4.754619853386017,4.68257999420166,4.68257999420166,708223.0
1999-12-01,4.725801876875408,4.725801876875408,4.610538151761939,4.624946117401123,1054766.0
1999-12-02,4.6393558907357155,4.653763861988874,4.5817243071892255,4.596132278442383,1121134.0
1999-12-03,4.596131650049639,4.6105393178668095,4.466460227966309,4.466460227966309,2696097.0
1999-12-06,4.48086887286309,4.48086887286309,4.380013374139576,4.437644958496094,1595916.0
1999-12-07,4.437646048747225,4.480869973733576,4.437646048747225,4.452054023742676,1761343.0
1999-12-08,4.250340946260772,4.250340946260772,3.7172475956192126,3.746063232421875,13935849.0
1999-12-09,3.6740245214701344,3.6740245214701344,3.313826115817379,3.5443527698516846,9995645.0
1999-12-10,3.5299449542531254,3.5443526245985617,3.4579050951951817,3.4867210388183594,6079903.0
1999-12-13,3.4723141270419413,3.486722103252027,3.4002745474577596,3.4290904998779297,5132863.0
1999-12-14,3.4290894641854135,3.4290894641854135,3.3282339626425843,3.371457576751709,4601147.0
1999-12-15,3.371457813013259,3.6308010231727605,3.371457813013259,3.5875771045684814,4374836.0
1999-12-16,3.6163938045501713,3.8181048638405657,3.601985828677109,3.616393804550171,4062520.0
1999-12-17,3.6163921056335484,3.6452077423763622,3.52994429100682,3.558759927749634,4751546.0
1999-12-20,3.6019837306646836,3.6019837306646836,3.4867199908167366,3.5011279582977295,2016944.0
1999-12-21,3.515536321902365,3.587576167424639,3.486720383693456,3.558759927749634,3408489.0
1999-12-22,3.5731688302342137,3.6019850774365745,3.5443528844980277,3.5875771045684814,5939707.0
1999-12-23,3.5875764438920346,3.6884319339292917,3.5731681722111475,3.659615993499756,3593882.0
1999-12-24,3.74211888761848,3.771584458633961,3.6684552683421914,3.7568516731262207,1301152.0
1999-12-27,,,,,
1999-12-28,,,,,
1999-12-29,3.8157843780409797,3.8747152359466575,3.7715860034148165,3.845249652862549,1065187.0
1999-12-30,3.859981160816475,3.859981160816475,3.7715847492218018,3.7715847492218018,1034361.0
1999-12-31,3.7863183747580087,3.8010511646650444,3.6831891536712646,3.6831891536712646,719961.0
2000-01-03,,,,,
2000-01-04,3.6831880658211227,3.7568516853368346,3.638989400891833,3.712653636932373,1457474.0
2000-01-05,3.72738750359878,3.830516732666872,3.683189438719614,3.6979222297668457,2395519.0
2000-01-06,3.727387215129866,3.742120005036902,3.6537232655946883,3.6831891536712646,2040310.0
2000-01-07,3.697922629769673,3.7126554224105446,3.5358619107200817,3.5947930812835693,3061508.0
2000-01-10,3.6095233689936985,3.624255843147991,3.550592239327133,3.5653250217437744,1701666.0
2000-01-11,3.550592846581884,3.565325631518261,3.4769292301624035,3.535860061645508,3819754.0
2000-01-12,3.550593634742206,3.550593634742206,3.4769300019708815,3.5063955783843994,2858343.0
2000-01-13,3.5063965895914375,3.521129073784417,3.403267350665233,3.447465419769287,1878942.0
2000-01-14,3.462197566862124,3.491663146280738,3.403266716287397,3.417999505996704,2503244.0
2000-01-17,3.4327326273137495,3.550594658695492,3.4327326273137495,3.447465419769287,1348871.0
2000-01-18,3.462198034366337,3.535861684597251,3.462198034366337,3.5211288928985596,1229408.0
2000-01-19,3.5211289660727996,3.53586175807766,3.359068870544434,3.3590688705444336,2815560.0
2000-01-20,3.373802111209601,3.373802111209601,3.182276097939149,3.2117416858673096,4463254.0
2000-01-21,3.2117409258342304,3.241206198527077,3.1233441829681396,3.1233441829681396,2531218.0
2000-01-24,3.1675430143239627,3.1822758069408255,2.9465517415961484,3.0054829120635986,2375334.0
2000-01-25,3.1233434653920784,3.28540412341377,3.1086109865616436,3.2412054538726807,2969140.0
2000-01-26,3.300136910506651,3.300136910506651,3.1970074008564837,3.2412054538726807,3088055.0
2000-01-27,3.314871316174928,3.4032677736317245,3.2412070364795036,3.3738021850585938,4164651.0
2000-01-28,3.41799921837066,3.535860909602004,3.373800852962049,3.403266429901123,2575098.0
2000-01-31,3.447465419769287,3.550594658695492,3.3885345582096953,3.447465419769287,3490435.0
2000-02-01,3.5063959359900454,3.5063959359900454,3.373801136868783,3.417999505996704,1874334.0
2000-02-02,3.4179995030289945,3.476930353552554,3.2706716060638428,3.2706716060638428,2266512.0
2000-02-03,3.344335750154788,3.373801331271244,3.2412062162471917,3.25593900680542,1750812.0
2000-02-04,3.270672996565079,3.28540610078776,3.167543733107368,3.197009325027466,1282174.0
2000-02-07,3.24120696553288,3.25593975949696,3.1675433039750693,3.2117416858673096,2172060.0
2000-02-08,3.2264742851257324,3.2412070796083388,3.197009004423121,3.2264742851257324,1906038.0
2000-02-09,3.226474553516733,3.226474553516733,3.0349488258361816,3.0349488258361816,4243086.0
2000-02-10,3.049678802490234,3.1086099308481874,3.020213546573599,3.0496788024902344,1854698.0
2000-02-11,3.064414417252459,3.1380780875305265,3.0054835426825304,3.0349488258361816,3468933.0
2000-02-14,3.093878184493102,3.10861097151467,3.005481770626137,3.020214557647705,2107886.0
2000-02-15,3.034947610850478,3.0496804006606144,2.9760167598724365,2.9760167598724365,1501135.0
2000-02-16,2.9907507469743915,3.079147212960598,2.976017951266253,3.0349488258361816,2435559.0
2000-02-17,3.064412400771757,3.064412400771757,2.9465504209262,2.9612832069396973,2232285.0
2000-02-18,2.976015992953195,2.976015992953195,2.887619585134633,2.9612832069396973,3220792.0
2000-02-21,2.9760170447476053,3.0054826271884303,2.9612842535271926,2.9907498359680176,1039737.0
2000-02-22,2.990750376039218,2.990750376039218,2.9170867148974673,2.931819200515747,3102755.0
2000-02-23,2.9465504209262,2.9612832069396973,2.931817634912702,2.9612832069396973,4005257.0
2000-02-24,2.9612847882774824,2.97601758215835,2.9170867148974673,2.931819200515747,3470579.0
2000-02-25,2.9465511802521642,3.005482339492709,2.917085908894395,2.9760167598724365,3742635.0
2000-02-28,3.0054827282182215,3.0054827282182215,2.917086286186818,2.946551561355591,2035154.0
2000-02-29,2.961284188853598,2.9760169797522504,2.917086124420166,2.917086124420166,2617552.0
2000-03-01,2.931818769639933,2.946551561355591,2.9023534944711606,2.946551561355591,2945226.0
2000-03-02,2.946549636126157,3.2117390972122646,2.931816854036669,3.0496788024902344,5698696.0
2000-03-03,3.0938792309820458,3.4327325223061864,3.0791464389771854,3.3590688705444336,5587899.0
2000-03-06,3.521128121132467,3.521128121132467,3.3885336414315863,3.403266429901123,4060875.0
2000-03-07,3.46219864251539,3.4769314368019555,3.3296038021988967,3.3738021850585938,1339766.0
2000-03-08,3.388533923635964,3.4179995030289945,3.2706716060638428,3.2706716060638428,1218657.0
2000-03-09,3.329603729317361,3.3443365232814406,3.0938796424172583,3.2117416858673096,1422041.0
2000-03-10,3.2412054538726807,3.2412054538726807,3.1970074008564837,3.2412054538726807,925539.0
2000-03-13,3.2412053349095675,3.359067627326674,3.226472548357429,3.344334840774536,1233357.0
2000-03-14,3.314870286294056,3.462197566862124,3.3001374965847488,3.417999505996704,2030547.0
2000-03-15,3.432731251824931,3.4474640383770696,3.3148695759326943,3.344334840774536,1072756.0
2000-03-16,3.38853392657809,3.4474647771528173,3.314870286294056,3.417999505996704,1327589.0
2000-03-17,3.447464487047258,3.5947920634801513,3.3885336414315863,3.403266429901123,3113505.0
2000-03-20,3.417999148512016,3.5211280491660273,3.3885335721751733,3.4327316284179688,960094.0
2000-03-21,3.4474662186399825,3.4916646062485515,3.4032681392940436,3.4769318103790283,1535690.0
2000-03-22,3.4769303565714313,3.5063959359900454,3.417999505996704,3.417999505996704,922467.0
2000-03-23,3.447464487047258,3.462197275516795,3.3590680644925124,3.403266429901123,1108519.0
2000-03-24,3.4180000385638754,3.4327325223061864,3.329603286534713,3.3590688705444336,842825.0
2000-03-27,3.3590683708263605,3.3590683708263605,3.2854047300233167,3.300137519836426,1381342.0
2000-03-28,3.300137330128651,3.314870119094849,3.226473077035177,3.3148701190948486,2406379.0
2000-03-29,3.3598685928165883,3.3598685928165883,3.2698719108963368,3.299870491027832,1098207.0
2000-03-30,3.2998710122683286,3.359869123534257,3.209874629974365,3.2098746299743652,1206590.0
2000-03-31,3.2098730131968103,3.2998693501606136,3.1648750016358154,3.194873571395874,1187064.0
2000-04-03,3.2098741229495027,3.299870491027832,3.194874675962794,3.299870491027832,1022953.0
2000-04-04,3.299870491027832,3.3148699380145406,3.164876095831299,3.299870491027832,2788355.0
2000-04-05,3.2998698301061693,3.3148692740886814,3.2248729240354685,3.2848703861236572,1618185.0
2000-04-06,3.284869507999238,3.2998689479720396,3.2248720619498057,3.2398715019226074,1274056.0
2000-04-07,3.2398718967986824,3.269870780400555,3.194873571395874,3.194873571395874,1413923.0
2000-04-10,3.224874314061973,3.299871252458812,3.2098748636142065,3.2698726654052734,1203299.0
2000-04-11,3.2848715629123393,3.2848715629123393,3.1798757312623867,3.2098746299743652,864875.0
2000-04-12,3.2098737479606796,3.2848706602908955,3.1948743027262596,3.2548720836639404,1713843.0
2000-04-13,3.2698722530507416,3.374868392944336,3.2698722530507416,3.374868392944336,2478342.0
2000-04-14,3.389867172948083,3.4498649608949177,3.2548724639096283,3.299870491027832,2534509.0
2000-04-17,3.2548732149575064,3.3298701533543453,3.2398737645097397,3.2698726654052734,1925125.0
2000-04-18,3.299871252458812,3.299871252458812,3.224874314061973,3.2698726654052734,1854479.0
2000-04-19,3.2848703861236572,3.3598679198780768,3.2248729240354685,3.2848703861236572,1548635.0
2000-04-20,3.284871044041123,3.329869385001249,3.284871044041123,3.299870491027832,709211.0
2000-04-21,,,,,
2000-04-24,3.2848706602908955,3.2998701055253155,3.23987263842952,3.2548720836639404,602034.0
2000-04-25,3.2848715020939525,3.2998709511722315,3.2248740196228027,3.2248740196228027,1018016.0
2000-04-26,3.2698723668576397,3.2698723668576397,3.2098745705445233,3.2248740196228027,820995.0
2000-04-27,3.2098730131968103,3.2098730131968103,3.1648750016358154,3.194873571395874,2165478.0
2000-04-28,3.239874187222979,3.239874187222979,3.119878881826798,3.1498777866363525,3096283.0
2000-05-01,3.1798759575793363,3.194875408002861,3.104879019303708,3.134877920150757,3448529.0
2000-05-02,3.149877786636352,3.179876377603871,3.119878881826798,3.1498777866363525,2859440.0
2000-05-03,3.149877786636352,3.209875282413425,3.1348783342315754,3.1498777866363525,1896384.0
2000-05-04,3.149877786636352,3.1948758300086477,3.1348783342315754,3.1498777866363525,1694865.0
2000-05-05,3.11987691487207,3.1498758007685543,3.0598794569209398,3.104877471923828,2504341.0
2000-05-08,3.0748783166999347,3.0898774429616642,3.029879996389412,3.04487943649292,1667221.0
2000-05-09,3.0598801997118876,3.119877672227503,3.0598801997118876,3.0748796463012695,2276933.0
2000-05-10,3.089879035949707,3.1198779316226615,3.044881006282215,3.089879035949707,1376077.0
2000-05-11,3.089879035949707,3.1048784837861843,3.0748799019551694,3.089879035949707,1683237.0
2000-05-12,3.1048787672658644,3.1048787672658644,3.0598807334899902,3.0598807334899902,1234674.0
2000-05-15,3.0748787151025003,3.1948736237943756,3.0598792730555613,3.1798741817474365,1788549.0
2000-05-16,3.1948751214662443,3.2548729177793607,3.1798756723879653,3.2248740196228027,1235880.0
2000-05-17,3.2098737445674477,3.524861466473521,3.194874299348884,3.4048662185668945,4090055.0
2000-05-18,3.404865639972898,3.43486452531227,3.3148689839547827,3.3448681831359863,1404928.0
2000-05-19,3.34486914582988,3.3598685928165883,3.2398730169229197,3.299870491027832,1427526.0
2000-05-22,,,,,
2000-05-23,3.3148702848774696,3.374868392944336,3.2698722530507416,3.374868392944336,1649669.0
2000-05-24,3.3748667287869694,3.4648630619049072,3.3448678464670567,3.4648630619049072,1758930.0
2000-05-25,3.4648639994411505,3.4648639994411505,3.3748676419716515,3.4048662185668945,1007595.0
2000-05-26,3.419865999593598,3.554860705974373,3.4048665529021878,3.5248618125915527,1540737.0
2000-05-29,3.509862001592054,3.524861446726588,3.4498645348958004,3.4948625564575195,493540.0
2000-05-30,3.509862001592054,3.509862001592054,3.4648639800303345,3.4948625564575195,1372128.0
2000-05-31,3.50986123085022,3.5698589982132525,3.494861789009462,3.5098612308502197,1994236.0
2000-06-01,3.5248631797802044,3.659857938521395,3.494864274761709,3.6148595809936523,2873701.0
2000-06-02,3.5998605481687957,3.6148600024267328,3.5098641364632504,3.5548624992370605,2291414.0
2000-06-05,3.5698604583740234,3.584859592507982,3.5248621144463193,3.5698604583740234,829661.0
2000-06-06,3.5698589982132525,3.584858126212196,3.50986123085022,3.5098612308502197,1030961.0
2000-06-07,3.50986123085022,3.5548595563724943,3.494861789009462,3.5098612308502197,839205.0
2000-06-08,3.539860486984253,3.539860486984253,3.4948621567274016,3.539860486984253,736636.0
2000-06-09,3.539861259282963,3.584859285515277,3.5248618125915527,3.5248618125915527,850175.0
2000-06-12,3.5548595563724943,3.5548595563724943,3.494861789009462,3.5098612308502197,623096.0
2000-06-13,3.5098628022664764,3.5098628022664764,3.374868392944336,3.374868392944336,1683017.0
2000-06-14,3.3898658561051254,3.49486163038302,3.3898658561051254,3.4648630619049072,896907.0
2000-06-15,3.5098626385607106,3.5098626385607106,3.4198662652628777,3.434865713119507,728518.0
2000-06-16,3.4348650700818673,3.5248614265315728,3.4348650700818673,3.479863405227661,805637.0
2000-06-19,3.5098623659001427,3.5248618125915527,3.419865999593598,3.5248618125915527,850833.0
2000-06-20,3.5248618125915527,3.539861259282963,3.5098623659001427,3.5248618125915527,611248.0
2000-06-21,3.524861446726588,3.524861446726588,3.4648639800303345,3.4948625564575195,1473052.0
2000-06-22,3.5098623659001427,3.554860705974373,3.4948629192087326,3.5248618125915527,1182127.0
2000-06-23,3.5398630449791235,3.55486249923706,3.4948646822053133,3.5548624992370605,2258394.0
2000-06-26,3.5548599304032034,3.614857390237157,3.5248610435653025,3.539860486984253,1247838.0
2000-06-27,3.55486249923706,3.5998605481687957,3.5398630449791235,3.5548624992370605,1188600.0
2000-06-28,3.5853739424776907,3.6158878339027996,3.5701169967651367,3.5701169967651367,1003097.0
2000-06-29,3.585375729397516,3.585375729397516,3.463320422095501,3.4785773754119873,793241.0
2000-06-30,3.4785763172421165,3.509090214592875,3.4480624198913574,3.4480624198913574,732577.0
2000-07-03,,,,,
2000-07-04,3.4938320497081,3.5548595039360724,3.4633181629792817,3.5090889930725098,359926.0
2000-07-05,3.493833170363052,3.5548606441657253,3.493833170363052,3.5243470668792725,1004852.0
2000-07-06,3.5243489060273774,3.6464039173259764,3.5243489060273774,3.5548624992370605,1357318.0
2000-07-07,3.5548593801035286,3.5701163229364665,3.4633180423355547,3.539602756500244,774921.0
2000-07-10,3.539605188677931,3.539605188677931,3.448063468779015,3.4785773754119873,706249.0
2000-07-11,3.46331940577297,3.5243472011301056,3.448062456933686,3.493833303451538,1143732.0
2000-07-12,3.493833170363052,3.539604015137382,3.478576222104942,3.5243470668792725,1286891.0
2000-07-13,3.5243458136673063,3.5548593801035286,3.4938319280014305,3.539602756500244,1245424.0
2000-07-14,3.5396058622471855,3.585376411676677,3.5396058622471855,3.5548624992370605,932340.0
2000-07-17,3.5548624992370605,3.5701194554568687,3.5243489060273774,3.5548624992370605,565065.0
2000-07-18,3.5396040435071954,3.55486067265782,3.432805724074206,3.4633193016052246,4098611.0
2000-07-19,3.4633181519047556,3.493832038536001,3.432804584503174,3.432804584503174,777115.0
2000-07-20,3.432805724074206,3.4785762499856188,3.4175487756938123,3.4633193016052246,1500367.0
2000-07-21,3.4785763172421165,3.4785763172421165,3.4480624198913574,3.4480624198913574,551681.0
2000-07-24,3.463319301605225,3.493833198366013,3.432805724074206,3.4633193016052246,808489.0
2000-07-25,3.4785763546122537,3.5090902522908216,3.448062456933686,3.493833303451538,3885026.0
2000-07-26,3.4938320497081,3.5090889930725098,3.4480612196148726,3.5090889930725098,1187503.0
2000-07-27,3.5396058622471855,3.5701194554568687,3.509091949807569,3.5548624992370605,967225.0
2000-07-28,3.524345936436919,3.570116447300482,3.5090889930725098,3.5090889930725098,1993030.0
2000-07-31,3.539605188677931,3.5548618227645443,3.478577375411987,3.4785773754119873,1022733.0
2000-08-01,3.5090889930725098,3.539602879801328,3.478575106343691,3.5090889930725098,1062883.0
2000-08-02,3.5090888708343684,3.5701163229364665,3.4938319280014305,3.539602756500244,1879929.0
2000-08-03,3.60062971262587,3.875254007330731,3.60062971262587,3.707427978515625,3986937.0
2000-08-04,3.7531997604092715,3.9973105760635455,3.73794313370874,3.9362831115722656,2200801.0
2000-08-07,,,,,
2000-08-08,3.9973105724420925,4.149879712376646,3.982053626525665,4.0888519287109375,2050293.0
2000-08-09,4.073594981050617,4.226164440149574,4.0583380351407214,4.165136337280273,2788355.0
2000-08-10,4.165138842471606,4.226166982047286,4.027826885153443,4.073597431182861,2436327.0
2000-08-11,4.05833750187228,4.119365277492769,4.05833750187228,4.1041083335876465,744205.0
2000-08-14,4.134622221397891,4.134622221397891,4.05833750187228,4.1041083335876465,884731.0
2000-08-15,4.119366645812988,4.165137173502167,4.088852747867015,4.119366645812988,1533606.0
2000-08-16,4.119365628646843,4.165136145034228,4.088851738235451,4.134622573852539,2055559.0
2000-08-17,4.134623125937096,4.3024492263793945,4.119366178694182,4.3024492263793945,3531682.0
2000-08-18,4.302449584382471,4.302449584382471,4.180393996283026,4.256679058074951,1410303.0
2000-08-21,4.271935406909755,4.271935406909755,4.180393721844783,4.210907936096191,1400540.0
2000-08-22,4.195651390677923,4.210908339650909,4.104109696840001,4.119366645812988,1204616.0
2000-08-23,4.104108683441147,4.149879519058235,4.088851738235451,4.134622573852539,1137041.0
2000-08-24,4.149880146052876,4.22616488360702,4.119366251031218,4.210907936096191,1713843.0
2000-08-25,4.241422176361084,4.271935754636734,4.22616522760837,4.241422176361084,1862158.0
2000-08-28,4.256677577834948,4.393989428237715,4.256677577834948,4.34821891784668,2948955.0
2000-08-29,4.348220533265572,4.424504958411033,4.317706635515475,4.378734111785889,3143234.0
2000-08-30,4.3939910606609365,4.409248009535985,4.317706635515475,4.378734111785889,1327151.0
2000-08-31,4.393990806829636,4.409247754823323,4.348220282078334,4.3634772300720215,2064115.0
2000-09-01,4.378733094494967,4.424503930486384,4.3634764683942,4.3939900398254395,1966153.0
2000-09-04,,,,,
2000-09-05,4.409247333554326,4.470274800468619,4.39399038701832,4.424504280090332,1710881.0
2000-09-06,4.43976033162292,4.455017275083306,4.378732557781377,4.409246444702148,1328138.0
2000-09-07,4.424504922934093,4.424504922934093,4.165137113367738,4.241422176361084,1857440.0
2000-09-08,4.210908002132416,4.226164949882507,4.134623263381961,4.195651054382324,1609080.0
2000-09-11,4.195650979038599,4.3177062396177535,4.1803937123327355,4.287192344665527,815839.0
2000-09-12,4.3177062396177535,4.3787337102924555,4.256678768943051,4.287192344665527,876064.0
2000-09-13,4.271935687357609,4.28719263587004,4.241422109562521,4.256679058074951,887034.0
2000-09-14,4.2566787123566465,4.271935340400194,4.195650923263471,4.226164817810059,1379148.0
2000-09-15,4.24142138605947,4.24142138605947,4.1498797106000955,4.165136337280273,1267145.0
2000-09-18,4.165136337280273,4.195650548329783,4.1498797106000955,4.165136337280273,846336.0
2000-09-19,4.165136839652386,4.210908002132416,4.165136839652386,4.195651054382324,1341741.0
2000-09-20,4.195651054382324,4.226164949882507,4.180393787402477,4.195651054382324,1616430.0
2000-09-21,4.195650923263471,4.241421765083353,4.18039365676043,4.226164817810059,1753555.0
2000-09-22,4.180393787402477,4.226164949882507,4.180393787402477,4.195651054382324,1587908.0
2000-09-25,4.210905988621762,4.241419869531254,4.16513484802792,4.180391788482666,1162381.0
2000-09-26,4.195651264025229,4.256679058074951,4.195651264025229,4.256679058074951,1485887.0
2000-09-27,4.27215598830019,4.334071109419813,4.256677127052039,4.28763484954834,1454074.0
2000-09-28,4.287636280499128,4.3959880215243885,4.2566785476710285,4.365030288696289,1304333.0
2000-09-29,4.365029559025006,4.395987286678119,4.334071831371892,4.3805084228515625,1569259.0
2000-10-02,4.3650308031884135,4.380509671426907,4.272157917630575,4.334073066711426,1056301.0
2000-10-03,4.318594522346056,4.349551934949919,4.2876367858690685,4.334073066711426,1023720.0
2000-10-04,4.334073956938001,4.3495528283558835,4.3185954093933105,4.3185954093933105,1415898.0
2000-10-05,4.334071817898934,4.334071817898934,4.27215668665821,4.303114414215088,923235.0
2000-10-06,4.287635550436649,4.318593277993527,4.256677822879771,4.303114414215088,1311573.0
2000-10-09,,,,,
2000-10-10,4.272157447773904,4.2876363143100145,4.241199390828593,4.256678581237793,834488.0
2000-10-11,4.241199390828593,4.2876363143100145,4.241199390828593,4.256678581237793,1966482.0
2000-10-12,4.241200643439862,4.256679838420743,4.19476435398996,4.210243225097656,697253.0
2000-10-13,4.194763688166168,4.25667916276927,4.194763688166168,4.241199970245361,1486984.0
2000-10-16,4.210243225097656,4.241200643439862,4.179285482882265,4.210243225097656,884840.0
2000-10-17,4.179282687942751,4.210240409454839,4.148324966430664,4.148324966430664,1006607.0
2000-10-18,4.148325417213696,4.210240866965991,4.148325417213696,4.179283142089844,858293.0
2000-10-19,4.210240409454839,4.210240409454839,4.13284610567462,4.148324966430664,1077693.0
2000-10-20,4.163803290956601,4.179282149719219,4.055451603491197,4.101888179779053,1075389.0
2000-10-23,4.101890800134648,4.241199970245361,4.055454194182322,4.241199970245361,682334.0
2000-10-24,4.256679923721783,4.334073956938001,4.2102433094681375,4.3185954093933105,1421712.0
2000-10-25,4.303115146913178,4.365030288696289,4.2566785476710285,4.365030288696289,1870824.0
2000-10-26,4.349551355459111,4.442424228643495,4.303115080803459,4.426945686340332,1654057.0
2000-10-27,4.3650302216353545,4.442424228643495,4.334072489282867,4.426945686340332,1192988.0
2000-10-30,4.380507254490715,4.690083800706098,4.380507254490715,4.473380088806152,3021248.0
2000-10-31,4.488861560821533,4.535297843066624,4.426946409870366,4.488861560821533,1480840.0
2000-11-01,4.504339913714856,4.6591282591769465,4.504339913714856,4.597212791442871,3198413.0
2000-11-02,4.612691336663573,4.705564531787232,4.59721247080963,4.674606800079346,3821070.0
2000-11-03,4.674607021322398,4.721043621082011,4.674607021322398,4.6900858879089355,1687076.0
2000-11-06,4.690085993043984,4.705564859977502,4.5817339245093525,4.597212791442871,2531657.0
2000-11-07,4.597211335689456,4.659126783817379,4.566253611625495,4.628169059753418,1101607.0
2000-11-08,4.628169059753418,4.6746056458493594,4.612690197721437,4.628169059753418,1059373.0
2000-11-09,4.6126909255981445,4.659127519021721,4.597212061123619,4.6126909255981445,1583849.0
2000-11-10,4.597211866585561,4.612690730405075,4.566254138946533,4.566254138946533,1021307.0
2000-11-13,4.550775051116943,4.566253914174516,4.473381059702094,4.550775051116943,1173900.0
2000-11-14,4.566255057575834,4.643649068370331,4.550776190642315,4.597212791442871,1560812.0
2000-11-15,4.581732473657476,4.628169059753418,4.581732473657476,4.628169059753418,794996.0
2000-11-16,4.6126909255981445,4.64364833067415,4.566254332174567,4.6126909255981445,2638943.0
2000-11-17,4.5817339245093525,4.61269165837639,4.566255057575834,4.597212791442871,1872360.0
2000-11-20,4.581734657287598,4.612692396105851,4.566255787878471,4.581734657287598,1765512.0
2000-11-21,4.566255787878471,4.581734657287598,4.550776918469344,4.581734657287598,1381891.0
2000-11-22,4.5507771530213965,4.566256023228322,4.488861996066864,4.519819736480713,1238294.0
2000-11-23,4.504340866273789,4.535298282814472,4.488861996066864,4.519819736480713,397772.0
2000-11-24,4.535295887561533,4.628169059753418,4.519817349402547,4.628169059753418,1048842.0
2000-11-27,4.597212061123619,4.6126909255981445,4.566254332174567,4.6126909255981445,919725.0
2000-11-28,4.612692164702408,4.659128770600218,4.597213296069805,4.643649578094482,1309818.0
2000-11-29,4.643650984035717,4.860354886629679,4.643650984035717,4.813918590545654,2620514.0
2000-11-30,4.76747919618994,4.8448731938732825,4.736521791440427,4.752000331878662,1399114.0
2000-12-01,4.736522263495118,4.752000805475986,4.6436487444983845,4.674606800079346,898004.0
2000-12-04,4.643646359230542,4.721040972618607,4.628167825200419,4.705562114715576,1024159.0
2000-12-05,4.7055640628178725,4.798436924812494,4.690085198506596,4.752000331878662,1098097.0
2000-12-06,4.721042231945302,4.736521093977283,4.581732473657476,4.628169059753418,2455415.0
2000-12-07,4.61269201592229,4.782959241515909,4.61269201592229,4.767480373382568,2189831.0
2000-12-08,4.7520009303910316,4.9532255440357,4.736522388003281,4.937747001647949,2035154.0
2000-12-11,4.937745643997036,5.061575892289965,4.829393933835977,4.953224182128906,1282722.0
2000-12-12,4.93774539454853,5.015139376790016,4.891308810879853,4.968702793121338,1224033.0
2000-12-13,4.968702521802806,5.1080122652017605,4.90678740416512,5.015139102935791,1215147.0
2000-12-14,5.030622078480106,5.340198891528499,5.030622078480106,5.138974189758301,2637407.0
2000-12-15,5.138970447124163,5.293758417045407,5.1080127235907185,5.262800693511963,3242732.0
2000-12-18,5.278279787136668,5.309237512029986,5.154449535309401,5.169928073883057,2150669.0
2000-12-19,5.169926365351637,5.247320652008057,5.15444783189325,5.247320652008057,2089675.0
2000-12-20,5.200882497819738,5.324712994925827,5.169924792575016,5.309234142303467,2823349.0
2000-12-21,5.293755289681106,5.340191847548188,5.278276437058745,5.309234142303467,2666697.0
2000-12-22,5.262804526329789,5.293762272409273,5.1080164436788165,5.138974189758301,616075.0
2000-12-25,,,,,
2000-12-26,,,,,
2000-12-27,5.138972061852755,5.138972061852755,4.984183395549019,5.0460991859436035,505059.0
2000-12-28,5.046098966791066,5.1389718386667385,5.030619776959863,5.108014106750488,920273.0
2000-12-29,5.092535182690766,5.340196387449004,5.092535182690766,5.3247175216674805,979731.0
2001-01-01,,,,,
2001-01-02,5.324715841251854,5.417588682758385,5.293758119458687,5.3401947021484375,1919860.0
2001-01-03,5.3092382310195045,5.371153365317832,5.123492504251478,5.185407638549805,1770010.0
2001-01-04,5.169929613022482,5.169929613022482,4.829395509434603,4.999662399291992,1770558.0
2001-01-05,4.937747736055734,5.01514175499789,4.860353393240446,4.922268867492676,1238842.0
2001-01-08,4.922268640772283,4.99966265614966,4.875832037221987,4.9841837882995605,1707590.0
2001-01-09,4.984184828701357,5.123494668431866,4.953227086539022,5.092536926269531,1842960.0
2001-01-10,5.077055255236669,5.092534117781379,4.968703217423699,5.030618667602539,3167039.0
2001-01-11,4.999661950787433,5.030619682120053,4.875831349330028,4.891310214996338,1390777.0
2001-01-12,4.875831603866158,4.9067893368148825,4.767479862418707,4.798437595367432,2440057.0
2001-01-15,4.813917853750962,4.875833013677641,4.798438982800998,4.829396724700928,950770.0
2001-01-16,4.829396724700928,4.860354142727677,4.798438982800998,4.829396724700928,1144500.0
2001-01-17,4.8603542068475285,4.906790820310035,4.829396788412376,4.844875335693359,2179520.0
2001-01-18,4.844871188097042,4.844871188097042,4.659125541006482,4.705562114715576,2302055.0
2001-01-19,4.674606987445618,4.829395328316157,4.597212655073806,4.798437595367432,1682798.0
2001-01-22,4.829396724700928,4.875833013677641,4.798438982800998,4.829396724700928,880672.0
2001-01-23,4.860350823032135,5.015139102935791,4.860350823032135,5.015139102935791,2034057.0
2001-01-24,4.984183276557366,4.9996621428182,4.906789269126282,4.937747001647949,1056301.0
2001-01-25,4.937747069903106,4.953225612504818,4.875831604003906,4.875831604003906,1052462.0
2001-01-26,4.891308543787458,5.0306179633134525,4.891308543787458,5.015139102935791,1144610.0
2001-01-29,5.015139630148365,5.015139630148365,4.934649742046865,4.953224182128906,773166.0
2001-01-30,4.940842032195144,5.2163653676354915,4.897501664897449,5.185407638549805,2195316.0
2001-01-31,5.228746922725376,5.2318428243500925,4.974894325052238,5.015139102935791,3159360.0
2001-02-01,5.015140911001739,5.163737765101277,4.9841831790854885,5.108014106750488,2275507.0
2001-02-02,5.154449535309401,5.200885798776375,5.114204428173486,5.169928073883057,1638808.0
2001-02-05,5.185407385754009,5.238035457859375,5.173024424272639,5.200886249542236,1766280.0
2001-02-06,5.225653116748518,5.2906641620823525,5.216366055895892,5.244227886199951,1744998.0
2001-02-07,5.247320657985851,5.278278048810789,5.219458844306958,5.268990993499756,934863.0
2001-02-08,5.26899148514562,5.26899148514562,5.200884571229954,5.216363430023193,1059044.0
2001-02-09,5.219460108399157,5.256608986386107,5.191597964099482,5.225651264190674,1213831.0
2001-02-12,5.241132621846645,5.346388797899597,5.191600437063603,5.334005832672119,1076047.0
2001-02-13,5.296857617438532,5.349485715443671,5.216367680452199,5.281378746032715,679262.0
2001-02-14,5.306140433755262,5.380439151352895,5.293757476092122,5.371151447296143,1359402.0
2001-02-15,5.355675034225241,5.37115357550074,5.24422739947945,5.287568092346191,2336391.0
2001-02-16,5.278280422108587,5.433068741323058,5.278280422108587,5.355674743652344,1464934.0
2001-02-19,5.3556729121536835,5.371151447296143,5.324715194122903,5.371151447296143,500232.0
2001-02-20,5.346387756155161,5.494984605423298,5.346387756155161,5.482601642608643,1414582.0
2001-02-21,5.464027195928716,5.47950573842101,5.324717722513384,5.327813625335693,1425990.0
2001-02-22,5.37115361467544,5.572378539201292,5.358770652015501,5.566187381744385,1719109.0
2001-02-23,5.566186956691119,5.569282535183183,5.473313772214507,5.547612190246582,1847238.0
2001-02-26,5.547611711833321,5.618813897486945,5.516653986344173,5.569282054901123,1004852.0
2001-02-27,5.581666544967547,5.634294627945,5.5414214260295775,5.575474739074707,765596.0
2001-02-28,5.60333767010013,5.804562644915761,5.587858477097081,5.798370838165283,2167562.0
2001-03-01,5.798368428916193,5.922199330503122,5.696208518078392,5.8076558113098145,3066554.0
2001-03-02,5.76122199855989,5.897435270970746,5.70240210095369,5.779796123504639,1638040.0
2001-03-05,5.80456065821738,5.866476113545505,5.727166662930256,5.826231002807617,1458132.0
2001-03-06,5.85099746839959,5.875763393728942,5.690017658266552,5.764316082000732,1490823.0
2001-03-07,5.758124924541457,5.773603465935771,5.680730274331514,5.764316082000732,1284477.0
2001-03-08,5.758123519154718,5.758123519154718,5.618813441876717,5.668345928192139,1796557.0
2001-03-09,5.649772470653692,5.850997392651423,5.590953236821435,5.7705078125,1564103.0
2001-03-12,5.758124351501465,5.84480508152786,5.742645163901493,5.758124351501465,1293692.0
2001-03-13,5.789081470512317,5.832422159692791,5.736453398258017,5.826231002807617,1698485.0
2001-03-14,5.77360565950916,5.866478886398862,5.758127112234062,5.841712951660156,2379064.0
2001-03-15,5.820036855362091,5.881952285766602,5.789079140159837,5.881952285766602,1225459.0
2001-03-16,5.820038813930189,6.04293404974798,5.804560274993103,5.897432804107666,3883270.0
2001-03-19,5.959349591993025,6.021265057120667,5.928391859429203,6.011977672576904,1145268.0
2001-03-20,6.011978089937751,6.021265475126259,5.959350005700348,5.974829196929932,1006498.0
2001-03-21,5.943870958647154,5.943870958647154,5.8107526458847225,5.906722068786621,1985680.0
2001-03-22,5.850996922740263,5.8819546503879225,5.745741426033499,5.847901344299316,2856369.0
2001-03-23,5.835520441577763,5.835520441577763,5.730264259990252,5.779796123504639,1116527.0
2001-03-26,5.7302622024691505,5.773602891355377,5.7302622024691505,5.758124351501465,604996.0
2001-03-27,5.739547760099964,5.810749927627629,5.733355957479977,5.773601055145264,752542.0
2001-03-28,5.793971749950199,5.953784020221279,5.703098453182682,5.919314861297607,1960668.0
2001-03-29,5.906780650272326,6.016455544297197,5.906780650272326,5.953783988952637,1812244.0
2001-03-30,5.985120307135472,6.063459430562795,5.985120307135472,6.028990268707275,1422041.0
2001-04-02,6.0321207697996,6.0634565353393555,5.96944923872009,6.0634565353393555,673119.0
2001-04-03,6.047790581073559,6.047790581073559,5.92244748573983,5.978852272033691,1599316.0
2001-04-04,5.878578322823401,5.969451620182654,5.87544494171618,5.90678071975708,1418421.0
2001-04-05,5.891111015794449,5.90677922868783,5.844107688426428,5.875443458557129,1575073.0
2001-04-06,5.859774228712586,5.866041643913453,5.806503494301021,5.844106674194336,1108080.0
2001-04-09,5.844110056214791,5.85977761979995,5.781438490561499,5.853510856628418,1112907.0
2001-04-10,5.84411189418457,5.853512697554744,5.671765362263296,5.725036144256592,1510130.0
2001-04-11,5.718763748859695,5.718763748859695,5.609088897705078,5.609088897705078,1404928.0
2001-04-12,5.577755464625285,5.634160259367061,5.56208790319006,5.6216254234313965,1169402.0
2001-04-13,,,,,
2001-04-16,5.624757779987604,5.687428662663378,5.593422010821696,5.646692752838135,1062006.0
2001-04-17,5.671761811773031,5.765769130970194,5.640426038707311,5.656093597412109,1391545.0
2001-04-18,5.68743103185563,5.728167614306403,5.618492704366872,5.703099250793457,1233796.0
2001-04-19,5.6435591094593365,5.750100600901939,5.6310249320524575,5.728165626525879,1462411.0
2001-04-20,5.703094371053074,5.718761920928955,5.640422860238039,5.718761920928955,412911.0
2001-04-23,5.718765435808792,5.765769425637638,5.6686287208662325,5.734433650970459,1323421.0
2001-04-24,5.734433540112056,5.80650523036273,5.7218993616187275,5.772036075592041,749251.0
2001-04-25,5.7971067672477545,5.969452591017629,5.781438547851009,5.9506516456604,1595806.0
2001-04-26,5.953782943272438,5.953782943272438,5.828440510253793,5.856642246246338,1436851.0
2001-04-27,5.844108702993176,5.866043680327083,5.781437151851677,5.828441143035889,856318.0
2001-04-30,5.803372219222987,5.828441233462229,5.652961412068461,5.709364891052246,1025695.0
2001-05-01,5.687429047006747,5.687429047006747,5.593422388812312,5.627891540527344,1710223.0
2001-05-02,5.637294207945316,5.728167515860201,5.615359226334392,5.640427589416504,2160322.0
2001-05-03,5.643561067879818,5.703099250793457,5.5777561219161,5.703099250793457,1100291.0
2001-05-04,5.6435595496147855,5.687429501788434,5.640426168932707,5.662361145019531,884182.0
2001-05-07,5.656094264412475,5.66236168202716,5.577755150338019,5.593423366546631,1742036.0
2001-05-08,5.587156001957981,5.587156001957981,5.483748199927673,5.50255012512207,2774862.0
2001-05-09,5.515084252472174,5.6216251066722105,5.502550072899005,5.593423366546631,1048074.0
2001-05-10,5.640424386201821,5.765767441742275,5.609088622316708,5.759500026702881,1615113.0
2001-05-11,5.7563676134373,5.812771735637718,5.671761102308652,5.781435966491699,1459778.0
2001-05-14,5.77830359547055,5.812772750854492,5.746967820851652,5.812772750854492,547842.0
2001-05-15,5.812774160732987,5.8253083424894605,5.703099250793457,5.703099250793457,620134.0
2001-05-16,5.734433642135324,5.87544430009229,5.734433642135324,5.812772750854492,848200.0
2001-05-17,5.844108702993176,5.872311097703704,5.815906963938825,5.828441143035889,572305.0
2001-05-18,5.8127733190990245,5.891112435476461,5.8127733190990245,5.8315749168396,613881.0
2001-05-21,,,,,
2001-05-22,5.891113232483149,5.922449014404775,5.831575705791476,5.859777450561523,681237.0
2001-05-23,5.887978403818458,5.887978403818458,5.803371878990609,5.837841033935547,391848.0
2001-05-24,5.847241915705617,5.856642713672122,5.8033719622993605,5.834707736968994,467871.0
2001-05-25,5.828442379670814,5.828442379670814,5.68743103185563,5.703099250793457,826699.0
2001-05-28,5.721900851256324,5.746969214769269,5.703099250793457,5.703099250793457,240024.0
2001-05-29,5.703098598921832,5.740701139893231,5.665496057950432,5.687430381774902,720400.0
2001-05-30,5.69683295429522,5.775172753103731,5.687432152211941,5.762638568878174,978305.0
2001-05-31,5.797105736059248,5.859776635529341,5.759502540720977,5.765769958496094,1174777.0
2001-06-01,5.772038672611072,5.85037781518369,5.753237068583584,5.797107696533203,417628.0
2001-06-04,5.812771735637718,5.822172531947128,5.75010019734568,5.781435966491699,908097.0
2001-06-05,5.790837671160106,5.856642599992188,5.765769314173449,5.772036075592041,919725.0
2001-06-06,5.793971135976043,5.797105172386977,5.750101182784495,5.768902778625488,1053669.0
2001-06-07,5.75949989162633,5.765767306518737,5.6874275708152755,5.696828365325928,607299.0
2001-06-08,5.721899463418995,5.812772750854492,5.671762092897526,5.812772750854492,788743.0
2001-06-11,5.809639546562204,5.844108702993176,5.76576959189439,5.828441143035889,462056.0
2001-06-12,5.8127705065017965,5.950647730458327,5.797102953069781,5.9318461418151855,1218438.0
2001-06-13,5.9099125606761795,5.934980914313321,5.859775197745841,5.866042613983154,517126.0
2001-06-14,5.844107504783738,5.844107504783738,5.75010019734568,5.781435966491699,665989.0
2001-06-15,5.775169480430251,5.872310172701183,5.765768683674216,5.815906047821045,1478537.0
2001-06-18,5.815907550003238,5.953784189620845,5.815907550003238,5.913048267364502,909194.0
2001-06-19,5.913047715228927,5.938116073608398,5.819039732165464,5.938116073608398,559251.0
2001-06-20,5.913048887158451,5.953784813684653,5.881712449489156,5.947517395019531,824396.0
2001-06-21,5.92558041212064,5.991385328147628,5.92558041212064,5.9851179122924805,982034.0
2001-06-22,5.953784565750616,6.025856926944796,5.938117003224724,6.016456127166748,959436.0
2001-06-25,5.991386713663138,6.032122631345779,5.953783521148494,5.9757184982299805,803443.0
2001-06-26,5.956917370023,5.9694515499606675,5.906780650272326,5.953783988952637,785233.0
2001-06-27,5.977568417487418,6.009279727935791,5.933172715562437,6.009279727935791,532594.0
2001-06-28,5.990251958839433,5.990251958839433,5.860235803506847,5.910974025726318,620683.0
2001-06-29,5.914143840724901,5.945855140686035,5.815839009899435,5.945855140686035,1169183.0
2001-07-02,,,,,
2001-07-03,5.945856298967015,5.945856298967015,5.850722380551077,5.914144992828369,604008.0
2001-07-04,5.914144992828369,5.942685367407234,5.8824336866897236,5.914144992828369,263829.0
2001-07-05,5.898287367086919,5.92048454284668,5.8697470036586195,5.92048454284668,443188.0
2001-07-06,5.926828228006658,5.971223915249547,5.898288522501077,5.945855140686035,524805.0
2001-07-09,5.949026306373012,6.009277977730704,5.929999392942845,5.990251064300537,450648.0
2001-07-10,5.971225226224423,6.015620923214331,5.939513919301113,5.968054294586182,537640.0
2001-07-11,5.993425384731152,5.993425384731152,5.923660880719113,5.977570056915283,270849.0
2001-07-12,5.96170993976018,6.0061056231370635,5.955368078428297,5.958539009094238,337328.0
2001-07-13,5.930000135422264,6.025134050971051,5.926829203958049,6.021963119506836,465018.0
2001-07-16,6.018791008904439,6.025133534803104,5.9617109298706055,5.9617109298706055,1333074.0
2001-07-17,5.949025756268744,6.088555335998535,5.949025756268744,6.088555335998535,1199789.0
2001-07-18,6.025134313733861,6.104412248391785,6.009278992207725,6.069530010223389,1088114.0
2001-07-19,6.040989371805718,6.0663588140602185,6.0124496616005985,6.021963119506836,516468.0
2001-07-20,6.009279161029391,6.040989804972526,5.993423175544183,6.0346479415893555,442969.0
2001-07-23,6.040989487693145,6.0505036092954905,5.990251929238008,6.015620708465576,521624.0
2001-07-24,6.015620310945185,6.025133768405262,5.929999857318051,6.006106853485107,1705177.0
2001-07-25,5.993421601729957,6.006105988679142,5.929999003470562,5.964881896972656,505388.0
2001-07-26,5.993420883928457,6.050501613633724,5.9363408177365775,6.025132179260254,854234.0
2001-07-27,6.021961570816046,6.044159412384033,5.9680524322204445,6.044159412384033,504181.0
2001-07-30,6.025133559487429,6.0663583192138,5.996593851610356,6.053673267364502,495186.0
2001-07-31,6.031476331061776,6.07270042895358,6.031476331061776,6.06635856628418,590735.0
2001-08-01,6.040988374769699,6.117095361944918,6.009277738334052,6.1075825691223145,1067491.0
2001-08-02,6.1202684961922325,6.142466345390013,6.088557188264881,6.117096900939941,1687076.0
2001-08-03,6.1297831535339355,6.161494467662088,6.104413704123145,6.1297831535339355,848639.0
2001-08-06,,,,,
2001-08-07,6.1044111964354615,6.183689117431641,6.1044111964354615,6.183689117431641,600059.0
2001-08-08,6.1836888387344535,6.215400801919886,6.113924377564243,6.1519775390625,531277.0
2001-08-09,6.123438109798867,6.186860712001214,6.123438109798867,6.183689117431641,646572.0
2001-08-10,6.167837074220368,6.183692401434565,6.136125756278115,6.161495208740234,605763.0
2001-08-13,6.161491978952582,6.190031685680701,6.151977858691858,6.171004772186279,658639.0
2001-08-14,6.151979544837004,6.405670024925181,6.151979544837004,6.3517608642578125,2517725.0
2001-08-15,6.329561235199741,6.370785329469109,6.145635954218338,6.183689117431641,1106215.0
2001-08-16,6.183690156369563,6.215402126312256,6.139294460071585,6.215402126312256,748373.0
2001-08-17,6.190031685680701,6.269309607222774,6.171004772186279,6.171004772186279,644268.0
2001-08-20,6.1868615400651965,6.2693104031525895,6.1741771506297205,6.26296854019165,773934.0
2001-08-21,6.2566260137171135,6.2629685401916495,6.221743776891155,6.26296854019165,613881.0
2001-08-22,6.262970087703572,6.275654480273224,6.247114099356186,6.256627559661865,411046.0
2001-08-23,6.256628119512668,6.256628119512668,6.199548016084757,6.247114658355713,528754.0
2001-08-24,6.2312572348461615,6.2629685401916495,6.190032471545667,6.26296854019165,500451.0
2001-08-27,6.262969387328622,6.262969387328622,6.1836907814847795,6.212231159210205,386034.0
2001-08-28,6.190030510505848,6.272480010986328,6.183687986040662,6.272480010986328,615746.0
2001-08-29,6.256626906324669,6.316877930617348,6.186862422719737,6.199546813964844,468090.0
2001-08-30,6.1805187782414075,6.247112317877026,6.151978405463184,6.2344279289245605,682883.0
2001-08-31,6.215401409757928,6.31053465456391,6.186861038208008,6.186861038208008,755614.0
2001-09-03,,,,,
2001-09-04,6.205889778702241,6.358103827672373,6.205889778702241,6.313708782196045,2202776.0
2001-09-05,6.326388586938138,6.342243901428277,6.281992246636425,6.297848224639893,832952.0
2001-09-06,6.278824239467278,6.335904327123345,6.278824239467278,6.304193019866943,557825.0
2001-09-07,6.310535166453084,6.310535166453084,6.2312572348461615,6.26296854019165,738939.0
2001-09-10,6.247110730078738,6.259795779320676,6.221741958621669,6.253453254699707,442969.0
2001-09-11,6.215399951251035,6.215399951251035,6.015618724309376,6.025132179260254,271288.0
2001-09-12,,,,,
2001-09-13,6.075872557733905,6.405669350931438,6.075872557733905,6.310535430908203,1974052.0
2001-09-14,6.278823861107596,6.294679845537138,6.151978639725641,6.26296854019165,1220961.0
2001-09-17,6.215399394967175,6.326388586938138,6.1678321244701,6.297848224639893,1582642.0
2001-09-18,6.278823912531386,6.389813150392803,6.278823912531386,6.358101844787598,1720754.0
2001-09-19,6.342247232783986,6.440552092096199,6.316877787355441,6.386642932891846,2322130.0
2001-09-20,6.377128769599671,6.38981315915643,6.326391211372639,6.3422465324401855,1662613.0
2001-09-21,6.659359258823477,6.700584024582118,6.405669464446175,6.469091415405273,6086485.0
2001-09-24,6.453236869959231,6.561055194832217,6.437381546190247,6.545199871063232,2491506.0
2001-09-25,6.516659305906367,6.580081262684295,6.472263604404968,6.503974914550781,1530973.0
2001-09-26,6.537640304649002,6.550466060638428,6.492752171305947,6.550466060638428,2353504.0
2001-09-27,6.524816696739811,6.630624846930823,6.492753641253851,6.617799758911133,2048428.0
2001-09-28,6.62100552568746,6.733225878731078,6.479928222915442,6.521610260009766,1866765.0
2001-10-01,6.537639727740091,6.537639727740091,6.419006526856436,6.492751598358154,1862816.0
2001-10-02,6.463896485389064,6.637036156513211,6.428626659520404,6.534434795379639,1735783.0
2001-10-03,6.508783340454102,6.537639611186177,6.4446572508022255,6.508783340454102,1885195.0
2001-10-04,6.508783857308549,6.55367131858143,6.476720809936523,6.476720809936523,1326163.0
2001-10-05,6.476718615481649,6.518399959156758,6.444655578973286,6.499162673950195,563968.0
2001-10-08,,,,,
2001-10-09,6.492750155213501,6.492750155213501,6.364498673002983,6.463893890380859,908645.0
2001-10-10,6.460688624524839,6.560083865096295,6.447863540398402,6.479926586151123,740475.0
2001-10-11,6.476717849123729,6.585731355305452,6.447860918418781,6.582525253295898,1483912.0
2001-10-12,6.5697030626560124,6.601766109466552,6.508783743327286,6.601766109466553,800481.0
2001-10-15,6.56970170845256,6.617796604191277,6.524813586345187,6.588939666748047,692426.0
2001-10-16,6.592148362104962,6.701162607488954,6.588942258085846,6.659480571746826,892080.0
2001-10-17,6.659480212688918,6.6690991951010465,6.604973092935771,6.6145920753479,845568.0
2001-10-18,6.617795846805564,6.669096168558178,6.611382971149954,6.662683963775635,1007595.0
2001-10-19,6.604973092935771,6.633830040172157,6.550466644055997,6.6145920753479,635821.0
2001-10-22,6.58894171339726,6.717193914040524,6.576116627507604,6.672305107116699,644488.0
2001-10-23,6.66909756538809,6.717192465695885,6.556877249458581,6.643447399139404,1042699.0
2001-10-24,6.633831429869355,6.633831429869355,6.4446598584642905,6.447865962982178,2796802.0
2001-10-25,6.4286258336911475,6.460688880715288,6.34846855156744,6.409388542175293,1898578.0
2001-10-26,6.412595034896829,6.412595034896829,6.252279790044078,6.271517753601074,1821020.0
2001-10-29,6.252280160029011,6.300375071767565,6.17532964299406,6.236248970031738,1506071.0
2001-10-30,6.255486467555569,6.563291196201402,6.229836297126189,6.46710205078125,2174254.0
2001-10-31,6.4991653764461965,6.665892833094784,6.4991653764461965,6.576116561889648,1503439.0
2001-11-01,6.608180076182364,6.701162457644793,6.444658711762862,6.685130596160889,2628851.0
2001-11-02,6.621003441435668,6.662685465408743,6.511989226832188,6.649860382080078,1074512.0
2001-11-05,6.653067544066474,6.691543474929129,6.5761170240879485,6.685130596160889,1710991.0
2001-11-06,6.65306519110253,6.65306519110253,6.544051657583986,6.5729079246521,1708907.0
2001-11-07,6.572909281179304,6.579322159003026,6.428625903441839,6.476720809936523,1107970.0
2001-11-08,6.476719479721196,6.550464540618118,6.338848337250703,6.38053035736084,1947394.0
2001-11-09,6.3965636428082755,6.5055772007998405,6.367706698388759,6.460689067840576,742559.0
2001-11-12,6.457482891688141,6.48633916490984,6.36450052328198,6.473514080047607,570989.0
2001-11-13,6.476720411096,6.576115650566467,6.460688552960592,6.492751598358154,1035678.0
2001-11-14,6.467101127991418,6.4927512947607795,6.3548808097839355,6.3548808097839355,1012641.0
2001-11-15,6.3324375918640055,6.406181998893076,6.293961665698133,6.348468780517578,3749656.0
2001-11-16,6.30357726265111,6.44465446472168,6.293958286274372,6.44465446472168,1011434.0
2001-11-19,6.412593621050299,6.476719704852902,6.390149558806707,6.422212600708008,887583.0
2001-11-20,6.415800821701939,6.444657765612398,6.396563529968262,6.396563529968262,877161.0
2001-11-21,6.396562213190811,6.409387295330894,6.33243613161724,6.38053035736084,625509.0
2001-11-22,6.342056460601724,6.412594762820104,6.338849686229398,6.393356800079346,341057.0
2001-11-23,6.402975849874852,6.460689067840576,6.38053178339522,6.460689067840576,566820.0
2001-11-26,6.428625903441839,6.50557708296004,6.419006922142902,6.476720809936523,668512.0
2001-11-27,6.457485322145474,6.5087863517762985,6.415803277500026,6.441453456878662,983570.0
2001-11-28,6.463895728219369,6.4671018316961,6.367706586057804,6.396563529968262,786330.0
2001-11-29,6.4125948191657125,6.508783962841389,6.386943978328215,6.483133792877197,1792827.0
2001-11-30,6.492751821078073,6.505576905502385,6.36129353170065,6.402975559234619,1687076.0
2001-12-03,6.393358202403544,6.396564977479247,6.348470060078174,6.374120235443115,651179.0
2001-12-04,6.358085952917068,6.377323910525999,6.287547669515148,6.303578853607178,1315193.0
2001-12-05,6.284343895041082,6.300375085072208,6.095171693258903,6.184947967529297,3660360.0
2001-12-06,6.204182620427891,6.204182620427891,6.0470742243202995,6.0919623374938965,2282638.0
2001-12-07,6.0374565981204436,6.178533844324068,5.9989813514502695,6.156089782714844,2132458.0
2001-12-10,6.1272363585614595,6.2298384169377625,6.10799838875671,6.2266316413879395,1114333.0
2001-12-11,6.22021383299629,6.2522768669767155,6.143263356490885,6.172119617462158,1104460.0
2001-12-12,6.217009854457188,6.268310184114767,6.178533936340832,6.2522783279418945,1418311.0
2001-12-13,6.220216419347827,6.252279466659994,6.1881540429089545,6.194566249847412,720839.0
2001-12-14,6.175328148730219,6.2298352549290765,6.143265105620702,6.168915271759033,1712746.0
2001-12-17,6.146472695950928,6.236248970031738,6.127234731255506,6.236248970031738,1329345.0
2001-12-18,6.2362496524393425,6.284344569440729,6.226630669039066,6.2779316902160645,1374431.0
2001-12-19,6.2554867636557105,6.364500999450684,6.2394549032235,6.364500999450684,1347116.0
2001-12-20,6.364498910821048,6.364498910821048,6.252277937243039,6.319610118865967,1075609.0
2001-12-21,6.322817581608001,6.380530790593631,6.290754538644161,6.332436561584473,3875043.0
2001-12-24,6.361293016039665,6.380530976553297,6.319610991884536,6.3548808097839355,306612.0
2001-12-25,,,,,
2001-12-26,,,,,
2001-12-27,6.348468780517578,6.380531828698035,6.316405732337121,6.348468780517578,1145817.0
2001-12-28,6.348467756022443,6.38053079902867,6.290754546960517,6.361292839050293,530290.0
2001-12-31,6.342055804788828,6.380531055418434,6.342055804788828,6.370912075042725,860706.0
2002-01-01,,,,,
2002-01-02,6.364501462107565,6.364501462107565,6.24586823560409,6.265106201171875,708004.0
2002-01-03,6.2843435098879565,6.3260248697636765,6.2586926681875195,6.271517753601074,1460546.0
2002-01-04,6.284344077443279,6.332438319805956,6.258693233426248,6.329232215881348,737513.0
2002-01-07,6.316404704665952,6.348467747629791,6.290754538644161,6.332436561584473,855550.0
2002-01-08,6.332436824413119,6.380531055418434,6.2843425934078025,6.370912075042725,1068697.0
2002-01-09,6.354881326632566,6.38694370226532,6.236248121647579,6.242660999298096,1937960.0
2002-01-10,6.236246305609367,6.236246305609367,6.107994156933159,6.146470069885254,1611822.0
2002-01-11,6.184948594953592,6.242662495016446,6.143267228295002,6.159298419952393,869153.0
2002-01-14,6.18173977020216,6.249071953102373,6.162501811981202,6.162501811981201,1192439.0
2002-01-15,6.191360832991333,6.24586795237945,6.191360832991333,6.236248970031738,881330.0
2002-01-16,6.2522783279418945,6.268310184114767,6.188152915869921,6.2522783279418945,842277.0
2002-01-17,6.284339665991868,6.284339665991868,6.220212936401367,6.220212936401367,853137.0
2002-01-18,6.236246736221343,6.300372814987344,6.207389799514704,6.239452838897705,961301.0
2002-01-21,6.2522783279418945,6.281135266529161,6.2202152864693225,6.2522783279418945,286536.0
2002-01-22,6.284344494148695,6.332438739700429,6.268312631715829,6.290756702423096,559909.0
2002-01-23,6.30037283188308,6.3709111161909675,6.290753852955072,6.319610118865967,1134737.0
2002-01-24,6.322820773195732,6.380534011313434,6.188156327296583,6.2298383712768555,1183334.0
2002-01-25,6.188154729166553,6.277931003247363,6.1785357468188415,6.236248970031738,543125.0
2002-01-28,6.316403935055424,6.32602291385989,6.23624667284904,6.303578853607178,986093.0
2002-01-29,6.33243613161724,6.393355439500923,6.293960214323835,6.38053035736084,2551074.0
2002-01-30,6.40618195340814,6.49275211579338,6.3965636428082755,6.460689067840576,1505194.0
2002-01-31,6.476719361479615,6.588939666748046,6.460687505942328,6.588939666748047,1828809.0
2002-02-01,6.563292174657425,6.621005402164081,6.508785051214079,6.5953545570373535,1418640.0
2002-02-04,6.6145911940161115,6.6434481374075816,6.4959586587777265,6.601766109466553,853795.0
2002-02-05,6.60176474865399,6.621002706949476,6.531226462734731,6.588939666748047,1102704.0
2002-02-06,6.5729086180784995,6.665891647338867,6.547258451117886,6.665891647338867,1295667.0
2002-02-07,6.640237179737835,6.653062256207542,6.588936873859007,6.637031078338623,702080.0
2002-02-08,6.627415619311118,6.717192543974142,6.621003413110826,6.710779666900635,1224362.0
2002-02-11,6.710779774956552,6.749255025397471,6.6530658929853335,6.665891647338867,1157993.0
2002-02-12,6.653065708327755,6.697954505572767,6.630622316015062,6.643447399139404,475440.0
2002-02-13,6.65947983031819,6.717193721477174,6.649861519331694,6.701161861419678,524256.0
2002-02-14,6.6851297428776535,6.781318886883414,6.6851297428776535,6.771699905395508,709101.0
2002-02-15,6.77170001369781,6.826207129085496,6.74925594682484,6.806969165802002,3356710.0
2002-02-18,6.806968677864063,6.842238498313359,6.7813185092402755,6.829413414001465,353673.0
2002-02-19,6.787730562323869,6.893537998199463,6.771698705726446,6.893537998199463,741243.0
2002-02-20,6.877508163452148,6.890333248725456,6.81979427341228,6.877508163452148,1177849.0
2002-02-21,6.871093785999105,6.89353784804808,6.851855826850504,6.890331745147705,545758.0
2002-02-22,6.874302059033126,6.9159840933892145,6.832620695550425,6.848651885986328,850285.0
2002-02-25,6.855066924404792,6.877511000610196,6.803765891275184,6.858273029327393,752652.0
2002-02-26,6.87750681247523,6.906363080953487,6.8005556450778935,6.893537998199463,883743.0
2002-02-27,6.8871263365339415,7.085916141241039,6.877507355989959,7.063472747802734,2848251.0
2002-02-28,7.0538555222391945,7.1981389245497835,7.021792469406463,7.11798095703125,1933792.0
2002-03-01,7.117979443896578,7.281500777320247,7.0827109654133515,7.2334065437316895,1231602.0
2002-03-04,7.246230534615956,7.310356616973877,7.246230534615956,7.310356616973877,1794253.0
2002-03-05,7.294325830833359,7.310357689210874,6.887126556968795,6.922395706176758,2566651.0
2002-03-06,6.909572123991979,7.053855526387418,6.768494825619676,6.9384284019470215,1469870.0
2002-03-07,7.005760161004422,7.005760161004422,6.8935398186795185,6.957665920257568,972710.0
2002-03-08,6.94804445365334,6.94804445365334,6.803761112128064,6.810173988342285,841509.0
2002-03-11,6.800557080173444,7.034616734728375,6.800557080173444,6.992934703826904,912046.0
2002-03-12,6.989728600180124,7.05385469835572,6.948046569278652,6.992934703826904,580532.0
2002-03-13,7.0057586527648965,7.101947784423828,7.002552549638232,7.101947784423828,779419.0
2002-03-14,7.069889078730784,7.085920275074319,7.0314138049821215,7.041032791137695,616843.0
2002-03-15,7.053856746758895,7.053856746758895,6.976905540776617,7.047443866729736,1736880.0
2002-03-18,7.069885569577798,7.243025892692288,7.069885569577798,7.1981377601623535,1361926.0
2002-03-19,7.182102603493918,7.278291702270509,7.166071422467649,7.278291702270508,1330880.0
2002-03-20,7.230200807808493,7.262263855454632,7.182105900902634,7.1981377601623535,949783.0
2002-03-21,7.182105058702993,7.198136916082759,7.0057586527648965,7.101947784423828,2570271.0
2002-03-22,7.069885508600472,7.10194855597007,7.037822461230875,7.079504489898682,2467153.0
2002-03-25,7.085915405626923,7.101947261826985,6.96407678704695,7.0538530349731445,882317.0
2002-03-26,7.0992560386657715,7.134931251361711,7.0408794666117975,7.0992560386657715,2011788.0
2002-03-27,7.102497699595381,7.108983606587024,7.060336589813232,7.060336589813232,1489836.0
2002-03-28,7.060343099133683,7.0862881081886275,6.963048975885271,7.005209445953369,1189806.0
2002-03-29,,,,,
2002-04-01,7.053852705355205,7.125202459673919,6.992233172418166,7.070068836212158,453939.0
2002-04-02,7.09601475964866,7.09601475964866,6.982504543137036,7.063583850860596,884511.0
2002-04-03,7.070070134303805,7.173850812222195,7.066826500386244,7.144662857055664,1579570.0
2002-04-04,7.134933657207632,7.209525704979023,7.125204112153855,7.160878658294678,2439728.0
2002-04-05,7.144663214008377,7.232228441051796,7.141419579928762,7.193310260772705,1245534.0
2002-04-08,7.199796171762864,7.212769350912251,7.157635714573228,7.193310260772705,426952.0
2002-04-09,7.183579556922464,7.193309100422768,7.053853215030981,7.134932518005371,936399.0
2002-04-10,7.118718971248018,7.196554668933243,7.102503511914905,7.167366027832031,879575.0
2002-04-11,7.167364370116963,7.167364370116963,7.053854145284539,7.10250186920166,1420725.0
2002-04-12,7.118716448302346,7.2160112055727925,7.108986904716859,7.206281661987305,630117.0
2002-04-15,7.199798107147216,7.206284698465576,7.1219630828352,7.199798107147217,606970.0
2002-04-16,7.209525693017551,7.209525693017551,7.092772509735017,7.12844705581665,978853.0
2002-04-17,7.128442684730189,7.128442684730189,7.037634558174247,7.060336589813232,1374760.0
2002-04-18,7.053851199489465,7.053851199489465,6.972772598266602,6.972772598266602,738610.0
2002-04-19,7.0052043780514035,7.297087893803545,6.9727728009029155,7.23222541809082,2759833.0
2002-04-22,7.280874193695829,7.45924757157323,7.264658061933657,7.426815986633301,1904282.0
2002-04-23,7.426815066951818,7.443030518121574,7.251684665679931,7.251684665679932,829771.0
2002-04-24,7.264660784360429,7.267903740494393,7.177096218650715,7.19006872177124,616514.0
2002-04-25,7.216011683330229,7.313306447042363,7.186823050641246,7.235470771789551,729944.0
2002-04-26,7.264658296801626,7.371682598421951,7.2160112571111705,7.332765102386475,782490.0
2002-04-29,7.329518823209092,7.37816584534054,7.29708724892673,7.361950397491455,544880.0
2002-04-30,7.303575931712799,7.391140460968018,7.29708934356067,7.391140460968018,650411.0
2002-05-01,7.378169877701695,7.423573970794678,7.329522828983374,7.423573970794678,876832.0
2002-05-02,7.426817273640901,7.4657347751622565,7.394385683080839,7.4106011390686035,1707700.0
2002-05-03,7.436546440729506,7.459249165765461,7.413845072862671,7.446276664733887,857635.0
2002-05-06,7.4495201926172685,7.718701815100763,7.4495201926172685,7.6214070320129395,1525488.0
2002-05-07,7.65383660013859,7.712213183103126,7.57275797498871,7.699240684509277,1048293.0
2002-05-08,7.718699056920861,7.718699056920861,7.5078941081847095,7.579243183135986,1377613.0
2002-05-09,7.582486532265853,7.644106062217401,7.52735291147534,7.605187892913818,732138.0
2002-05-10,7.6116774858456955,7.673297040125422,7.550057931565969,7.6214070320129395,1065955.0
2002-05-13,7.621403935303464,7.637620065188177,7.524109191748193,7.530595779418945,724898.0
2002-05-14,7.540327806151218,7.540327806151218,7.43979007492582,7.446276664733887,721936.0
2002-05-15,7.439788722074862,7.5889734746870525,7.4268162234022075,7.520867347717285,1101169.0
2002-05-16,7.540328063812232,7.67005443572998,7.507896470832795,7.6700544357299805,1269339.0
2002-05-17,7.653834021056378,7.6797790095014955,7.624645400117468,7.644104480743408,705371.0
2002-05-20,,,,,
2002-05-21,7.653835185603487,7.728427886962891,7.611674064027116,7.728427886962891,746509.0
2002-05-22,7.692753920633947,7.72842913918468,7.663565969108968,7.676538467407227,1056192.0
2002-05-23,7.715458101367036,7.754375603628615,7.686269465732441,7.741403102874756,441433.0
2002-05-24,7.712208025861065,7.747882542784298,7.585725400920881,7.653831481933594,369689.0
2002-05-27,7.640865666461987,7.718701352550953,7.627893165211254,7.686269760131836,307709.0
2002-05-28,7.702483250543683,7.715456427066831,7.530596465332546,7.588973045349121,508569.0
2002-05-29,7.595458610946241,7.621403603330466,7.468975924842756,7.491677284240723,581520.0
2002-05-30,7.47546237561306,7.520866454869377,7.378167629241943,7.378167629241943,955158.0
2002-05-31,7.378167709252448,7.507894039154052,7.300332725612722,7.507894039154053,1016590.0
2002-06-03,7.404113384793717,7.443030876626249,7.232226608344063,7.267900466918945,1152069.0
2002-06-04,7.228986286897507,7.297092437744141,7.170609683112489,7.297092437744141,694620.0
2002-06-05,7.293846058587794,7.404113302091521,7.183578815084066,7.378167629241943,659955.0
2002-06-06,7.345739748520392,7.439790900372726,7.245202006140303,7.433304309844971,880343.0
2002-06-07,7.452757002619787,7.59545576442291,7.394380452340708,7.553294658660889,1648352.0
2002-06-10,7.530591872516368,7.6603174513702195,7.530591872516368,7.6019415855407715,2728568.0
2002-06-11,7.640862393046092,7.7024819172348415,7.540324703193474,7.543567657470703,949124.0
2002-06-12,7.553300683275936,7.647351829376253,7.524112045563117,7.559787273406982,643061.0
2002-06-13,7.559787572100675,7.559787572100675,7.41384573493948,7.443033695220947,817155.0
2002-06-14,7.436544851389306,7.472220069832318,7.361952816753443,7.426815986633301,494089.0
2002-06-17,7.446273886860481,7.550054534981692,7.443030253874222,7.491677284240723,947150.0
2002-06-18,7.524108363901972,7.585728564949131,7.507892914385713,7.514379501342773,1183444.0
2002-06-19,7.449516841262432,7.556540443785595,7.449516841262432,7.491677284240723,637028.0
2002-06-20,7.524109491099571,7.55005516423051,7.475462456678652,7.507894039154053,659516.0
2002-06-21,7.436545674991661,7.51438203033545,7.436545674991661,7.501409530639648,1475026.0
2002-06-24,7.462490345926769,7.462490345926769,7.300333103735156,7.374925136566162,1231931.0
2002-06-25,7.426816050286527,7.5078946740390435,7.378168333167479,7.498165130615234,1513970.0
2002-06-26,7.491608267851449,7.642424503521003,7.399807438836404,7.599802494049072,2028024.0
2002-06-27,7.59980190301927,7.622752108488215,7.527672881831804,7.563737392425537,768339.0
2002-06-28,7.54078769683838,7.704717550985989,7.508001588808397,7.540787696838379,1173461.0
2002-07-01,,,,,
2002-07-02,7.59980172042033,7.635866230147548,7.508000900750233,7.5899658203125,942981.0
2002-07-03,7.511277869948568,7.7473373694157175,7.511277869948568,7.724387168884277,1476343.0
2002-07-04,7.691602540090427,7.704716844900121,7.540787005775587,7.5899658203125,936948.0
2002-07-05,7.58013160024778,7.681768342552244,7.58013160024778,7.639146327972412,915556.0
2002-07-08,7.603083717984698,7.632591432252158,7.557183286459248,7.622755527496338,310780.0
2002-07-09,7.648981060290918,7.704717374061779,7.626030853797169,7.671931266784668,1260782.0
2002-07-10,7.671929171844222,7.734222964461124,7.5702924728393555,7.5702924728393555,1192439.0
2002-07-11,7.580131084270009,7.589966985888319,7.432593932000052,7.468658447265625,2729226.0
2002-07-12,7.458823065256538,7.504723485338014,7.271942979496927,7.340793609619141,960972.0
2002-07-15,7.311284216063369,7.311284216063369,7.052274492798914,7.212925910949707,1201544.0
2002-07-16,7.18997830531315,7.212928516195533,7.130962889327806,7.180142402648926,828674.0
2002-07-17,7.186698340695967,7.481773326768871,7.186698340695967,7.327678680419922,1069027.0
2002-07-18,7.360464078124457,7.416199704389695,7.255548949268908,7.288334369659424,428159.0
2002-07-19,7.2785021059501,7.2785021059501,7.124408083511205,7.144079208374023,1619282.0
2002-07-22,7.052271802366011,7.098172190041011,6.737525894879204,6.940799236297607,1352491.0
2002-07-23,6.908018875039252,7.098178075654111,6.908018875039252,6.9342474937438965,2627096.0
2002-07-24,6.803100553471135,7.1211256980896005,6.724414725980524,7.1211256980896,1638150.0
2002-07-25,7.114570179308797,7.173584909322853,6.930968492152878,7.091619968414307,1009459.0
2002-07-26,7.1309593039330545,7.258825288275456,6.983422896157188,7.147352695465088,1434218.0
2002-07-29,7.180142406436602,7.216206925556169,6.983426411055605,7.091619968414307,1433121.0
2002-07-30,7.098173892873133,7.147352695465088,7.052273494186754,7.147352695465088,2064554.0
2002-07-31,7.147354540128728,7.455543108849503,7.130961144365716,7.393249988555908,1922712.0
2002-08-01,7.393249754416008,7.458821277384694,7.252269436528319,7.353906154632568,981157.0
2002-08-02,7.409642663645902,7.458821478700323,7.350627948380146,7.432592868804932,1102375.0
2002-08-05,,,,,
2002-08-06,7.380133274408531,7.557177363240715,7.380133274408531,7.5506205558776855,1397907.0
2002-08-07,7.498164265294464,7.557178974151611,7.409641859007658,7.557178974151611,806953.0
2002-08-08,7.540788020103465,7.57029503839377,7.475215801232493,7.560459136962891,1062115.0
2002-08-09,7.508002495523014,7.586688341094817,7.47521638353357,7.4916090965271,1225678.0
2002-08-12,7.4588232153929015,7.475216614896202,7.294893336374336,7.426037788391113,740475.0
2002-08-13,7.435872662721082,7.488330578314372,7.311286399441474,7.47193717956543,625509.0
2002-08-14,7.442427960739828,7.573571681976318,7.357184644836434,7.573571681976318,1469541.0
2002-08-15,7.511276315187155,7.540784003763534,7.426033024858672,7.442425727844238,496612.0
2002-08-16,7.458822478172228,7.540788095582538,7.442429766291569,7.498166084289551,565394.0
2002-08-19,7.4784909299506355,7.540784716387035,7.4784909299506355,7.537505626678467,1039298.0
2002-08-20,7.5211129221437485,7.553899017215217,7.507998621315567,7.537505626678467,1873018.0
2002-08-21,7.52439233387399,7.540785726606922,7.458820134946512,7.475213527679443,828235.0
2002-08-22,7.491608191792255,7.54078769683838,7.475215480778415,7.540787696838379,606093.0
2002-08-23,7.511277967543543,7.530949764255264,7.393248559277452,7.409641265869141,848968.0
2002-08-26,7.426037521622739,7.514559268951416,7.389972318412024,7.514559268951416,705700.0
2002-08-27,7.524390614776001,7.524390614776001,7.429311428255391,7.442425727844238,666318.0
2002-08-28,7.419479234224387,7.540787766455014,7.409643333124357,7.494887351989746,1065736.0
2002-08-29,7.494885890998664,7.573571712455925,7.458820698661368,7.534228801727295,3551099.0
2002-08-30,7.52439361026179,7.5899658203125,7.5145577101539605,7.5899658203125,1053778.0
2002-09-02,,,,,
2002-09-03,7.540787468453004,7.540787468453004,7.458821857859363,7.485051155090332,1011324.0
2002-09-04,7.485049961770895,7.5801291768184,7.485049961770895,7.557178974151611,3042420.0
2002-09-05,7.540786266247693,7.557178974151611,7.514556973198382,7.557178974151611,964592.0
2002-09-06,7.544064341201689,7.5539002399154045,7.442427635829479,7.458820343017578,830319.0
2002-09-09,7.4752118198173365,7.4752118198173365,7.409639635871139,7.442425727844238,480705.0
2002-09-10,7.409641328751965,7.534228232313325,7.409641328751965,7.475213527679443,619476.0
2002-09-11,7.448984236507179,7.507999627143183,7.448984236507179,7.475213527679443,371664.0
2002-09-12,7.4752162090537855,7.4752162090537855,7.376857875381246,7.380136966705322,1398017.0
2002-09-13,7.3768551666836455,7.468655970002187,7.3768551666836455,7.409641265869141,673558.0
2002-09-16,7.409642661796371,7.4588214768385175,7.360463846754226,7.448985576629639,890435.0
2002-09-17,7.426035731913312,7.517835862499654,7.409642336949802,7.429314136505127,630117.0
2002-09-18,7.412922923010159,7.4752160528326055,7.367021819453678,7.399807929992676,678275.0
2002-09-19,7.360463296836095,7.376856005291321,7.2621049880981445,7.2621049880981445,2112493.0
2002-09-20,7.275221384930635,7.3407936096191415,7.24571367802009,7.340793609619141,4468959.0
2002-09-23,7.3244007468788475,7.376857976756525,7.252271026793473,7.344071865081787,1511337.0
2002-09-24,7.294889364824344,7.498162743180965,7.245709879091591,7.481770038604736,2433365.0
2002-09-25,7.462098225415917,7.540784716387035,7.3932476315664415,7.537505626678467,2670866.0
2002-09-26,7.5408212119240465,7.5408212119240465,7.457955197187282,7.4911017417907715,1250909.0
2002-09-27,7.491102527024031,7.491102527024031,7.385033989300886,7.408236503601074,1020539.0
2002-09-30,7.408235727054007,7.507675360864477,7.36845959611225,7.4911017417907715,2189831.0
2002-10-01,7.477845464358775,7.49110394739508,7.341944799534434,7.421496391296387,1057069.0
2002-10-02,7.3817200182534854,7.451328265723769,7.30216912251851,7.378405570983887,1266925.0
2002-10-03,7.378406322542647,7.474531545049163,7.378406322542647,7.424811363220215,1330771.0
2002-10-04,7.42480844780163,7.42480844780163,7.378403425345415,7.39166259765625,1856343.0
2002-10-07,7.378404520612239,7.554080604053673,7.378404520612239,7.487788200378418,2612506.0
2002-10-08,7.497732058229119,7.623689367765082,7.474530235499505,7.607115745544434,2653095.0
2002-10-09,7.590542484504467,7.633633068138505,7.507676457661795,7.557395935058594,3864731.0
2002-10-10,7.557394216328009,7.623687300143137,7.507674750238595,7.540820598602295,4069431.0
2002-10-11,7.540820598602295,7.590540758235574,7.491101132512881,7.540820598602295,1128155.0
2002-10-14,,,,,
2002-10-15,7.590542605476224,7.590542605476224,7.4148658212589025,7.52093505859375,2880832.0
2002-10-16,7.507675268359109,7.560709184236103,7.464584691551118,7.514304161071777,913911.0
2002-10-17,7.56734132276537,7.617060809055154,7.524250731424012,7.597172737121582,856099.0
2002-10-18,7.59717163858381,7.6203741546365515,7.564025781546218,7.617059707641602,1563335.0
2002-10-21,7.617059112541298,7.663464141021282,7.597171045037308,7.653520107269287,2017822.0
2002-10-22,7.6336303853843335,7.739698890208124,7.623686354690888,7.670090675354004,1488081.0
2002-10-23,7.69661102354928,7.706555057733496,7.633633065107937,7.673408508300781,2426345.0
2002-10-24,7.6899814362451275,7.713183951493626,7.673408508300782,7.673408508300781,1440800.0
2002-10-25,7.6435731993427,7.73638391494751,7.6435731993427,7.73638391494751,2416033.0
2002-10-28,7.689982717505536,7.779478346530706,7.676724234232203,7.7231292724609375,1834184.0
2002-10-29,7.709869504613561,7.749645641350426,7.640261958868067,7.673408508300781,1029096.0
2002-10-30,7.6734083176365315,7.70655486624564,7.564025331416078,7.6038007736206055,1410194.0
2002-10-31,7.597172863358337,7.607116899490356,7.378406149086396,7.457957744598389,1401418.0
2002-11-01,7.424809855605546,7.544137574221241,7.381719271284767,7.52093505859375,1140002.0
2002-11-04,7.520939318521437,7.623693473578926,7.507680829730862,7.534197807312012,1024050.0
2002-11-05,7.524250830893508,7.587228801456851,7.444699235651706,7.573970317840576,1655154.0
2002-11-06,7.590540758235574,7.590540758235574,7.4778426544586285,7.540820598602295,674655.0
2002-11-07,7.527562157119166,7.6236873371812655,7.504359647025533,7.613743305206299,1547428.0
2002-11-08,7.6203752829127644,7.6203752829127644,7.57397024393653,7.583914279937744,592490.0
2002-11-11,7.590543947847847,7.593858395368203,7.524250836175779,7.5441389083862305,407206.0
2002-11-12,7.603801899433509,7.623689970252387,7.557396863218865,7.570655345916748,624412.0
2002-11-13,7.593856931385848,7.593856931385848,7.457956286720973,7.557395935058594,932450.0
2002-11-14,7.557396098499103,7.610430717468262,7.497731892079786,7.610430717468262,519430.0
2002-11-15,7.610429362592089,7.656833692305741,7.564024339334523,7.630316734313965,3417155.0
2002-11-18,7.673407670493472,7.673407670493472,7.617058611964631,7.636946678161621,1883878.0
2002-11-19,7.6137469142124585,7.646893471992919,7.587229251861572,7.587229251861572,1020210.0
2002-11-20,7.580600012648731,7.623690605163574,7.580600012648731,7.623690605163574,365191.0
2002-11-21,7.6236904983318,7.6236904983318,7.540823762027812,7.573970317840576,897017.0
2002-11-22,7.573965650416683,7.663461226605464,7.55739272949537,7.650202751159668,1239720.0
2002-11-25,7.633631369156233,7.653518739562299,7.590540795112666,7.613743305206299,649314.0
2002-11-26,7.603800797698647,7.636947346412717,7.38171899066878,7.47452974319458,1289633.0
2002-11-27,7.474531245134229,7.61374636158094,7.474531245134229,7.597172737121582,756711.0
2002-11-28,7.557397265508652,7.590543820789846,7.497733049876016,7.580599784851074,678824.0
2002-11-29,7.55739772402594,7.580600244776089,7.431441083733104,7.461273193359375,751006.0
2002-12-02,7.4911017417907715,7.507675360864477,7.441382271657496,7.4911017417907715,2265854.0
2002-12-03,7.481162237810544,7.481162237810544,7.401610621314023,7.431442737579346,1527902.0
2002-12-04,7.398295601245174,7.424812573513605,7.358519449298241,7.3817219734191895,1608202.0
2002-12-05,7.464587913352163,7.587229416909112,7.401609244136032,7.507678508758545,1157116.0
2002-12-06,7.494418096032054,7.557396055502089,7.494418096032054,7.52093505859375,456242.0
2002-12-09,7.554081821299429,7.617060481869149,7.504362337145314,7.547452926635742,722375.0
2002-12-10,7.544136813026839,7.59385628619939,7.530877639539793,7.590541839599609,940129.0
2002-12-11,7.59054183959961,7.6170587994857755,7.544136813026839,7.590541839599609,938484.0
2002-12-12,7.59054183959961,7.6170587994857755,7.577283359656527,7.590541839599609,515809.0
2002-12-13,7.59054183959961,7.620373246085555,7.564024879713444,7.590541839599609,584482.0
2002-12-16,7.583912897197684,7.590542484504467,7.507676457661795,7.557395935058594,933108.0
2002-12-17,7.557395768207751,7.603800797698647,7.391663718181409,7.47452974319458,2066858.0
2002-12-18,7.474531950257036,7.570656484430463,7.461273465565275,7.507678508758545,862681.0
2002-12-19,7.524251723410871,7.554083141700016,7.4082391110770045,7.451329708099365,904915.0
2002-12-20,7.4413839345512285,7.4911034157951,7.414866276816299,7.448012828826904,1400869.0
2002-12-23,7.444699116261421,7.580599784851074,7.444699116261421,7.580599784851074,843264.0
2002-12-24,7.560709739569702,7.623688386229299,7.560709739569702,7.590541839599609,607957.0
2002-12-25,,,,,
2002-12-26,,,,,
2002-12-27,7.54413475391579,7.570651706564366,7.484470570140832,7.524246692657471,1328248.0
2002-12-30,7.524250830893508,7.60711687365334,7.524250830893508,7.573970317840576,825602.0
2002-12-31,7.560711734272797,7.620375256529367,7.560711734272797,7.597172737121582,408852.0
2003-01-01,,,,,
2003-01-02,7.59054274459391,7.623689295175548,7.577284263070064,7.617059707641602,799055.0
2003-01-03,7.617059254355447,7.617059254355447,7.567339778213787,7.6038007736206055,385705.0
2003-01-06,7.623690376071041,7.623690376071041,7.580599784851074,7.580599784851074,846884.0
2003-01-07,7.580600521335337,7.600487901600873,7.481160845830811,7.507678508758545,2220657.0
2003-01-08,7.501048926967517,7.524251448586815,7.388350766661147,7.404924392700195,1970870.0
2003-01-09,7.451328728163552,7.51762114539023,7.414867031758695,7.464587211608887,1045441.0
2003-01-10,7.461271908312445,7.484473731522382,7.428124663184934,7.4413838386535645,610700.0
2003-01-13,7.464585709225958,7.527563666301886,7.4347536073200935,7.47452974319458,1270107.0
2003-01-14,7.474531950257036,7.597173453813986,7.457958324234176,7.507678508758545,1260672.0
2003-01-15,7.527563832494101,7.557395935058594,7.527563832494101,7.557395935058594,498806.0
2003-01-16,7.540824068245975,7.620375666718212,7.540824068245975,7.5772857666015625,1281845.0
2003-01-17,7.577283359656527,7.607114766142472,7.550765706226398,7.590541839599609,2067735.0
2003-01-20,7.5905428168678375,7.620374227194521,7.5905428168678375,7.607115745544434,1013080.0
2003-01-21,7.613747079836846,7.620375975410621,7.507678508758545,7.507678508758545,1892215.0
2003-01-22,7.510990904543175,7.590542484504467,7.510990904543175,7.557395935058594,1058276.0
2003-01-23,7.557393230240078,7.560707675935206,7.510988216333183,7.524246692657471,812438.0
2003-01-24,7.537508277983475,7.537508277983475,7.444698211888246,7.481159210205078,1217670.0
2003-01-27,7.4811595634685455,7.567340739508803,7.444698563430011,7.51762056350708,942652.0
2003-01-28,7.5176168352772645,7.607112414152514,7.4944150227084485,7.564022541046143,1989848.0
2003-01-29,7.577282280181321,7.597169650490768,7.507674750238595,7.540820598602295,1788220.0
2003-01-30,7.557396863218865,7.583913828614631,7.5275647569905475,7.570655345916748,898662.0
2003-01-31,7.560707675935206,7.587224628583782,7.484470570140832,7.524246692657471,1427197.0
2003-02-03,7.550763645306047,7.597168659212942,7.5043586313991515,7.524246692657471,1052242.0
2003-02-04,7.507673770638054,7.524246692657471,7.457953617492256,7.524246692657471,1197156.0
2003-02-05,7.524247674420446,7.587225618564112,7.510989196366192,7.540820598602295,1149217.0
2003-02-06,7.540821119010274,7.5540795979795226,7.48778720313328,7.514304161071777,709540.0
2003-02-07,7.514306820317057,7.514306820317057,7.441384813407796,7.457957744598389,1110383.0
2003-02-10,7.46790264119953,7.46790264119953,7.394980625888024,7.451329708099365,590954.0
2003-02-11,7.457958303850606,7.461273445172644,7.408238813006339,7.418182849884033,1263086.0
2003-02-12,7.441386048744799,7.441386048744799,7.3916665533749795,7.401609897613525,817375.0
2003-02-13,7.411549969034698,7.421494001495873,7.375088979039658,7.39166259765625,582946.0
2003-02-14,7.414864415340456,7.414864415340456,7.358515360423066,7.39166259765625,955816.0
2003-02-17,7.424809860452772,7.441383482222676,7.375090382231126,7.434753894805908,572524.0
2003-02-18,7.434754250919249,7.474530390237009,7.398293252240681,7.4413838386535645,579874.0
2003-02-19,7.457956269151018,7.467900303315756,7.368460655212402,7.368460655212402,505717.0
2003-02-20,7.385033989300886,7.441383051679056,7.368460368489899,7.408236503601074,633847.0
2003-02-21,7.418179555190115,7.421494001495873,7.3717745327339,7.39166259765625,2544053.0
2003-02-24,7.375092545407165,7.375092545407165,7.242506306535417,7.259079933166504,2013653.0
2003-02-25,7.259080145546936,7.34194620049409,7.242506518430951,7.33200216293335,1120037.0
2003-02-26,7.292222850878508,7.325368700497944,7.159636678225201,7.242502689361572,2103059.0
2003-02-27,7.275654148033107,7.358520215154662,7.245822724512414,7.325373649597168,956474.0
2003-02-28,7.335316128668607,7.375091578991502,7.3253713991577,7.361833095550537,1276360.0
2003-03-03,7.385035065645935,7.385035065645935,7.179526853736686,7.1828413009643555,1089321.0
2003-03-04,7.076770375429935,7.192782924948343,7.036994247855702,7.066826343536377,1998844.0
2003-03-05,7.046942505691004,7.103290892093636,6.884524161406457,7.020424842834473,437374.0
2003-03-06,7.05025408148212,7.13643524543455,7.05025408148212,7.0767717361450195,1561689.0
2003-03-07,7.060202540677981,7.2226195335388175,7.050257808071861,7.222619533538818,1038091.0
2003-03-10,7.209356275265297,7.25244685150345,7.109917337538981,7.162951946258545,979511.0
2003-03-11,7.225931815633503,7.292224920777462,7.14969467536354,7.192785263061523,997392.0
2003-03-12,7.192783350158879,7.259076437672359,7.119861370020393,7.162951946258545,886705.0
2003-03-13,7.2425026618378,7.27233475863459,7.192783194053705,7.2259297370910645,844032.0
2003-03-14,7.225934519218687,7.225934519218687,7.093348259323586,7.153011798858643,971394.0
2003-03-17,7.1298070913699645,7.18947060684729,7.066828435250962,7.1364359855651855,470723.0
2003-03-18,7.119864382148526,7.219304055487671,7.0800882353951895,7.159639835357666,1120805.0
2003-03-19,7.182843163070251,7.355204866754179,7.182843163070251,7.298855781555176,1002219.0
2003-03-20,7.341943693135783,7.39166386395947,7.331999658971045,7.368460655212402,1536019.0
2003-03-21,7.381717974183156,7.434752583531437,7.358515462632766,7.4281229972839355,2588810.0
2003-03-24,7.428127794762092,7.428127794762092,7.292227777584033,7.325373649597168,612016.0
2003-03-25,7.3154241788102246,7.391661285112473,7.295536117419416,7.385031700134277,1317387.0
2003-03-26,7.358515851783022,7.375089471506306,7.2922234535217285,7.2922234535217285,717657.0
2003-03-27,7.3157168775915915,7.322428840776865,7.24188809120016,7.2989373207092285,891313.0
2003-03-28,7.282155893471101,7.34256073215318,7.2217510547890225,7.265377044677734,1226775.0
2003-03-31,7.231820106506348,7.302292549571739,7.215040552160374,7.231820106506348,325151.0
2003-04-01,7.24859749758512,7.399609945451476,7.24859749758512,7.38283109664917,1149875.0
2003-04-02,7.382830776918859,7.41638847307018,7.31571398029348,7.332492828369141,1379697.0
2003-04-03,7.309005436268356,7.332495551433241,7.248599875575919,7.258667469024658,872005.0
2003-04-04,7.282154184917578,7.325780164570676,7.262019009360575,7.305644989013672,878039.0
2003-04-07,7.332490233237569,7.379472535976347,7.265374162527431,7.285508632659912,1029644.0
2003-04-08,7.282155484582441,7.32578147202158,7.2653766367311965,7.315713882446289,706139.0
2003-04-09,7.31907315640262,7.332496381800507,7.268735885620117,7.268735885620117,763402.0
2003-04-10,7.288867445019755,7.332492730297534,7.272087895007151,7.315713882446289,833281.0
2003-04-11,7.315715092760072,7.315715092760072,7.272089098103437,7.29557991027832,1040285.0
2003-04-14,7.302293477471897,7.355986373014054,7.265379436246256,7.3492751121521,726982.0
2003-04-15,7.315711391100314,7.332490233237569,7.258662204375857,7.285508632659912,836792.0
2003-04-16,7.29893579548943,7.309004089244248,7.248598539684345,7.282156944274902,894604.0
2003-04-17,7.2553098031872905,7.315714644772092,7.2519541736996445,7.275444984436035,813206.0
2003-04-18,,,,,
2003-04-21,7.298934332433685,7.322425842883603,7.258664676293884,7.315713882446289,397772.0
2003-04-22,7.3123587245803865,7.366052310211167,7.285512282845732,7.335850238800049,710308.0
2003-04-23,7.366052773244115,7.48350754307979,7.349273921645599,7.453304767608643,1524501.0
2003-04-24,7.449948456289903,7.584182078097612,7.449948456289903,7.537200450897217,1664478.0
2003-04-25,7.5271324644917,7.691568151073767,7.5271324644917,7.68485689163208,2172499.0
2003-04-28,7.668077468872069,7.701635873134609,7.651298617821547,7.66807746887207,747606.0
2003-04-29,7.6680787691026735,7.698281548708713,7.65129991520706,7.6781463623046875,839863.0
2003-04-30,7.678144930028912,7.698280112676935,7.651298487939202,7.68485689163208,1172254.0
2003-05-01,7.678146052512652,7.684858015097055,7.604317974892132,7.641232013702393,1385072.0
2003-05-02,7.651296139059638,7.681498201598428,7.584179352278135,7.658008098602295,1125303.0
2003-05-05,7.658008098602295,7.684854532450389,7.637872922135591,7.658008098602295,1777689.0
2003-05-06,7.658010706123248,7.691568408778992,7.634519190805818,7.664721965789795,1217560.0
2003-05-07,7.651298617821547,7.694923911417503,7.634519064609531,7.66807746887207,1059921.0
2003-05-08,7.674790032506801,7.684857624791292,7.624452071084345,7.67143440246582,931134.0
2003-05-09,7.668074984674381,7.684854532450389,7.651296139059638,7.658008098602295,974465.0
2003-05-12,7.651299091326725,7.6815011655190375,7.621096314972875,7.674789905548096,831636.0
2003-05-13,7.67478955745112,7.684857149112445,7.658010706123248,7.664721965789795,1013299.0
2003-05-14,7.678144138200482,7.785530597646297,7.668076547914716,7.758684158325195,1853930.0
2003-05-15,7.785530881460341,7.996948880845635,7.758684441160578,7.946610927581787,1126509.0
2003-05-16,7.970105039220746,8.013731049396743,7.902988910675048,7.902988910675049,961630.0
2003-05-19,,,,,
2003-05-20,7.886206083829817,8.104335342154105,7.859359643536852,8.064064979553223,1723387.0
2003-05-21,8.053995395992258,8.188228254700784,8.053995395992258,8.178160667419434,1096342.0
2003-05-22,8.147959303831284,8.322462541611376,8.147959303831284,8.205008506774902,2018261.0
2003-05-23,8.127828860187293,8.137896454190852,8.020442361085449,8.107693672180176,2552829.0
2003-05-26,8.087554471938429,8.215076797945251,8.087554471938429,8.205008506774902,435619.0
2003-05-27,8.158029466389793,8.181520278745696,8.111047841677985,8.121114730834961,2061812.0
2003-05-28,8.121111768525239,8.137891315322543,8.0539956878197,8.10433292388916,3343108.0
2003-05-29,8.127828169233965,8.238570289535494,8.111049315428863,8.184877395629883,1851517.0
2003-05-30,8.205008914390874,8.231856053802462,8.08419924460347,8.154671669006348,864326.0
2003-06-02,8.1613849577359,8.268771426376269,8.1613849577359,8.255348205566406,1825737.0
2003-06-03,8.238567253994923,8.282193240840229,8.178162419526764,8.22178840637207,941665.0
2003-06-04,8.205009108299045,8.238567506735597,8.181519001770969,8.21507740020752,1895616.0
2003-06-05,8.188231399355624,8.262059464890603,8.154672996250234,8.255348205566406,1105447.0
2003-06-06,8.268771615018782,8.366090494731605,8.255348393902684,8.295618057250977,856976.0
2003-06-09,8.255351937077695,8.282198390832315,8.15803301559585,8.231861114501953,1046538.0
2003-06-10,8.228503505644937,8.37615966796875,8.228503505644937,8.37615966796875,737733.0
2003-06-11,8.366088264567072,8.470119078186988,8.292260217028279,8.382867813110352,1586811.0
2003-06-12,8.456695606220785,8.557370787967649,8.423137212305164,8.5405912399292,1242901.0
2003-06-13,8.540595380232242,8.554018603873534,8.332534360549777,8.389583587646484,1247399.0
2003-06-16,8.4231388410036,8.567440032958984,8.325819971343613,8.567440032958984,1113565.0
2003-06-17,8.567442631413922,8.567442631413922,8.470123030076058,8.49025821685791,867069.0
2003-06-18,8.446627918957576,8.55065872822988,8.446627918957576,8.530524253845215,1232589.0
2003-06-19,8.54059548165091,8.614424265797156,8.423141395692824,8.49025821685791,841728.0
2003-06-20,8.490256352230299,8.490256352230299,8.33924388885498,8.33924388885498,3511278.0
2003-06-23,8.386225512920126,8.406360695279893,8.305685485642524,8.33924388885498,1331539.0
2003-06-24,8.322463701540117,8.369446024184107,8.258703231811523,8.258703231811523,1019991.0
2003-06-25,8.272128616928896,8.322465880004522,8.171454090777642,8.251994132995605,1371908.0
2003-06-26,8.153591003042514,8.313066452122284,8.136625877161787,8.204487800598145,1421602.0
2003-06-27,8.150198992048438,8.184129957397728,8.024655201208548,8.061978340148926,2386304.0
2003-06-30,8.061976142205404,8.133230937025616,8.031438778686232,8.05858325958252,3555706.0
2003-07-01,,,,,
2003-07-02,8.058585989539628,8.170558253593025,8.00768989312818,8.065372467041016,1419518.0
2003-07-03,8.106084760830948,8.292704625365804,8.078940285611628,8.265560150146484,3451491.0
2003-07-04,8.296104009840429,8.313069852617827,8.228242768601874,8.299497604370117,162795.0
2003-07-07,8.313068387985584,8.489509004033787,8.279137418365904,8.482723236083984,908097.0
2003-07-08,8.482724008156667,8.509868502340268,8.438613672640601,8.455578804016113,1343825.0
2003-07-09,8.448791102385632,8.530224566304653,8.448791102385632,8.499687194824219,1233247.0
2003-07-10,8.482717476217504,8.503075476200475,8.43521358304015,8.465751647949219,701861.0
2003-07-11,8.499686531125182,8.520045250493618,8.442003966219097,8.503079414367676,1281406.0
2003-07-14,8.516655766878834,8.560766110142989,8.492904152806917,8.506476402282715,834269.0
2003-07-15,8.520047229925114,8.533619476005018,8.40468207331058,8.414860725402832,784136.0
2003-07-16,8.421644593535198,8.448789787239551,8.285921464840154,8.309672355651855,2043272.0
2003-07-17,8.306282756763602,8.425040797408887,8.306282756763602,8.414860725402832,874967.0
2003-07-18,8.387714574455567,8.567548751831055,8.387714574455567,8.567548751831055,742669.0
2003-07-21,8.55737095549282,8.635411546768323,8.506474146012176,8.53022575378418,858293.0
2003-07-22,8.56754933108829,8.601480296850273,8.455577073078068,8.574335098266602,1170828.0
2003-07-23,8.587906361951276,8.659161163037423,8.567547644510473,8.648981094360352,1206261.0
2003-07-24,8.648984077942153,8.754169874395986,8.632018947526916,8.70327377319336,1675338.0
2003-07-25,8.703274884363267,8.747385223014248,8.469151653008993,8.479331016540527,2302384.0
2003-07-28,8.53022606854733,8.65237770585135,8.516653822170644,8.55058479309082,1000793.0
2003-07-29,8.567548751831055,8.635409968810071,8.516651951650841,8.567548751831055,625400.0
2003-07-30,8.537013900547798,8.645592598737055,8.537013900547798,8.608268737792969,1269119.0
2003-07-31,8.60826625133475,8.632017856889266,8.492901107225158,8.601480484008789,1720425.0
2003-08-01,8.550581751720072,8.60147854497523,8.516650792868855,8.584512710571289,594026.0
2003-08-04,,,,,
2003-08-05,8.550586123269426,8.584517099468101,8.50986937780523,8.543800354003906,918299.0
2003-08-06,8.48950687168102,8.48950687168102,8.31645918307299,8.346997261047363,908755.0
2003-08-07,8.40128843779009,8.523440071819154,8.374143945764475,8.520047187805176,1813890.0
2003-08-08,8.53022303441801,8.618443669422506,8.465754709570362,8.584512710571289,1008472.0
2003-08-11,8.594693921883534,8.652376493368918,8.584514561038253,8.611659049987793,1699143.0
2003-08-12,8.615054164219577,8.686308992756938,8.601481917349165,8.679522514343262,1300494.0
2003-08-13,8.652375670938842,8.696485993756658,8.638803427754148,8.665947914123535,1963191.0
2003-08-14,8.652379839079215,8.68631081836501,8.516655921936035,8.516655921936035,2102071.0
2003-08-15,8.537014496071071,8.574338359618787,8.465759653855319,8.506476402282715,406109.0
2003-08-18,8.533619441633727,8.560763933684203,8.455578139542485,8.45897102355957,709978.0
2003-08-19,8.47593532717779,8.523438534633957,8.394501155830538,8.452183723449707,1048622.0
2003-08-20,8.431826438716419,8.53022575378418,8.391109701088794,8.53022575378418,808160.0
2003-08-21,8.516653635937462,8.54379883805417,8.384323349212274,8.414860725402832,1020429.0
2003-08-22,8.425040249130799,8.431826016750701,8.363964080810547,8.363964080810547,1007046.0
2003-08-25,8.38093042762438,8.431826527685166,8.35039234161377,8.35039234161377,759892.0
2003-08-26,8.346998763485553,8.428432942785115,8.336819402328503,8.397894859313965,1641222.0
2003-08-27,8.384326219991507,8.475939799845321,8.384326219991507,8.431829452514648,1484460.0
2003-08-28,8.465756676259419,8.530225016083776,8.448791547870956,8.513259887695312,567039.0
2003-08-29,8.537013603247885,8.54719296677942,8.431827793364704,8.479331016540527,1131446.0
2003-09-01,,,,,
2003-09-02,8.42164869769727,8.550586123269426,8.42164869769727,8.543800354003906,1061457.0
2003-09-03,8.547193418913277,8.618448257446289,8.547193418913277,8.618448257446289,697582.0
2003-09-04,8.618446002318333,8.652376970354199,8.584515034282465,8.642197608947754,1101278.0
2003-09-05,8.61165823142801,8.676127274001242,8.567548618566942,8.665947914123535,483667.0
2003-09-08,8.665946670051353,8.672733145647816,8.621836353565957,8.662553787231445,1052242.0
2003-09-09,8.662555215905735,8.662555215905735,8.59808617195502,8.632017135620117,628800.0
2003-09-10,8.648983318339825,8.720238847705122,8.635411073208243,8.669342041015625,554314.0
2003-09-11,8.652374507294319,8.68291187286377,8.59808483190013,8.68291187286377,736965.0
2003-09-12,8.652379234360632,8.66255859843064,8.591303049940588,8.618448257446289,398650.0
2003-09-15,8.618445527203585,8.618445527203585,8.523439105923382,8.611659049987793,314071.0
2003-09-16,8.618444842054508,8.618444842054508,8.526831311686884,8.567548751831055,936838.0
2003-09-17,8.56755143235308,8.58451656441651,8.523441095048387,8.540406227111816,540382.0
2003-09-18,8.51665232231815,8.533618159768873,8.482722067330286,8.499687194824219,577680.0
2003-09-19,8.648981757738436,8.648981757738436,8.482721252408561,8.553976058959961,1775385.0
2003-09-22,8.516653495746775,8.543798697416651,8.482723236083984,8.482723236083984,1011653.0
2003-09-23,8.486114546171743,8.635410655307844,8.479328778912768,8.611659049987793,1132214.0
2003-09-24,8.553978957961585,8.611660831422402,8.499689258875156,8.509868621826172,950989.0
2003-09-25,8.530223900221102,8.55058261958954,8.46575556883003,8.503079414367676,789511.0
2003-09-26,8.55795757026188,8.609407976788379,8.499646774610316,8.56824779510498,721716.0
2003-09-29,8.588828244791179,8.602548305352311,8.547667345418782,8.56824779510498,507253.0
2003-09-30,8.575115320750385,8.609415141854267,8.496224009756427,8.599124908447266,833939.0
2003-10-01,8.571683694349332,8.588834320449683,8.544243553816175,8.575114250183105,1020539.0
2003-10-02,8.57511428369125,8.626564726814342,8.56139349568155,8.609414100646973,1411839.0
2003-10-03,8.616273796787013,8.626564028116087,8.578542709350586,8.578542709350586,573292.0
2003-10-06,8.602550975944641,8.602550975944641,8.49278902200287,8.523659706115723,824725.0
2003-10-07,8.537383193198838,8.623134170967164,8.537383193198838,8.609414100646973,587992.0
2003-10-08,8.609414100646973,8.640284797134534,8.554533819366208,8.609414100646973,620573.0
2003-10-09,8.616273436249596,8.616273436249596,8.557962606284415,8.602553367614746,477524.0
2003-10-10,8.626564909437892,8.684875030110748,8.605984444677164,8.65400505065918,497270.0
2003-10-13,,,,,
2003-10-14,8.684872737499777,8.746614115483625,8.623132077205264,8.739753723144531,1562347.0
2003-10-15,8.746614058591415,8.849514919183177,8.746614058591415,8.815215110778809,1385292.0
2003-10-16,8.846081784868915,8.914682811488108,8.842651948844674,8.911252975463867,784026.0
2003-10-17,8.900968298921207,8.914688369260872,8.85637753205016,8.883817672729492,836682.0
2003-10-20,8.852943567551364,8.952414569417874,8.852943567551364,8.92497444152832,1446614.0
2003-10-21,8.93526405721533,8.93869389354443,8.887243477851436,8.93183422088623,2199704.0
2003-10-22,8.918118304038508,8.938698768615723,8.914688465838811,8.938698768615723,1125741.0
2003-10-23,8.921548228917349,9.117060475503983,8.918117673270775,9.072469711303711,904915.0
2003-10-24,9.021019119380139,9.038169744255995,8.900967616006957,8.91811752319336,657652.0
2003-10-27,8.935268148069216,8.948988217356229,8.8838169911311,8.91811752319336,2979562.0
2003-10-28,8.914688348509141,9.16508160527133,8.887248207893686,9.123921394348145,1091954.0
2003-10-29,9.08618466034703,9.08618466034703,8.900962749702082,8.911252975463867,1536897.0
2003-10-30,8.935266337764029,9.082757949829102,8.935266337764029,9.082757949829102,1004304.0
2003-10-31,9.082752580324753,9.243964881281606,9.00386206512364,9.226814270019531,1421383.0
2003-11-03,9.22682024859675,9.261120775657261,9.10676876272964,9.24397087097168,1122231.0
2003-11-04,9.243968987663413,9.27826950773575,9.14792781853655,9.26111888885498,2178971.0
2003-11-05,9.261119538029593,9.261119538029593,9.17879842762338,9.20966911315918,1436192.0
2003-11-06,9.20966437644634,9.254255104501073,9.192513765184266,9.226814270019531,1580119.0
2003-11-07,9.20967182065241,9.254262584749993,9.192521195527434,9.24740219116211,1917117.0
2003-11-10,9.216530947962843,9.309142301383163,9.216530947962843,9.30571174621582,975672.0
2003-11-11,9.309143630363433,9.34687328338623,9.175371337352487,9.34687328338623,1418311.0
2003-11-12,9.305714432798588,9.381175185235994,9.213103052641134,9.326294898986816,1148669.0
2003-11-13,9.298849163468747,9.343439910937729,9.24396890598926,9.271409034729004,1237526.0
2003-11-14,9.29542130271777,9.34687173446386,9.237110478483839,9.24397087097168,565942.0
2003-11-17,9.28513112437258,9.51494458518476,9.261120827065875,9.501224517822266,1339766.0
2003-11-18,9.46006273107604,9.532093616394866,9.32286135233559,9.333150863647461,1342728.0
2003-11-19,9.36402378533493,9.545815960567895,9.36402378533493,9.514945983886719,1287439.0
2003-11-20,9.484073752363727,9.741327344022364,9.484073752363727,9.665865898132324,1776921.0
2003-11-21,9.638424730277567,9.768766430813429,9.610984598908733,9.676155090332031,1823214.0
2003-11-24,9.676155731445153,9.772197632978052,9.676155731445153,9.734466552734375,918518.0
2003-11-25,9.724175253222066,9.76876600301061,9.490931993733582,9.569823265075684,3350128.0
2003-11-26,9.60412883758545,9.655579288129733,9.59383860393867,9.60412883758545,875077.0
2003-11-27,9.604123539458069,9.634994223368553,9.552673117296479,9.600693702697754,244192.0
2003-11-28,9.58354791543218,9.621279009576092,9.573258399963379,9.573258399963379,526560.0
2003-12-01,9.580116851831221,9.734468894089105,9.432625203364804,9.538956642150879,1299287.0
2003-12-02,9.535520234973369,9.593831034505428,9.484069825022926,9.576681137084961,567807.0
2003-12-03,9.604123375558478,9.679584806822131,9.583542919969371,9.6212739944458,1120037.0
2003-12-04,9.631562920569058,9.638423311245868,9.442911148071289,9.442911148071289,1202751.0
2003-12-05,9.463491358008094,9.51837233309978,9.418900610601675,9.47378158569336,684857.0
2003-12-08,9.552677390543995,9.590407764853229,9.439485549926758,9.439485549926758,1117514.0
2003-12-09,9.501226240438324,9.535526056218599,9.415474547919189,9.456635475158691,713160.0
2003-12-10,9.41890438595932,9.501226240438324,9.384603852489562,9.456635475158691,828454.0
2003-12-11,9.442913675096849,9.621275985844822,9.442913675096849,9.61098575592041,859938.0
2003-12-12,9.604119269476318,9.631559386737422,9.552668870189523,9.586969375610352,732138.0
2003-12-15,9.60412378662924,9.621274406250633,9.466922418104252,9.569823265075684,841509.0
2003-12-16,9.552675079017733,9.700166702270508,9.552675079017733,9.700166702270508,2460461.0
2003-12-17,9.672726417777525,9.672726417777525,9.573255391323803,9.61098575592041,653373.0
2003-12-18,9.604128216953654,9.631568359778772,9.532097303770547,9.545817375183105,1843728.0
2003-12-19,9.569826365439129,9.576686759048114,9.466925485130611,9.521805763244629,2391899.0
2003-12-22,9.525232107593041,9.665864024636592,9.525232107593041,9.6212739944458,854453.0
2003-12-23,9.604126250348111,9.662437080178542,9.573256275413389,9.638426780700684,901405.0
2003-12-24,9.604125097066781,9.772197890918711,9.590405030111167,9.751617431640625,485861.0
2003-12-25,,,,,
2003-12-26,,,,,
2003-12-29,9.689872875895384,9.751614233480819,9.610982337351379,9.652142524719238,385925.0
2003-12-30,9.638427861250925,9.707028929646835,9.518376350402832,9.518376350402832,493760.0
2003-12-31,9.545813818249833,9.573254668539585,9.518373685649378,9.56296443939209,262402.0
2004-01-01,,,,,
2004-01-02,9.604124711131037,9.751617039777996,9.5183737578373,9.662435531616211,413350.0
2004-01-05,9.65557866417314,9.74133036645837,9.521807070788737,9.545817375183105,759234.0
2004-01-06,9.556105651392395,9.638426780700684,9.535525189642968,9.638426780700684,1547538.0
2004-01-07,9.638424818912657,9.665864950533832,9.525233020019089,9.556103706359863,988836.0
2004-01-08,9.545814180573263,9.545814180573263,9.209670031546368,9.302281379699707,2000489.0
2004-01-09,9.226817473650113,9.340009250676534,9.072465507143534,9.233677864074707,2634994.0
2004-01-12,9.261122260648413,9.271412492185506,9.09991054707252,9.24740219116211,1546551.0
2004-01-13,9.27826882685082,9.340009471374515,9.178797110634004,9.185657501220703,906012.0
2004-01-14,9.226818268792709,9.432621386996468,9.192517749092081,9.364020347595215,704384.0
2004-01-15,9.364025078749602,9.381174988420275,9.264554023742676,9.264554023742676,624851.0
2004-01-16,9.329719131535688,9.374309875587223,9.226817580114254,9.240537643432617,870140.0
2004-01-19,9.27826950773575,9.329719928999655,9.219958695381697,9.26111888885498,956145.0
2004-01-20,9.26111888885498,9.295419408927318,9.219958695381697,9.26111888885498,760002.0
2004-01-21,9.267985281223934,9.39146665929062,9.261124885691489,9.312575340270996,1978878.0
2004-01-22,9.364023499961327,9.463494538197288,9.31600289975232,9.415473937988281,773824.0
2004-01-23,9.480645131531238,9.573256493827166,9.449774438202784,9.525235176086426,1103911.0
2004-01-26,9.518377232357988,9.621278844486527,9.518377232357988,9.545817375183105,779528.0
2004-01-27,9.580108987450627,9.652139833527698,9.463487412557589,9.586969375610352,1218767.0
2004-01-28,9.586974986098566,9.600695052758375,9.518373935110212,9.53209400177002,1764744.0
2004-01-29,9.559538887460167,9.583549195473498,9.346875954287908,9.350306510925293,1162272.0
2004-01-30,9.415473069759809,9.432623692646908,9.264551607413805,9.278271675109863,1468773.0
2004-02-02,9.309143224116426,9.49779506944507,9.219961699334306,9.415473937988281,2025391.0
2004-02-03,9.463491410706125,9.46692196507978,9.329719885431146,9.336580276489258,1859525.0
2004-02-04,9.34001007426756,9.364020366337135,9.24396890598926,9.271409034729004,1270436.0
2004-02-05,9.288559735526372,9.346869830191222,9.247398824363886,9.26111888885498,609603.0
2004-02-06,9.267980370225837,9.340011255544663,9.261119978328635,9.333150863647461,477744.0
2004-02-09,9.346870929752578,9.456632893972081,9.333150863647461,9.333150863647461,1106434.0
2004-02-10,9.364022191960293,9.429193407534553,9.329721665503735,9.391462326049805,1232260.0
2004-02-11,9.415470971081765,9.442911818046776,9.364020549267341,9.408611297607422,920712.0
2004-02-12,9.42576452986298,9.432624923450863,9.24740219116211,9.24740219116211,1369824.0
2004-02-13,9.24397016698556,9.278270691433871,9.18222951005432,9.213099479675293,1202970.0
2004-02-16,9.243970640675183,9.309141855773337,9.22682001872753,9.291991233825684,302772.0
2004-02-17,9.261118097254732,9.309139395402713,9.182227553751861,9.240537643432617,2547563.0
2004-02-18,9.261120154121826,9.319430974442383,9.192519104604784,9.20280933380127,924881.0
2004-02-19,9.219954599665808,9.27826538611687,9.219954599665808,9.226814270019531,1726349.0
2004-02-20,9.226822280500862,9.243972906652653,9.079330627580898,9.123921394348145,1589443.0
2004-02-23,9.110193118183677,9.213093911650196,9.096472342545205,9.192513465881348,1269778.0
2004-02-24,9.175363572866548,9.291985141971539,9.151353292032512,9.192513465881348,1466799.0
2004-02-25,9.364022191960293,9.487503513052433,9.364022191960293,9.391462326049805,4051440.0
2004-02-26,9.432624988362297,9.453204733888642,9.364023922769233,9.412044525146484,2898823.0
2004-02-27,9.46692523240929,9.545815809514561,9.449774607689399,9.504654884338379,1634201.0
2004-03-01,9.542385800498712,9.604126469466188,9.490934644951288,9.525235176086426,977427.0
2004-03-02,9.562965369683756,9.600695735102141,9.466924178549913,9.497794151306152,1193426.0
2004-03-03,9.497791382880992,9.60069293668314,9.487501155731863,9.597262382507324,1061567.0
2004-03-04,9.60412568082553,9.631565816404628,9.538955179402835,9.552675247192383,2078267.0
2004-03-05,9.569825804481441,9.66243716548205,9.545815504791612,9.62813663482666,2140905.0
2004-03-08,9.638426611061526,9.686447209172066,9.638426611061526,9.65900707244873,2476368.0
2004-03-09,9.655574024215428,9.796205944570636,9.655574024215428,9.792776107788086,3897312.0
2004-03-10,9.77563009634135,10.032883765454656,9.76191002505483,9.895682334899902,2996675.0
2004-03-11,9.919685734572022,9.974565981519232,9.878524831672554,9.943696022033691,1846909.0
2004-03-12,9.964275705142512,9.977995765821367,9.888814294875305,9.940264701843262,1012750.0
2004-03-15,9.919689033699798,9.967709624594008,9.912828641705213,9.957419395446777,1165233.0
2004-03-16,9.977999843839587,10.0911909289682,9.947129156428531,10.067180633544922,1105666.0
2004-03-17,10.067181990987839,10.084332614425199,9.847658747739633,9.998580932617188,4513936.0
2004-03-18,10.008866730222723,10.194089362250649,10.00543689413008,10.098048210144043,1396591.0
2004-03-19,10.084328148084396,10.146068786197345,10.084328148084396,10.098048210144043,2980549.0
2004-03-22,10.115201883169776,10.115201883169776,10.005440628041924,10.015730857849121,1566626.0
2004-03-23,10.050034785255434,10.056894462321766,9.964283798099185,10.019164085388184,953512.0
2004-03-24,10.05003067818739,10.067180581534288,9.950559659858941,9.984859466552734,906012.0
2004-03-25,9.981433268943956,10.03288371543428,9.923122427999797,10.005443572998047,1378381.0
2004-03-26,9.988288041434425,9.988288041434425,9.912827327941402,9.9334077835083,1554778.0
2004-03-29,9.916086629454245,9.961128429409621,9.82253849876197,9.85025691986084,3551208.0
2004-03-30,9.83986113550692,9.881437673533082,9.735918703018337,9.829466819763184,1097329.0
2004-03-31,9.874506629095121,9.905689572350637,9.735917461728683,9.798282623291016,1220193.0
2004-04-01,9.787888259918054,9.843324361556583,9.770564885939654,9.812141418457031,880013.0
2004-04-02,9.874511666744816,9.99924277845187,9.822540793087166,9.943806648254395,2210674.0
2004-04-05,9.954198763955947,10.186336828119027,9.926481067468886,10.092788696289062,1295557.0
2004-04-06,10.051212592736753,10.09625367026799,10.006170790256578,10.072000503540039,675094.0
2004-04-07,10.07893095365864,10.07893095365864,9.974988493006785,9.995777130126953,813755.0
2004-04-08,9.999241661330652,10.047747997978387,9.916087837798965,9.995777130126953,1040395.0
2004-04-09,,,,,
2004-04-12,9.995778246861112,10.047749120518763,9.93341232853305,9.943806648254395,535117.0
2004-04-13,9.99923847825152,10.013097323603589,9.739382771816805,9.794818878173828,922687.0
2004-04-14,9.739387851332948,9.801753050417803,9.631980837651033,9.701275825500488,2601316.0
2004-04-15,9.701271565937517,9.701271565937517,9.406768359360205,9.427556991577148,1490384.0
2004-04-16,9.476064461017764,9.580006909704702,9.410234750980267,9.486458778381348,1081094.0
2004-04-19,9.49339041774523,9.524573375921895,9.451813140176343,9.455278396606445,625729.0
2004-04-20,9.482995157978692,9.59040214778199,9.476065370754718,9.555754661560059,849188.0
2004-04-21,9.552289360820332,9.652766555304476,9.514176621582568,9.614654541015625,1083836.0
2004-04-22,9.614656336883257,9.711669018629483,9.580008846981169,9.597332954406738,1043247.0
2004-04-23,9.631975541916185,9.649299641828192,9.503780682321269,9.580004692077637,879904.0
2004-04-26,9.597331699499989,9.701273430666218,9.493389243384804,9.510712623596191,673010.0
2004-04-27,9.51071356002826,9.528037666894345,9.30282935227841,9.309759140014648,1420834.0
2004-04-28,9.285503393023665,9.320150874894898,9.115731239318848,9.115731239318848,2517615.0
2004-04-29,9.181558753777145,9.396372638125637,9.178093499227321,9.323613166809082,1418202.0
2004-04-30,9.372125844093413,9.437955575953142,9.285506745666039,9.40677261352539,7950288.0
2004-05-03,9.403305442504692,9.424093351737211,9.372122491232588,9.39637565612793,2041627.0
2004-05-04,9.420630973390807,9.625050656348789,9.41370118543077,9.597332954406738,2708932.0
2004-05-05,9.631980837651033,9.715134678080553,9.58000995923851,9.701275825500488,1370153.0
2004-05-06,9.739387344086486,9.836400032043457,9.642374656129515,9.836400032043457,1548416.0
2004-05-07,9.787890646851881,9.805214750003735,9.48299382585774,9.56268310546875,1857770.0
2004-05-10,9.44141848033074,9.580008433964144,9.39291214154885,9.43795394897461,1438496.0
2004-05-11,9.389448174132477,9.63197988260862,9.389448174132477,9.545361518859863,997612.0
2004-05-12,9.580006085942532,9.580006085942532,9.431022574756007,9.55921745300293,503962.0
2004-05-13,9.510712623596191,9.621584141816347,9.493389243384804,9.510712623596191,449002.0
2004-05-14,9.486461639400892,9.562686414739485,9.465672998404083,9.541897773742676,1025695.0
2004-05-17,9.541894505041014,9.611189467993063,9.469135011426026,9.493388175964355,408633.0
2004-05-18,9.52803909445471,9.53843341514191,9.427561144444539,9.44488525390625,724898.0
2004-05-19,9.47606331678414,9.562682376038465,9.330544341163167,9.427556991577148,1198802.0
2004-05-20,9.372121516143018,9.500316388710019,9.32707972175249,9.340938568115234,449441.0
2004-05-21,9.358263505672074,9.493388175964355,9.358263505672074,9.493388175964355,440665.0
2004-05-24,,,,,
2004-05-25,9.528034012923433,9.545357388197033,9.462203591996506,9.469133377075195,641416.0
2004-05-26,9.49338826260553,9.528035744397762,9.392910347923388,9.410234451293945,1198034.0
2004-05-27,9.372122737279726,9.493388564940037,9.351334102552558,9.486458778381348,743766.0
2004-05-28,9.493388325926924,9.493388325926924,9.385981349139254,9.44141674041748,690232.0
2004-05-31,9.458733873127764,9.524564257941934,9.389438960149167,9.489916801452637,240572.0
2004-06-01,9.417165300338356,9.45874184821153,9.354799391105152,9.38251781463623,607738.0
2004-06-02,9.420626728023993,9.420626728023993,9.226600727019516,9.26817798614502,1228530.0
2004-06-03,9.285503714638375,9.309757605242295,9.233532852505896,9.247391700744629,655348.0
2004-06-04,9.250859875022428,9.33054845877292,9.250859875022428,9.288971900939941,799494.0
2004-06-07,9.302827496433721,9.302827496433721,9.053366061930182,9.115731239318848,1336365.0
2004-06-08,9.046441138228161,9.088018428801858,8.904387328632756,9.03258228302002,1221729.0
2004-06-09,9.025649110692065,9.063761126408576,8.939030036396703,8.956354141235352,1085701.0
2004-06-10,8.939026434004273,9.074151787474559,8.932097374820348,9.015251159667969,1803578.0
2004-06-11,9.00832507968494,9.12959163970255,8.9944662306698,9.042972564697266,290815.0
2004-06-14,9.011789710817974,9.077619420312823,8.963283380153694,9.004859924316406,595232.0
2004-06-15,8.959816706349008,9.257784429676585,8.932099014627441,9.209278106689453,1250909.0
2004-06-16,9.18156054206495,9.382515622200014,9.112265586853027,9.112265586853027,1082849.0
2004-06-17,9.146910772697426,9.347865802483138,9.146910772697426,9.302824020385742,618818.0
2004-06-18,9.285501290720543,9.441414561366779,9.236995697021484,9.236995697021484,1490823.0
2004-06-21,9.354796726995147,9.389444202830177,8.973675217758585,9.077617645263672,1118611.0
2004-06-22,9.08108489722112,9.268181177818583,9.042972879863962,9.230069160461426,1363790.0
2004-06-23,9.2681807330145,9.285504112818552,9.174632597205386,9.25085735321045,1470529.0
2004-06-24,9.26471435862816,9.282037734985352,9.188489617789658,9.282037734985352,1135505.0
2004-06-25,9.282040296050232,9.302828933373815,9.146915603344919,9.15038013458252,954390.0
2004-06-28,9.244966860581767,9.244966860581767,9.115347929633014,9.188915252685547,887254.0
2004-06-29,9.202919006347656,9.230945149492875,9.139861467015795,9.202919006347656,734771.0
2004-06-30,9.195918632353507,9.248466491699219,9.073305738884308,9.248466491699219,1649559.0
2004-07-01,,,,,
2004-07-02,8.992732835523755,9.18891230063887,8.992732835523755,9.115345001220703,505717.0
2004-07-05,9.013756051855053,9.020762045404565,8.887640104987376,8.922672271728516,1096342.0
2004-07-06,8.971717122713732,9.265986442565918,8.971717122713732,9.265986442565918,1124754.0
2004-07-07,9.255476191784377,9.301018079070062,9.206431307937583,9.213438034057617,892519.0
2004-07-08,9.244968594007783,9.244968594007783,9.108342911580598,9.16089153289795,788304.0
2004-07-09,9.206429861816563,9.255474737959522,9.160888714682175,9.19241714477539,732028.0
2004-07-12,9.276495826513521,9.276495826513521,9.181909053450184,9.241463661193848,954061.0
2004-07-13,9.265985421790857,9.265985421790857,9.09082534107927,9.122354507446289,1942019.0
2004-07-14,9.108338995690232,9.125855439597924,9.045281410217285,9.045281410217285,896249.0
2004-07-15,9.132857712191145,9.157380870276487,9.052283715617346,9.080309867858887,1084823.0
2004-07-16,9.125855819217033,9.157384979763867,8.936682321931306,8.950695037841797,1259575.0
2004-07-19,8.985726230032135,9.206428131187797,8.982223234679761,9.15037727355957,1416227.0
2004-07-20,9.160889355047841,9.248469392425482,9.129360189752969,9.20993423461914,694182.0
2004-07-21,9.248468019837778,9.283500176189177,9.220441854958072,9.262480735778809,848530.0
2004-07-22,9.265981679058802,9.265981679058802,9.111841104852635,9.146872520446777,545428.0
2004-07-23,9.143372454885709,9.301016807556152,9.129359737559092,9.301016807556152,1583300.0
2004-07-26,9.304518998902626,9.371079578453193,9.129358228773986,9.206428527832031,681895.0
2004-07-27,9.206428527832031,9.276492835883488,9.125855233270691,9.206428527832031,705042.0
2004-07-28,9.248466898522432,9.297511764868498,9.136364451588218,9.195919036865234,633518.0
2004-07-29,9.248469693510259,9.287004852571117,9.143373205437012,9.272992134094238,687161.0
2004-07-30,9.315027734098523,9.385092040259686,9.262479870976438,9.336047172546387,609054.0
2004-08-02,,,,,
2004-08-03,9.336048355856876,9.441144828419219,9.301016198336095,9.406112670898438,571318.0
2004-08-04,9.381590848431344,9.381590848431344,9.28350109414731,9.301016807556152,988507.0
2004-08-05,9.329040317688042,9.350059755840649,9.220440864562988,9.220440864562988,1328028.0
2004-08-06,9.21343306683184,9.318529503984962,9.20642634448933,9.304516792297363,454048.0
2004-08-09,9.371077585986464,9.472670297962246,9.304517020587921,9.413116455078125,1356221.0
2004-08-10,9.458659410069199,9.577768584802973,9.413118270433703,9.52872371673584,890435.0
2004-08-11,9.511208646239973,9.693375430065233,9.31853287459587,9.626814842224121,1123218.0
2004-08-12,9.591785560466551,9.598792287444823,9.416625448986682,9.546243667602539,962618.0
2004-08-13,9.59878921508789,9.59878921508789,9.4586605843577,9.59878921508789,794118.0
2004-08-16,9.563758078690492,9.68987327341699,9.462165323660686,9.672357559204102,971942.0
2004-08-17,9.710891875758678,9.710891875758678,9.570763242201854,9.626814842224121,810244.0
2004-08-18,9.57076558663082,9.616307476992375,9.476179542107875,9.493695259094238,714366.0
2004-08-19,9.458661460447166,9.458661460447166,9.332546267506967,9.444648742675781,941555.0
2004-08-20,9.458659261554414,9.588278153552736,9.413118122633982,9.5322265625,668073.0
2004-08-23,9.54974318619213,9.612800769196825,9.4796788792991,9.490188598632812,481473.0
2004-08-24,9.518211461941906,9.577766033444439,9.47266960144043,9.47266960144043,343142.0
2004-08-25,9.458663611862605,9.546243667602539,9.430638169945324,9.546243667602539,610371.0
2004-08-26,9.54624064872899,9.581272806546083,9.371080592641196,9.3991060256958,533032.0
2004-08-27,9.437642167664643,9.493693772641013,9.39560401368068,9.441145896911621,341386.0
2004-08-30,9.476177412211696,9.479680408222052,9.357068217882626,9.423628807067871,760331.0
2004-08-31,9.423625886135381,9.630315780639648,9.423625886135381,9.630315780639648,652057.0
2004-09-01,9.49719793387124,9.805480699560377,9.49719793387124,9.773951530456543,875516.0
2004-09-02,9.654837898118835,9.79496649716734,9.654837898118835,9.76694107055664,451745.0
2004-09-03,9.766942858600784,9.7739488500373,9.584775353289135,9.651336669921875,517565.0
2004-09-06,,,,,
2004-09-07,9.640825459101725,9.8264959314232,9.598787317989663,9.787960052490234,588102.0
2004-09-08,9.738919490321083,9.773951656555809,9.710894050532438,9.728409767150879,1206590.0
2004-09-09,9.70388500761261,9.75292914533156,9.63382069716105,9.7003812789917,1132543.0
2004-09-10,9.693377475856416,9.808983696239302,9.675861759463956,9.773951530456543,598084.0
2004-09-13,9.784457761612124,9.942102084875481,9.72490317433507,9.917579650878906,1282283.0
2004-09-14,9.82649358339231,9.868531714459403,9.76693901463258,9.770442008972168,445053.0
2004-09-15,9.770443463093878,9.861526460460347,9.752927022794296,9.791462898254395,14768363.0
2004-09-16,9.773948590388212,9.819490465506284,9.766942599137813,9.78095531463623,700873.0
2004-09-17,9.777450185813203,9.808978605556517,9.766940468232946,9.791462898254395,2411755.0
2004-09-20,9.808978332176551,9.88604934795129,9.791462625362598,9.879042625427246,1105118.0
2004-09-21,9.879045611151009,9.98414134979248,9.865032894865323,9.98414134979248,792034.0
2004-09-22,9.984137931591519,10.019170076810848,9.93159008026123,9.93159008026123,943201.0
2004-09-23,9.949107773853049,9.952610768917452,9.900062910961402,9.924585342407227,462934.0
2004-09-24,9.896564483642578,9.94911310274193,9.840513600600461,9.896564483642578,992127.0
2004-09-27,9.896561231467949,9.914077676410836,9.759936332702637,9.759936332702637,725556.0
2004-09-28,9.805957907884384,9.901538848876953,9.752856562102012,9.901538848876953,658529.0
2004-09-29,9.851976555858629,9.862596823364969,9.717454401957875,9.78825569152832,990262.0
2004-09-30,9.752855046743099,9.823656336313544,9.738694936970555,9.78825569152832,1100949.0
2004-10-01,9.802417324360325,9.92631923000611,9.774097100414961,9.901538848876953,1065297.0
2004-10-04,9.922777834452539,10.007739233701544,9.84135627746582,9.84135627746582,883853.0
2004-10-05,9.873218968267926,10.011280990687432,9.859058855802832,9.94402027130127,895920.0
2004-10-06,9.990044262545425,10.02190434020635,9.912162508990498,9.947563171386719,723142.0
2004-10-07,9.936941104861384,9.990042459224343,9.894460762078987,9.922780990600586,1013189.0
2004-10-08,9.908620033457943,9.979420598739251,9.88029980734542,9.89799976348877,814193.0
2004-10-11,,,,,
2004-10-12,9.866140057660298,9.947561642730241,9.866140057660298,9.887380599975586,1238842.0
2004-10-13,9.947557558871392,9.97941761855654,9.820115838715424,9.86967658996582,2003341.0
2004-10-14,9.883836904494958,9.89091658870225,9.805955933968535,9.82011604309082,944298.0
2004-10-15,9.841354828982352,9.87321562677675,9.756393442238247,9.859055519104004,895920.0
2004-10-18,9.876758704132088,9.894459400052465,9.795337132455657,9.798877716064453,1163478.0
2004-10-19,9.820116494047342,9.88383735837765,9.71037471742547,9.78825569152832,1215366.0
2004-10-20,9.816575922050923,9.823656347298979,9.720994255094707,9.73515510559082,764828.0
2004-10-21,9.770560358506705,9.78472047497342,9.682058334350586,9.682058334350586,508021.0
2004-10-22,9.682058334350586,9.763479929919304,9.664358373944214,9.682058334350586,577132.0
2004-10-25,9.685594106092658,9.770556250587756,9.653734042614772,9.71745491027832,860158.0
2004-10-26,9.788255702474169,9.813036079780762,9.717454412824548,9.73515510559082,685186.0
2004-10-27,9.710377112346322,9.728077068750498,9.57585492526766,9.650196075439453,883853.0
2004-10-28,9.67498111184911,9.696221662315741,9.551079135307555,9.611259460449219,1173132.0
2004-10-29,9.646651573612086,9.851974984331344,9.607711833479827,9.781173706054688,4839525.0
2004-11-01,9.781179890325678,9.820121136494251,9.650198257477498,9.682058334350586,756820.0
2004-11-02,9.682056074094449,9.855518756556352,9.667895960933382,9.809497833251953,738281.0
2004-11-03,9.841356288352289,9.85551639812483,9.752855046743099,9.78825569152832,952306.0
2004-11-04,9.78825652371273,9.805957217964098,9.628953978989404,9.64311408996582,1097219.0
2004-11-05,9.69975608085726,9.69975608085726,9.600634555075219,9.653735160827637,815839.0
2004-11-08,9.646652537009663,9.646652537009663,9.558151300679157,9.621872901916504,862791.0
2004-11-09,9.628953664039626,9.735155603950723,9.575853064437965,9.71745491027832,1100620.0
2004-11-10,9.717455213833652,9.834277425455946,9.667894455135174,9.745776176452637,406768.0
2004-11-11,9.788259002803628,9.869680587424565,9.735158388016226,9.805959701538086,409949.0
2004-11-12,9.84135563160296,9.883836698793408,9.827195522775375,9.86967658996582,573950.0
2004-11-15,9.901539649723317,9.961720686005608,9.841358613441026,9.91215991973877,1090637.0
2004-11-16,9.940478913804391,10.014820053989705,9.85905808829161,10.000659942626953,813974.0
2004-11-17,10.028979638330403,10.145801097836962,10.011278945833585,10.074999809265137,912704.0
2004-11-18,10.071463555840909,10.152885140782455,10.011282513181154,10.124564170837402,1374760.0
2004-11-19,10.142263000727137,10.195363605938784,10.09270223834084,10.188283920288086,845458.0
2004-11-22,10.19536566886522,10.27678725527803,10.163504854866815,10.177665710449219,891093.0
2004-11-23,10.191820748620025,10.276782136253853,10.174120799020642,10.252001762390137,1032935.0
2004-11-24,10.23076419277895,10.26616484293615,10.184743273503809,10.227224349975586,936619.0
2004-11-25,10.223685546265791,10.266165886347247,10.191824735673757,10.255545616149902,516906.0
2004-11-26,10.262623983536054,10.26616382598877,10.23430302179101,10.26616382598877,445163.0
2004-11-29,10.23784239536962,10.354663848876953,10.23784239536962,10.354663848876953,1145817.0
2004-11-30,10.329888757580303,10.450250855402272,10.301568525401509,10.400690078735352,977098.0
2004-12-01,10.400687895583253,10.400687895583253,10.241385326776765,10.319266319274902,1684882.0
2004-12-02,10.315724083247282,10.329884193079705,10.259082903209858,10.28386402130127,601046.0
2004-12-03,10.266165565736946,10.266165565736946,10.092702886249338,10.159963607788086,883085.0
2004-12-06,10.1422648580006,10.195365472936146,10.131644586871891,10.174125671386719,875516.0
2004-12-07,10.174124417961567,10.227225026355258,10.106862956002185,10.145803451538086,1153166.0
2004-12-08,10.14226164353374,10.195362241639694,10.110400840245514,10.184741973876953,882756.0
2004-12-09,10.213061071016243,10.23076102025222,10.142259792657102,10.19890022277832,957462.0
2004-12-10,10.262625414885992,10.280325370325992,10.181203842163086,10.181203842163086,869921.0
2004-12-13,10.230762637303446,10.283863974819688,10.159961347753613,10.26970386505127,1439593.0
2004-12-14,10.248466226167867,10.524590296451533,10.248466226167867,10.521050453186035,1130129.0
2004-12-15,10.531666702188819,10.637868625972226,10.531666702188819,10.57060718536377,1804784.0
2004-12-16,10.55290549204075,10.687427619772787,10.55290549204075,10.662647247314453,1280199.0
2004-12-17,10.62017001698799,10.729911804199219,10.595389637317965,10.729911804199219,1718121.0
2004-12-20,10.744070757458909,10.744070757458909,10.613088447301278,10.676809310913086,565174.0
2004-12-21,10.690976376067368,10.712216182479855,10.602474343300734,10.7086763381958,1497734.0
2004-12-22,10.683890461852709,10.690970887493998,10.556448725971704,10.606009483337402,584811.0
2004-12-23,10.591852086738891,10.634332429348142,10.55291084679545,10.567070960998535,524476.0
2004-12-24,10.58477548915245,10.634336277149712,10.58477548915245,10.630796432495117,190878.0
2004-12-27,,,,,
2004-12-28,,,,,
2004-12-29,10.613092496648257,10.613092496648257,10.411309561437454,10.457329750061035,627265.0
2004-12-30,10.414843816950155,10.570606479963223,10.411303975272562,10.535205841064453,409510.0
2004-12-31,10.528126417489498,10.574147326502027,10.49626635794827,10.54936695098877,151276.0
2005-01-04,10.567071948798096,10.708674585481745,10.503351058573669,10.698054313659668,1008801.0
2005-01-05,10.67327341321626,10.726374769773912,10.531671524047852,10.531671524047852,1098536.0
2005-01-06,10.549371482428402,10.602472098278055,10.450249937798116,10.531671524047852,1464166.0
2005-01-07,10.584774381172304,10.722836456040177,10.460872424148805,10.7086763381958,1268022.0
2005-01-10,10.708669859395654,10.75115018722797,10.623708463023313,10.712209701538086,1169951.0
2005-01-11,10.66619263501509,10.76177432633303,10.66619263501509,10.726373672485352,1083397.0
2005-01-12,10.708669404284555,10.82195175510506,10.662648495557955,10.797170639038086,1584397.0
2005-01-13,10.779472200088675,10.843193068419154,10.751151238057965,10.790092468261719,1010118.0
2005-01-14,10.797172133595357,10.818412669902802,10.620169639587402,10.620169639587402,1144500.0
2005-01-17,10.63078925404009,10.655569631305738,10.54936769700679,10.598928451538086,468968.0
2005-01-18,10.637870333412867,10.673270239648232,10.567068298818791,10.620169639587402,1772642.0
2005-01-19,10.570608232008126,10.620168986539422,10.538747429506122,10.598928451538086,788304.0
2005-01-20,10.602465233938068,10.630786186002354,10.538744388031587,10.595385551452637,558263.0
2005-01-21,10.591846712224637,10.662647247314453,10.55290549204075,10.662647247314453,1086908.0
2005-01-24,10.673269027645851,10.673269027645851,10.606008324587103,10.655569076538086,869153.0
2005-01-25,10.65557028653055,10.683890507801955,10.602468945761938,10.620169639587402,984009.0
2005-01-26,10.613091519721689,10.775934679181114,10.613091519721689,10.744073867797852,1635188.0
2005-01-27,10.73345177005237,10.744072038705442,10.588309332973411,10.602469444274902,1748947.0
2005-01-28,10.602472532769003,10.655573891502756,10.54229222738413,10.552911758422852,1370592.0
2005-01-31,10.567066901766376,10.584767593251664,10.411304964658862,10.54936695098877,1411400.0
2005-02-01,10.538748846955304,10.676810861617698,10.517509049804977,10.563529968261719,1645061.0
2005-02-02,10.563531858332723,10.613091887689533,10.49272980590137,10.567070960998535,1174448.0
2005-02-03,10.567068795667266,10.609549870279555,10.559989110370429,10.602469444274902,639441.0
2005-02-04,10.602468900162869,10.637870287661542,10.570608836546507,10.606009483337402,1314425.0
2005-02-07,10.616628647595547,10.620168489694253,10.51396656036377,10.51396656036377,1060580.0
2005-02-08,10.542288660737146,10.620169639587402,10.517508281947721,10.620169639587402,1195511.0
2005-02-09,10.620168173945315,10.655568816002978,10.584767531887653,10.64140796661377,1864022.0
2005-02-10,10.655569076538086,10.698049403621344,10.637869125430319,10.655569076538086,993004.0
2005-02-11,10.652028627324679,10.673268419301856,10.630788094639847,10.64848804473877,566381.0
2005-02-14,10.65557260156604,10.761774565468977,10.602471249260601,10.744073867797852,863558.0
2005-02-15,10.744077003160822,10.775937823841788,10.7086763381958,10.7086763381958,736087.0
2005-02-16,10.722833326875675,10.775934679181114,10.676812401780275,10.744073867797852,664453.0
2005-02-17,10.761772096497603,10.850273342425412,10.726371449984926,10.800712585449219,1858647.0
2005-02-18,10.744068411066042,10.88213037552495,10.744068411066042,10.86443042755127,656225.0
2005-02-21,10.867970269004493,10.917531012179873,10.81486968437589,10.86443042755127,284672.0
2005-02-22,10.860890743814394,10.875051592213817,10.680348444859474,10.69450855255127,786330.0
2005-02-23,10.761769477855378,10.78654910960612,10.662647247314453,10.662647247314453,842386.0
2005-02-24,10.620170138932627,10.673270741490173,10.595389758978063,10.602469444274902,1313109.0
2005-02-25,10.627249824229464,10.666191056193334,10.602469444274902,10.602469444274902,877819.0
2005-02-28,10.62017199028355,10.65203280179687,10.521050453186035,10.521050453186035,1299067.0
2005-03-01,10.542291316674113,10.616632471771279,10.535210889218588,10.567070960998535,1841205.0
2005-03-02,10.584771057094635,10.736993202002523,10.584771057094635,10.726373672485352,1057508.0
2005-03-03,10.744075244652658,10.814876562994481,10.623713151613163,10.698054313659668,833172.0
2005-03-04,10.680351223204038,10.90691448662529,10.680351223204038,10.836113929748535,1155141.0
2005-03-07,10.850275368707809,10.860894898007809,10.775934219360352,10.775934219360352,737842.0
2005-03-08,10.761770839524136,10.82549169952126,10.726370197146249,10.772390365600586,971723.0
2005-03-09,10.797177630254277,10.814878333090865,10.623714890421379,10.7086763381958,1079009.0
2005-03-10,10.70512948365692,10.70512948365692,10.49626621563313,10.50688648223877,1152399.0
2005-03-11,10.549371482428402,10.620172797366607,10.52459109627083,10.531671524047852,879246.0
2005-03-14,10.549370697268156,10.644952391250053,10.535210583476013,10.588311195373535,745192.0
2005-03-15,10.602469719821961,10.644950795538287,10.559989384813468,10.563529968261719,757369.0
2005-03-16,10.577682892571882,10.620163198715714,10.5564423691463,10.584762573242188,830210.0
2005-03-17,10.591848824525602,10.606008934367473,10.531667802166842,10.559988021850586,624632.0
2005-03-18,10.556453450854885,10.577693996577873,10.460871735809546,10.475031852722168,2552390.0
2005-03-21,10.496270389983115,10.627252001892616,10.496270389983115,10.567070960998535,1448040.0
2005-03-22,10.602466536476788,10.62016722627998,10.535205841064453,10.535205841064453,834817.0
2005-03-23,10.517508170072094,10.58476888005317,10.418385915260986,10.421926498413086,1073524.0
2005-03-24,10.478569251871235,10.506890219796626,10.42546864066152,10.429008483886719,3239660.0
2005-03-28,10.439626045648232,10.485646958467155,10.333424110075583,10.467947006225586,514932.0
2005-03-29,10.519814262620141,10.627123053203235,10.37315914001817,10.444698333740234,857196.0
2005-03-30,10.455429968802848,10.519814947976315,10.35169790661955,10.51623821258545,884950.0
2005-03-31,10.6235476572839,10.727279733093859,10.537700757632892,10.666471481323242,1115320.0
2005-04-01,10.723697625434186,10.730851842498861,10.559158117220178,10.569889068603516,731151.0
2005-04-04,10.569887709099367,10.712965296143992,10.455425489778216,10.659311294555664,827577.0
2005-04-05,10.677201727263649,10.695086903486853,10.505508675772495,10.587778091430664,775140.0
2005-04-06,10.587775651323408,10.730854034423828,10.569891227649608,10.730854034423828,1257820.0
2005-04-07,10.645007154249077,10.752315193146886,10.645007154249077,10.730854034423828,913911.0
2005-04-08,10.720123044795908,10.773777064064369,10.702238621182255,10.712968826293945,576254.0
2005-04-11,10.730854034423828,10.730854034423828,10.673623279925664,10.730854034423828,596987.0
2005-04-12,10.69508369687807,10.913277991444827,10.69508369687807,10.720122337341309,1057727.0
2005-04-13,10.730856049006547,10.752317211758667,10.652163372584262,10.677201271057129,978743.0
2005-04-14,10.659317513017177,10.755895370959824,10.641433084863353,10.662894248962402,1079558.0
2005-04-15,10.695086865064352,10.755895116834969,10.655740525313407,10.666471481323242,936619.0
2005-04-18,10.720120554753567,10.738004974213073,10.627120226394947,10.684350967407227,865862.0
2005-04-19,10.730853131847137,10.741584084519836,10.65931394631412,10.670044898986816,904477.0
2005-04-20,10.673615798762956,10.74873167271353,10.634268747089529,10.695076942443848,842825.0
2005-04-21,10.695085834925283,10.695085834925283,10.569892607581805,10.64143180847168,834488.0
2005-04-22,10.605659318183351,10.709390607309514,10.605659318183351,10.623543739318848,449989.0
2005-04-25,10.659317370987022,10.712971403161271,10.605663338812773,10.61281681060791,749361.0
2005-04-26,10.594927373255041,10.709389603706933,10.594927373255041,10.684350967407227,658529.0
2005-04-27,10.65931394631412,10.709391226501744,10.641429524144586,10.670044898986816,969309.0
2005-04-28,10.695080878423633,10.695080878423633,10.605657292967337,10.659311294555664,935851.0
2005-04-29,10.68435501883143,10.69508597394716,10.523392188950712,10.60566234588623,1400321.0
2005-05-02,10.652163970158723,10.780933947605885,10.623547837504486,10.723702430725098,873980.0
2005-05-03,10.695080878423633,10.723696246147108,10.619964976829074,10.659311294555664,468858.0
2005-05-04,10.687930968550205,10.748739206525133,10.659314842873618,10.730854034423828,591064.0
2005-05-05,10.712971545906338,10.798818447585614,10.652164041126724,10.662894248962402,1251787.0
2005-05-06,10.716546801705505,10.816701374765598,10.687931423239059,10.727277755737305,799165.0
2005-05-09,10.766622493542389,10.834584194440966,10.723698683772824,10.827430725097656,924442.0
2005-05-10,10.831009938697262,10.87393375829094,10.809548028900423,10.856048583984375,1047525.0
2005-05-11,10.856046309120309,10.856046309120309,10.777353654258595,10.816699981689453,744424.0
2005-05-12,10.802390432215496,10.848890221112411,10.73442799329127,10.823851585388184,753420.0
2005-05-13,10.773774147033691,10.81669794956872,10.720120142292208,10.773774147033691,817594.0
2005-05-16,10.827432287289579,10.888240527618313,10.752315609354936,10.873932838439941,861145.0
2005-05-17,10.891815185546875,10.941892462334335,10.863199064220188,10.891815185546875,1104350.0
2005-05-18,10.913276709169223,11.05277758272671,10.898968274790752,10.999123573303223,1208455.0
2005-05-19,11.034892818965139,11.152932542141894,11.017008397976712,11.124317169189453,924003.0
2005-05-20,11.160092152948657,11.160092152948657,10.999130030187645,11.084976196289062,732138.0
2005-05-24,11.07781726061717,11.16724086753029,11.017009028293664,11.024163246154785,799494.0
2005-05-25,11.024162168984514,11.070661961042285,10.927584353646884,11.049200057983398,754407.0
2005-05-26,11.017009562241556,11.045625686645508,10.931162685884642,11.045625686645508,849846.0
2005-05-27,11.017007993635263,11.170817301571223,10.981238404543817,10.999123573303223,740475.0
2005-05-30,11.017014718190923,11.067092023799619,10.981245107266453,11.0062837600708,369470.0
2005-05-31,10.96335738454097,10.99554950080863,10.856048583984375,10.856048583984375,1200996.0
2005-06-01,10.845315384491906,10.9275855227344,10.841738649741888,10.902546882629395,1092173.0
2005-06-02,10.88466321988505,10.963356634278986,10.838163416410845,10.845316886901855,666976.0
2005-06-03,10.873929441539541,10.941891131013184,10.838159855553881,10.920429229736328,597646.0
2005-06-06,10.90612662372864,11.056358505771133,10.90612662372864,10.952627182006836,754407.0
2005-06-07,10.9740860353964,11.113587680873403,10.9740860353964,11.05993366241455,609603.0
2005-06-08,11.059934159631334,11.152934512369487,11.03489476834036,11.06351089477539,1037652.0
2005-06-09,11.042044433561117,11.174391812016866,10.981236219050485,11.052775382995605,704932.0
2005-06-10,11.045625133599977,11.213741394578692,11.024163228478459,11.160086631774902,891422.0
2005-06-13,11.174395966942269,11.228049985637433,11.08854908797351,11.220895767211914,719303.0
2005-06-14,11.217319447741042,11.231627885122114,11.138626784282755,11.210165977478027,817923.0
2005-06-15,11.231628348208977,11.299590060647322,11.110011116020642,11.195858001708984,860487.0
2005-06-16,11.160086260941824,11.499897003173828,11.160086260941824,11.499897003173828,1242133.0
2005-06-17,11.607209260381701,11.607209260381701,11.32105319328853,11.374707221984863,2331783.0
2005-06-20,11.439089424570128,11.596475485150956,11.389012143716334,11.55355167388916,614869.0
2005-06-21,11.553550479625372,11.553550479625372,11.360395594195627,11.410472869873047,1087895.0
2005-06-22,11.482014861607933,11.625092506408691,11.446245263300854,11.625092506408691,1271094.0
2005-06-23,11.625091932733133,11.628668667859069,11.53924505071803,11.596476554870605,733454.0
2005-06-24,11.596472702856262,11.746704509373133,11.575010802374633,11.657280921936035,638454.0
2005-06-27,11.660860727498278,11.814669308468202,11.625091133415802,11.646553039550781,946163.0
2005-06-28,11.735022133877342,11.857788652711688,11.626698601581474,11.720579147338867,2293059.0
2005-06-29,11.716965617707249,11.716965617707249,11.565312408756173,11.651971817016602,774372.0
2005-06-30,11.68085817909178,11.825289523753401,11.626696047091322,11.641139030456543,1366204.0
2005-07-04,11.771122688197957,11.771122688197957,11.56169762432344,11.576141357421875,606312.0
2005-07-05,11.558090826727872,11.911946537097625,11.558090826727872,11.792791366577148,1156677.0
2005-07-06,11.825287698007676,11.94083154709025,11.800011536640133,11.85417366027832,744644.0
2005-07-07,11.807235643125248,12.041936208701387,11.807235643125248,12.023881912231445,938703.0
2005-07-08,12.078038664563412,12.078038664563412,11.99138004443219,12.034708976745605,955268.0
2005-07-11,12.041935257735009,12.11415017139769,12.005827423151334,12.085264205932617,1457803.0
2005-07-12,12.096092311843977,12.128588822510169,11.998601268836602,12.005823135375977,1504536.0
2005-07-13,12.023878388283638,12.023878388283638,11.883058392411249,11.969717025756836,876393.0
2005-07-14,11.969719221762025,11.973329778458348,11.735018681912749,11.792791366577148,1059373.0
2005-07-15,11.807234002787714,11.915557500044175,11.745850763226183,11.904725074768066,759673.0
2005-07-18,11.904726025530756,11.980552253014702,11.800013076501966,11.843342781066895,475769.0
2005-07-19,11.908333320471714,11.908333320471714,11.738626616586373,11.771123886108398,761208.0
2005-07-20,11.843340009524626,12.005824852609539,11.756681376179039,11.969717025756836,931353.0
2005-07-21,11.969716548121445,12.005824373533315,11.771123886108398,11.771123886108398,586347.0
2005-07-22,11.854176088684031,11.908337467912947,11.735020147774728,11.875840187072754,572744.0
2005-07-25,11.810844721227491,11.875838518270157,11.735018498760276,11.756683349609375,1352491.0
2005-07-26,11.825287457964727,12.016658276256104,11.742239373741699,11.911945343017578,1131226.0
2005-07-27,11.915558977780227,12.305522558559263,11.915558977780227,12.233306884765625,922906.0
2005-07-28,12.13220465848363,12.334407930949165,12.13220465848363,12.305521965026855,573402.0
2005-07-29,12.096096921773313,12.204420428120597,12.027492563273313,12.128593444824219,702848.0
2005-08-02,12.0672129289602,12.330799490888532,12.041937515563031,12.096098899841309,1816961.0
2005-08-03,12.005823241812406,12.15025377434076,12.005823241812406,12.132200241088867,988178.0
2005-08-04,12.023876470923899,12.132199934208458,11.962493250613086,12.088871002197266,986752.0
2005-08-05,12.085264326797134,12.12137216174192,11.987773247996673,11.9949951171875,507033.0
2005-08-08,12.009435622491752,12.164698600769043,12.005825066393541,12.164698600769043,834488.0
2005-08-09,12.164700134643077,12.164700134643077,11.857784695487059,11.933610916137695,1010995.0
2005-08-10,11.915555399873154,11.915555399873154,11.8288960129384,11.86861515045166,1140332.0
2005-08-11,11.890281600243094,11.966107818529467,11.843341344493075,11.861394882202148,511202.0
2005-08-12,11.933613135070527,11.933613135070527,11.77112823839182,11.818068504333496,426514.0
2005-08-15,11.818065510610202,11.839730359480544,11.727796314323191,11.785568237304688,536323.0
2005-08-16,11.785565804298486,11.785565804298486,11.608638004559555,11.644745826721191,791156.0
2005-08-17,11.626696118566336,11.644750414512377,11.558091758283611,11.608642578125,940787.0
2005-08-18,11.623084895264222,11.633917321109918,11.370330810546875,11.370330810546875,1015822.0
2005-08-19,11.424490311983984,11.6194724342428,11.410047331724913,11.554478645324707,701202.0
2005-08-22,11.572534741737622,11.695301234353765,11.514762052416875,11.608642578125,553875.0
2005-08-23,11.713355115252162,11.716965672111552,11.608642166787721,11.655582427978516,1015932.0
2005-08-24,11.644746800513483,11.738626541580906,11.597806552227535,11.706130027770996,1519894.0
2005-08-25,11.720571937811957,11.814451670317435,11.666410582732045,11.735014915466309,800920.0
2005-08-26,11.763901715405032,11.763901715405032,11.644745826721191,11.644745826721191,821105.0
2005-08-29,11.644749475972148,11.800012479969794,11.558090826727872,11.792791366577148,840741.0
2005-08-30,11.771125682647597,11.926388675661242,11.65197052055669,11.861394882202148,1114771.0
2005-08-31,11.908337898616155,12.00221767637539,11.843344090089797,11.915559768676758,877381.0
2005-09-01,11.915559227479008,12.056379265474279,11.836121682439453,11.991385459899902,878916.0
2005-09-02,11.883058337864467,12.023878333090453,11.843339955160165,11.966106414794922,530619.0
2005-09-06,11.951661886552323,12.132200241088867,11.915554064544132,12.132200241088867,583056.0
2005-09-07,12.150260599431611,12.150260599431611,11.95527915766695,12.041937828063965,866520.0
2005-09-08,12.186365402603874,12.186365402603874,11.88306050960697,11.88667106628418,906671.0
2005-09-09,11.890278998215967,12.128589270246792,11.890278998215967,12.081649780273438,631762.0
2005-09-12,12.103313894363989,12.150253381503042,12.020265830879792,12.05998420715332,606970.0
2005-09-13,12.128595428206353,12.128595428206353,12.05999105848752,12.096098899841309,407865.0
2005-09-14,12.096098219406741,12.36329532378853,12.088877104845075,12.323576927185059,917092.0
2005-09-15,12.323572700110425,12.641321274957656,12.323572700110425,12.587159156799316,1322543.0
2005-09-16,12.587165734650227,12.96990829579808,12.587165734650227,12.767704963684082,4039483.0
2005-09-19,12.749648645140333,12.998791442653435,12.749648645140333,12.995180130004883,1105447.0
2005-09-20,12.941010654371404,12.962675493424486,12.561878992959347,12.857962608337402,1314096.0
2005-09-21,12.91935159071294,13.085447757031643,12.908519166343932,12.980734825134277,1071550.0
2005-09-22,13.107111570228591,13.1793272316386,12.941016908893827,12.998788833618164,2285161.0
2005-09-23,13.016841431399909,13.085447286942024,12.86880031835395,13.060171127319336,4580962.0
2005-09-26,13.060172134775929,13.356255894716696,13.052951021902011,13.269598007202148,1436302.0
2005-09-27,13.233494270287398,13.464583566019078,13.208219610462086,13.338207244873047,1789097.0
2005-09-28,13.44560282140988,13.44560282140988,13.201667164236179,13.252638816833496,1088992.0
2005-09-29,13.289047538417835,13.340019195047407,13.143415322039486,13.187104225158691,984887.0
2005-09-30,13.198029950069756,13.198029950069756,12.85215087862054,12.924967765808105,1324518.0
2005-10-03,12.997779564806194,13.107004091035368,12.833942013668251,13.099722862243652,691549.0
2005-10-04,13.03055368458799,13.059680137436052,12.833948223377185,12.968659400939941,826590.0
2005-10-05,13.06695987548606,13.227156109625808,12.873995814293473,13.107008934020996,1057947.0
2005-10-06,13.198032761370754,13.198032761370754,12.888562829389892,13.07060432434082,1464166.0
2005-10-07,13.034194709822936,13.107011610278844,12.881279675942299,12.990504264831543,749032.0
2005-10-11,13.070599208508527,13.070599208508527,12.746564651584784,12.86671257019043,1134408.0
2005-10-12,13.015988493895323,13.081524149440819,12.870354719520192,12.924967765808105,758795.0
2005-10-13,12.888558164409448,13.056035608766985,12.400685245274596,12.772050857543945,1156348.0
2005-10-14,12.761125819273689,12.826661452575705,12.54267599364963,12.721076011657715,622767.0
2005-10-17,12.564520454989898,13.063314363638167,12.564520454989898,13.05603313446045,1147681.0
2005-10-18,13.070602747702713,13.125214275446918,12.943172802454697,12.968659400939941,2784186.0
2005-10-19,12.873996097135706,12.965016825222923,12.70651710424541,12.924967765808105,1127935.0
2005-10-20,12.906761583146174,12.906761583146174,12.67010712362167,12.702874183654785,813645.0
2005-10-21,12.61549036790896,12.917680381995888,12.59728653567906,12.819376945495605,929598.0
2005-10-24,12.742921222758387,12.823020076196112,12.608210103363202,12.721076011657715,2263221.0
2005-10-25,12.742924846429602,12.779333288019354,12.615495681762695,12.615495681762695,921919.0
2005-10-26,12.622774912744882,12.775689876885071,12.57908448767953,12.597289085388184,620683.0
2005-10-27,12.651904934554475,12.706517219543457,12.560884205641342,12.706517219543457,674436.0
2005-10-28,12.706521114826518,12.88492277328362,12.597296511364902,12.724725723266602,507363.0
2005-10-31,12.724715307369069,12.841221811198515,12.673743664331555,12.768404960632324,2099329.0
2005-11-01,12.775690816681983,12.965014228372093,12.768408824703995,12.848506927490234,1142964.0
2005-11-02,12.968656871723423,13.143417078318238,12.89583999200985,13.125211715698242,993004.0
2005-11-03,13.125209138330437,13.205308756798548,12.994139390019399,13.143414497375488,1003974.0
2005-11-04,13.070597221737133,13.289046287536621,13.008702964256639,13.289046287536621,576144.0
2005-11-07,13.289052968465525,13.289052968465525,12.928609848022461,12.928609848022461,857086.0
2005-11-08,12.928607269069154,12.928607269069154,12.742925202111419,12.899480819702148,1180701.0
2005-11-09,12.841224596563913,12.94680928132529,12.764767115423396,12.833943367004395,755175.0
2005-11-10,12.815745718288136,12.852154935168302,12.604578507099879,12.724725723266602,702958.0
2005-11-11,12.626418985415777,12.96137544760741,12.626418985415777,12.924967765808105,334914.0
2005-11-14,12.88856029510498,12.99050211053048,12.826666016161258,12.88856029510498,1986886.0
2005-11-15,12.906762901231,13.012346084228206,12.833946019818779,12.870353698730469,694401.0
2005-11-16,12.906765036989942,13.132496949644374,12.892201048861972,13.066961288452148,743327.0
2005-11-17,13.10700593880783,13.198026644095265,12.957732347797696,12.972294807434082,823957.0
2005-11-18,12.97229240510744,13.066954469567882,12.950447196109778,12.979575157165527,469845.0
2005-11-21,12.997783556875737,13.074240291642159,12.950451746221443,13.015987396240234,631872.0
2005-11-22,13.023267646238743,13.147056182334595,12.96501475522495,13.0888032913208,1186076.0
2005-11-23,13.099727702538898,13.16162197910906,12.997784367433798,13.107008934020996,2223400.0
2005-11-24,13.398274906700184,13.653133214605065,13.38007106833314,13.616724014282227,1815645.0
2005-11-25,13.689546242225072,13.780568516816025,13.380076298255341,13.398280143737793,1125412.0
2005-11-28,13.46380889524379,13.467450272316377,13.307252534953532,13.376429557800293,1387815.0
2005-11-29,13.434684115015928,13.452887955458248,13.340022011691369,13.380072593688965,838876.0
2005-11-30,13.34002033748389,13.390991998478665,13.125211085892431,13.176182746887207,1133530.0
2005-12-01,13.17982663018249,13.270847361867851,13.015989008431035,13.198030471801758,1069136.0
2005-12-02,13.12521427198981,13.569396867675806,13.034193535517673,13.307255744934082,1864461.0
2005-12-05,13.238081412971752,13.496581180882114,13.216236190490399,13.350947380065918,633079.0
2005-12-06,13.416483574153634,13.423764807403487,13.274491146040381,13.365511894226074,1027670.0
2005-12-07,13.365504612376997,13.412834888098308,13.2890463723473,13.343659400939941,942542.0
2005-12-08,13.441961429339306,13.441961429339306,13.238074819186707,13.325455665588379,724459.0
2005-12-09,13.289051546793068,13.44924931851259,13.263566472585522,13.329100608825684,553656.0
2005-12-12,13.329095518462797,13.394631153264053,13.307250306862379,13.325455665588379,1328138.0
2005-12-13,13.343662932665888,13.471092858579999,13.343662932665888,13.420121192932129,871896.0
2005-12-14,13.558467097238413,13.558467097238413,13.343657906942683,13.401910781860352,675204.0
2005-12-15,13.427400534814906,13.434681765000406,13.299970626831055,13.299970626831055,854782.0
2005-12-16,13.3800699651191,13.67497730255127,13.35458337463566,13.67497730255127,2149023.0
2005-12-19,13.798765322569384,13.798765322569384,13.496575242654018,13.634927749633789,784245.0
2005-12-20,13.700458795419264,13.718662627536549,13.60215688311535,13.671332359313965,720400.0
2005-12-21,13.689544162898303,13.798770266381181,13.565755594677116,13.56939697265625,854234.0
2005-12-22,13.616722804435742,13.616722804435742,13.380069879513279,13.394632339477539,614539.0
2005-12-23,13.405550518911244,13.50021257177019,13.343656275532869,13.445599555969238,387131.0
2005-12-28,13.557575415739965,13.557575415739965,13.271225737561295,13.326292037963867,991907.0
2005-12-29,13.32628944244225,13.524532079599688,13.267551452275736,13.458452224731445,569672.0
2005-12-30,13.454781532287598,13.473136963555296,13.30793500959307,13.454781532287598,292460.0
2006-01-03,13.524542470866036,13.63834837442649,13.326299681393383,13.586952209472656,945943.0
2006-01-04,13.5685923328191,13.583277604984534,13.374021310220025,13.509854316711426,875845.0
2006-01-05,13.528203889453733,13.528203889453733,13.39971280661483,13.451108932495117,958120.0
2006-01-06,13.47313257241908,13.47313257241908,13.366670183998554,13.370340347290039,1130239.0
2006-01-09,13.418067483274395,13.421739183586965,13.186785697937012,13.186785697937012,880562.0
2006-01-10,13.216156128736145,13.216156128736145,13.003229749255388,13.179445266723633,1705725.0
2006-01-11,13.25287318542437,13.25287318542437,13.153751057851446,13.216160774230957,1314755.0
2006-01-12,13.260215053152258,13.260215053152258,13.172106495309658,13.216160774230957,1095574.0
2006-01-13,13.216157916835517,13.219829618044116,13.102352078412174,13.120707511901855,1158322.0
2006-01-16,13.083999442221398,13.142737456456958,13.032603295696036,13.124382019042969,1052242.0
2006-01-17,13.076655937281163,13.142735810953557,12.951836520450565,12.970191955566406,1160955.0
2006-01-18,12.867401264640483,12.904112139406337,12.746252766242302,12.79030704498291,1678081.0
2006-01-19,12.790306752917674,12.827017626845238,12.665487323520843,12.7572660446167,1136273.0
2006-01-20,12.808665430525293,12.896773240147718,12.760940975089593,12.863733291625977,2009375.0
2006-01-23,12.88575756700733,13.072986727946091,12.852717623872488,13.050959587097168,841838.0
2006-01-24,13.087669899634852,13.17944861425403,13.0362722217202,13.091340065002441,731370.0
2006-01-25,13.139065919407445,13.179448492014261,12.981205794313736,13.113367080688477,3264782.0
2006-01-26,13.124385054996942,13.131726924405474,12.977538449162262,13.00690746307373,1100181.0
2006-01-27,12.995893271251946,13.102355736985626,12.940825419129638,13.050959587097168,353783.0
2006-01-30,13.091340065002441,13.208817618578946,13.050957492021077,13.091340065002441,1068588.0
2006-01-31,13.12438163654087,13.19046305283771,12.99589204211071,13.003233909606934,1651314.0
2006-02-01,13.01425083173673,13.069317156560077,12.841706147185704,12.863733291625977,2332222.0
2006-02-02,12.849041286120263,12.937149049590984,12.812329653995942,12.882081985473633,1767486.0
2006-02-03,12.904110919065502,12.929809757992848,12.709540689536107,12.889427185058594,787536.0
2006-02-06,12.849045214666383,12.973865416562985,12.793978133712486,12.860058784484863,840521.0
2006-02-07,12.90411270386361,12.90411270386361,12.669159100764558,12.724226951599121,1444749.0
2006-02-08,12.775623100285696,12.793978538471535,12.581051307567783,12.724226951599121,1153715.0
2006-02-09,12.830689889930005,12.922467846901517,12.65814524148682,12.69118595123291,1330661.0
2006-02-10,12.7352338570928,12.882080367142265,12.65813966975828,12.819670677185059,966786.0
2006-02-13,12.849044765712556,12.885756407778592,12.691185396153221,12.7572660446167,810902.0
2006-02-14,12.830682696608555,12.91879043839673,12.727890459212029,12.849038124084473,1735673.0
2006-02-15,12.904115280085062,12.98855215612964,12.760941143747,12.87841796875,1199679.0
2006-02-16,12.922461506796138,12.922461506796138,12.79397196919332,12.852710723876953,920602.0
2006-02-17,12.92246714091304,12.940824113953767,12.81600468591687,12.834360122680664,604337.0
2006-02-20,12.760934235043148,13.021585823407461,12.760934235043148,12.940820693969727,392287.0
2006-02-21,12.94449769558342,12.962854673468538,12.849048016573349,12.863733291625977,750348.0
2006-02-22,12.81232740083792,12.92246150970459,12.81232740083792,12.92246150970459,1359951.0
2006-02-23,12.87107103673183,12.959178818121847,12.860057468040775,12.88575553894043,836682.0
2006-02-24,12.88575274008886,12.940820571583117,12.852712809330558,12.86739730834961,1742694.0
2006-02-27,12.856386237375167,12.959178518597959,12.849043602371365,12.933481216430664,963385.0
2006-02-28,12.915124732232043,12.955507305930862,12.812332447130164,12.845373153686523,1580338.0
2006-03-01,12.812333174463342,12.845373882895364,12.757266095215114,12.793977737426758,910949.0
2006-03-02,12.804990365240592,12.849043871771837,12.713210882391593,12.738909721374512,1050048.0
2006-03-03,12.7389109969903,12.838032356784185,12.606748927885622,12.636117935180664,1138138.0
2006-03-06,12.573708174279531,12.610419815095506,12.485600389948882,12.559022903442383,1430378.0
2006-03-07,12.51864014592099,12.727895637719895,12.481928507894477,12.599405288696289,792144.0
2006-03-08,12.643460116091015,12.647131817974639,12.52598332299983,12.573708534240723,880452.0
2006-03-09,12.632446114647935,12.702197689871136,12.481928627735599,12.577378273010254,1616759.0
2006-03-10,12.592067870634937,12.760941629147712,12.57371242808635,12.647135734558105,539834.0
2006-03-13,12.595734864974938,12.790305863063509,12.595734864974938,12.738909721374512,473904.0
2006-03-14,12.775619981300487,12.937150255943827,12.716881210796695,12.823345184326172,1017687.0
2006-03-15,12.900435916952265,12.995886297317384,12.83068359774112,12.92246150970459,654690.0
2006-03-16,12.893094072228259,13.02158516164121,12.885752207091544,12.988544464111328,684857.0
2006-03-17,13.065646990004922,13.069317156560077,12.856390654099663,12.863733291625977,1387266.0
2006-03-20,12.88575645888663,13.021589458255868,12.779293234169796,12.793977737426758,707565.0
2006-03-21,12.801321811119877,12.863731533076422,12.757267528261817,12.786637306213379,1711101.0
2006-03-22,12.786635469696689,12.790306403361425,12.669157911040616,12.727896690368652,953732.0
2006-03-23,12.713210721428107,12.738909560085649,12.59206300389723,12.628774642944336,1474478.0
2006-03-24,12.654470680876754,12.738907513936521,12.577376481702384,12.705866813659668,758466.0
2006-03-27,12.702197865248753,12.713210665589946,12.57370751321744,12.6324462890625,2931842.0
2006-03-28,12.628776473515567,12.632448175649387,12.492943466165803,12.500286102294922,941665.0
2006-03-29,12.592934269631538,12.61887614114543,12.481754487960925,12.600346565246582,2580144.0
2006-03-30,12.581815642742882,12.63369938341529,12.515108086939186,12.54104995727539,930914.0
2006-03-31,12.541052038265075,12.574406209414425,12.452108357292746,12.478050231933594,1757943.0
2006-04-03,12.459516591230548,12.600343975566163,12.459516591230548,12.526224136352539,1563225.0
2006-04-04,12.52623189976862,12.559585305288303,12.340932186890859,12.422464370727539,880343.0
2006-04-05,12.433572666818998,12.452103012423422,12.340923265073684,12.41874885559082,873761.0
2006-04-06,12.359457851406022,12.541050958253509,12.359457851406022,12.489167213439941,1009021.0
2006-04-07,12.470637621309644,12.503991791618853,12.400224295669195,12.45952033996582,593258.0
2006-04-10,12.45951807044629,12.670758784315739,12.418751611240953,12.637405395507812,1028547.0
2006-04-11,12.652230743750811,12.674466080509578,12.377987427942639,12.489167213439941,1146914.0
2006-04-12,12.552166997230982,12.615168788012571,12.452105283905766,12.47434139251709,1326054.0
2006-04-13,12.526224136352539,12.600343975566163,12.422456671623735,12.526224136352539,718535.0
2006-04-17,12.529934950062753,12.581818703356237,12.466933138859806,12.570700645446777,782380.0
2006-04-18,12.563283311440452,12.648521204288382,12.470633899908334,12.644815444946289,923016.0
2006-04-19,12.715227818444445,12.944998824478155,12.715227818444445,12.870878219604492,1700789.0
2006-04-20,12.859761579814567,12.881997684835117,12.629990562403869,12.655932426452637,1613029.0
2006-04-21,12.674465003853603,12.71152492920458,12.559579467893316,12.618875503540039,1778018.0
2006-04-24,12.615167788323753,12.61887354765673,12.481751922654091,12.526224136352539,766035.0
2006-04-25,12.526227905158327,12.581817413581097,12.433577690552491,12.45952033996582,922906.0
2006-04-26,12.481755014656567,12.570698688661066,12.463225437975822,12.50399112701416,1466908.0
2006-04-27,12.507697032234253,12.507697032234253,12.248278303141811,12.348340034484863,852150.0
2006-04-28,12.377989073197243,12.396519427622742,12.237161636352539,12.237161636352539,2566980.0
2006-05-01,12.359456589675599,12.359456589675599,12.10374365193468,12.11856746673584,2157141.0
2006-05-02,12.081509859949136,12.081509859949136,12.003684235742272,12.033331871032715,1824092.0
2006-05-03,12.062973729407302,12.15562390231548,12.029620349534856,12.111151695251465,1184431.0
2006-05-04,12.137098841627743,12.144510361941235,12.018506762353322,12.040742874145508,1339327.0
2006-05-05,12.077801129427733,12.207510471209932,12.059270780358421,12.16303825378418,1009569.0
2006-05-08,12.200101268625259,12.300163007768205,12.081509951142406,12.22974967956543,1138357.0
2006-05-09,12.25198280864078,12.296454251076371,11.977739532964488,12.007387161254883,1124425.0
2006-05-10,12.0147984009844,12.081505946492873,11.918442454363294,11.992562294006348,686503.0
2006-05-11,11.992562921036916,12.048152415962857,11.69237856284082,11.740555763244629,1263086.0
2006-05-12,11.714618836335617,12.081510873983385,11.673852365107198,11.981449127197266,1085262.0
2006-05-15,11.859151133933816,12.248279257905335,11.859151133933816,12.22974967956543,1907244.0
2006-05-16,12.27422113283677,12.418754325251056,12.181571690285352,12.22974967956543,1654057.0
2006-05-17,12.129689303891617,12.137101601316344,11.96291997838255,12.051863670349121,1431914.0
2006-05-18,12.062974023338358,12.222331735299965,11.977736916764684,12.100034713745117,1028986.0
2006-05-19,12.100040213575115,12.25198570143402,11.95921278280661,12.033331871032715,622657.0
2006-05-23,11.948089898136521,11.948089898136521,11.740554970636312,11.766497611999512,1629484.0
2006-05-24,11.707200520302345,11.710906279263005,11.403309675313704,11.46631145477295,3623281.0
2006-05-25,11.57007759042892,12.022208047421692,11.57007759042892,11.996265411376953,2890924.0
2006-05-26,12.06297469485924,12.159330634259344,11.966619530884762,12.085210800170898,1143513.0
2006-05-29,12.192685312166638,12.196391071401399,12.044445637668275,12.077799797058105,378794.0
2006-05-30,12.229746581732684,12.581814684418505,12.229746581732684,12.396515846252441,1489178.0
2006-05-31,12.507699963635153,12.77082529011548,12.36316674861343,12.415050506591797,2127632.0
2006-06-01,12.41504263641015,12.681873554902642,12.39280653267938,12.659637451171875,905244.0
2006-06-02,12.652228479198842,12.804173150795796,12.581814395025814,12.785643577575684,1553242.0
2006-06-05,12.80417510107207,12.80788163662124,12.555874439718417,12.6151704788208,1008033.0
2006-06-06,12.470633455163966,12.600343557193856,12.31868802244882,12.377984046936035,1161723.0
2006-06-07,12.418747727167492,12.426160019820868,12.066679722355541,12.088915824890137,1601730.0
2006-06-08,12.044449628860173,12.285338792031078,12.007389697954963,12.226042747497559,1576279.0
2006-06-09,12.244571155362507,12.415046190102291,12.100037990592382,12.133391380310059,1248605.0
2006-06-12,12.125978986423524,12.222334945769743,12.003681932744618,12.11856746673584,1361816.0
2006-06-13,12.118567982234357,12.196393594820323,11.855442738187167,11.903620719909668,1396262.0
2006-06-14,11.803556089725745,12.02220983363218,11.803556089725745,11.836910247802734,1280309.0
2006-06-15,11.873973553748534,11.911033481491163,11.792441402544409,11.82950210571289,933986.0
2006-06-16,11.82949824703453,11.99256094540146,11.82949824703453,11.907323837280273,3031230.0
2006-06-19,11.877678077853693,11.91103224197884,11.733144917496263,11.814676284790039,712282.0
2006-06-20,11.948092430863406,11.948092430863406,11.729440179119761,11.855443000793457,642623.0
2006-06-21,11.855438760227791,11.988854605198847,11.796143518396711,11.8220853805542,643171.0
2006-06-22,11.933269281704264,11.933269281704264,11.677556313137325,11.692380905151367,790827.0
2006-06-23,11.72943669727027,11.877675586292735,11.696082540141772,11.844322204589844,524695.0
2006-06-26,11.844322873281095,11.985149476861515,11.770203036872498,11.944384574890137,797958.0
2006-06-27,11.970328856904144,11.970328856904144,11.729440487474735,11.75538158416748,917421.0
2006-06-28,11.830256294382043,11.882668787068353,11.736662669346238,11.867693901062012,800810.0
2006-06-29,11.867694989676611,11.946313735917713,11.740407271954357,11.923851013183594,1282503.0
2006-06-30,12.024932482158814,12.073601453639968,11.90887612580362,11.923851013183594,1073195.0
2006-07-04,11.905128316257999,12.129753112792969,11.890153434266072,12.129753112792969,274799.0
2006-07-05,12.129761765157221,12.129761765157221,11.980012055090917,12.036168098449707,611358.0
2006-07-06,11.983750246771447,12.073600346137727,11.867693901062012,11.867693901062012,1378161.0
2006-07-07,11.867691496015766,12.19339774646446,11.867691496015766,12.167191505432129,894494.0
2006-07-10,12.129754098304119,12.35063538811915,12.118522740065648,12.200885772705078,626606.0
2006-07-11,12.279509603887467,12.339409944961496,12.178428121031228,12.290740966796875,952196.0
2006-07-12,12.350640532758751,12.39930951095575,12.234584160388904,12.324434280395508,887473.0
2006-07-13,12.324428701040521,12.324428701040521,12.129753659711698,12.159704208374023,917421.0
2006-07-14,12.204631897286795,12.2533008655774,12.066113610606516,12.122269630432129,313961.0
2006-07-17,12.024926404569367,12.129751346577306,11.980001765135073,11.998720169067383,886705.0
2006-07-18,11.99872526281911,12.126012970244895,11.980006850940379,12.08857536315918,1046648.0
2006-07-19,12.054881468258827,12.388075628146058,12.036163056090542,12.320688247680664,964592.0
2006-07-20,12.335664647165125,12.526596234676832,12.260790205979674,12.4180269241333,1351285.0
2006-07-21,12.54156899629376,12.766194631746384,12.52285058500349,12.713781356811523,1181579.0
2006-07-24,12.915948020470642,12.915948020470642,12.545316162740201,12.657629013061523,856099.0
2006-07-25,12.672601366135538,12.698807614298019,12.530338764206599,12.549057960510254,928501.0
2006-07-26,12.541570431289268,12.878508139692093,12.541570431289268,12.837327003479004,967006.0
2006-07-27,12.953379315520198,12.987072605843116,12.717523149947493,12.803628921508789,1156567.0
2006-07-28,12.897225006792661,13.043231111839534,12.680087220230533,12.994562149047852,995857.0
2006-07-31,13.065690839808726,13.245390992580923,13.00953483581543,13.00953483581543,1141099.0
2006-08-01,13.08441333353396,13.215444564819336,12.964612679220267,13.215444564819336,1418092.0
2006-08-02,13.189237507839408,13.32775499036978,13.121849354184397,13.234161376953125,1249483.0
2006-08-03,13.159287763319718,13.290319777933336,13.140569351705338,13.215444564819336,1034032.0
2006-08-04,13.215441676327721,13.249135749862997,13.00953527693319,13.050716400146484,428159.0
2006-08-08,13.065695762634277,13.17052076069214,12.938408824512825,13.065695762634277,538408.0
2006-08-09,13.06195330949004,13.237910018300237,13.009540806155666,13.088159561157227,1325176.0
2006-08-10,13.103129972463035,13.279086621143431,13.009536360396671,13.200467109680176,718535.0
2006-08-11,13.140567468991096,13.290317873763609,13.091899292435343,13.121849060058594,543125.0
2006-08-14,13.084414848641106,13.129339511714605,12.856045657197921,13.114364624023438,843593.0
2006-08-15,13.103132386374398,13.215445211541631,13.039489313774071,13.19672679901123,584811.0
2006-08-16,13.178004321926101,13.286573600673544,13.00953629110088,13.061948776245117,2399029.0
2006-08-17,13.017024124690684,13.103129902668712,12.915942679533046,13.061948776245117,1445188.0
2006-08-18,13.076923906585632,13.125592081272957,13.031998473547366,13.069436073303223,497380.0
2006-08-21,13.065694227573065,13.196726243079054,13.065694227573065,13.133082389831543,1200776.0
2006-08-22,13.178005929747714,13.215444318936385,13.118107170361807,13.20795726776123,514383.0
2006-08-23,13.271602015789387,13.271602015789387,13.170519768143427,13.19672679901123,1393958.0
2006-08-24,13.159289226012403,13.207958981607348,13.084414787904137,13.103133201599121,911607.0
2006-08-25,13.15929390055957,13.170525266097586,13.076932381047538,13.08067512512207,731480.0
2006-08-28,13.065691439889711,13.406373354192523,13.065691439889711,13.368936538696289,1148559.0
2006-08-29,13.383911585127986,13.41011861115439,13.29031797310961,13.331499099731445,787317.0
2006-08-30,13.357706902431227,13.660952075890043,13.335245747597742,13.608539581298828,2097574.0
2006-08-31,13.608539486627432,13.638489259520266,13.432582025065168,13.455044746398926,1508924.0
2006-09-01,13.496219554496756,13.496219554496756,13.342726452864538,13.39139461517334,613991.0
2006-09-05,13.417607858364462,13.417607858364462,13.16303243999694,13.245394706726074,767900.0
2006-09-06,13.245395983112997,13.245395983112997,13.005796211360261,13.065695762634277,1345251.0
2006-09-07,12.93841283943395,13.046981397304283,12.777430982941967,13.005800247192383,871896.0
2006-09-08,13.069432993499992,13.13682034384951,12.972095100406758,13.0956392288208,536214.0
2006-09-11,13.061950355171597,13.065693880754951,12.807374948939051,12.972100257873535,941665.0
2006-09-12,12.975842963735083,13.215442671377351,12.94214888766283,13.121849060058594,1667989.0
2006-09-13,13.118111081741057,13.338991690518867,13.050722901102434,13.335248947143555,1271752.0
2006-09-14,13.402636284926741,13.42509901301937,13.275348536839852,13.290324211120605,1055424.0
2006-09-15,13.342732767577521,13.47750752954163,13.30903868542236,13.466276168823242,3617138.0
2006-09-18,13.47750718805363,13.571100813897726,13.275344266901527,13.342732429504395,1102704.0
2006-09-19,13.32401237610217,13.413861681846415,13.178004708451276,13.256624221801758,757698.0
2006-09-20,13.327756302297036,13.44755695392429,13.29031947990777,13.39514446258545,978634.0
2006-09-21,13.290318051608724,13.447555508727067,13.226674207061563,13.249136924743652,811561.0
2006-09-22,13.271599181923918,13.271599181923918,13.14056718887708,13.264110565185547,1567284.0
2006-09-25,13.271601738967775,13.477507405820466,13.260370378352489,13.44381332397461,1261769.0
2006-09-26,13.443813758590203,13.537407388972287,13.31652604527299,13.324014663696289,729176.0
2006-09-27,13.37690324316418,13.41090303092046,13.206905885253557,13.301348686218262,1374541.0
2006-09-28,13.354232837136315,13.467565430055137,13.293789841493155,13.40334415435791,1087785.0
2006-09-29,13.354234391500555,13.422233955166647,13.244680856319489,13.278679847717285,1772094.0
2006-10-02,13.278676964578723,13.497785568237305,13.225789743935897,13.497785568237305,1175984.0
2006-10-03,13.414680688450652,13.565789813125381,13.414680688450652,13.467570304870605,2027585.0
2006-10-04,13.467572162800892,13.52423690671798,13.312684735336859,13.410905838012695,1176971.0
2006-10-05,13.50534008604224,13.543116558007823,13.188012030398973,13.240900039672852,829332.0
2006-10-06,13.225792346186328,13.225792346186328,13.097349782458151,13.131349563598633,658529.0
2006-10-10,13.127571657870787,13.214459462975162,12.9386860873042,12.98779582977295,969529.0
2006-10-11,13.033130152067065,13.05579667569954,12.795134025232079,12.825355529785156,1034581.0
2006-10-12,12.919796209730361,13.033128018908151,12.82913092047517,12.934906959533691,1022075.0
2006-10-13,12.882019993933895,13.014240045461534,12.844242723435253,12.999129295349121,805308.0
2006-10-16,13.089795316676325,13.13135087235703,12.900909732675334,13.101128578186035,651399.0
2006-10-17,13.097351515233367,13.169127786556716,12.957575672632732,13.006686210632324,1221071.0
2006-10-18,13.074685005026721,13.089795757403333,12.916020919419271,13.01046371459961,824396.0
2006-10-19,12.942469602901816,13.180465817174147,12.942469602901816,13.123800277709961,870360.0
2006-10-20,13.225790134495803,13.225790134495803,13.108680850731457,13.176679611206055,506046.0
2006-10-23,13.248461925231299,13.339128034611374,13.18424062471072,13.259795188903809,557495.0
2006-10-24,13.259791162655365,13.486454786409709,13.127571110682943,13.48267650604248,962618.0
2006-10-25,13.426009266625936,13.46756401938672,13.244677927384643,13.448674201965332,1446504.0
2006-10-26,13.448675403497996,13.463786942611174,13.33156611319932,13.392010688781738,624083.0
2006-10-27,13.339125483611426,13.392013510345087,13.271125914580738,13.342902183532715,822311.0
2006-10-30,13.354231491957183,13.512895525190903,13.316455018703031,13.497785568237305,979731.0
2006-10-31,13.414677139245423,13.800004830956151,13.414677139245423,13.728228569030762,1679507.0
2006-11-01,13.656453175343328,13.883116816796225,13.603565150424709,13.78867244720459,899101.0
2006-11-02,13.864223198602682,14.275995604970808,13.781113693751545,14.022887229919434,1666124.0
2006-11-03,14.166448942456848,14.200447153957255,13.96623005076438,14.13244915008545,1232589.0
2006-11-06,14.015335981605427,14.234443060060244,14.000226020812988,14.000226020812988,786330.0
2006-11-07,14.034220134755369,14.147552712036797,13.856667871507929,13.939777374267578,1180811.0
2006-11-08,13.96245104554139,14.400666880253558,13.943562799937544,14.317557334899902,1256394.0
2006-11-09,14.313779212179693,14.344000721655208,14.117338610153393,14.147560119628906,1336914.0
2006-11-10,14.03422288260876,14.347774299986218,14.030446183206644,14.336441040039062,899540.0
2006-11-13,14.317557241512981,14.461109804210984,14.317557241512981,14.378000259399414,765816.0
2006-11-14,14.39310860015486,14.44977332398227,14.325109034517315,14.411996841430664,922358.0
2006-11-15,14.41199725006115,14.559328065582632,14.317554460133804,14.434663772583008,744973.0
2006-11-16,14.427110935951466,14.778438964004895,14.427110935951466,14.668886184692383,2155057.0
2006-11-17,14.668878902955244,14.691543839207107,14.50643658416051,14.525324821472168,1727556.0
2006-11-20,14.411996682897863,14.578215733689385,14.359108659385058,14.532882690429688,844142.0
2006-11-21,14.615991300670963,14.767100381494844,14.479993760277644,14.699102401733398,1220742.0
2006-11-22,14.638659857918261,14.729325951377364,14.502662298600256,14.65377140045166,629459.0
2006-11-23,14.657549095349191,14.846434674677191,14.61599275026127,14.785991668701172,293448.0
2006-11-24,14.676432343992529,14.7330970499905,14.581989586459198,14.615987777709961,381208.0
2006-11-27,14.729325902859664,14.729325902859664,14.39310949608782,14.479995727539062,1412826.0
2006-11-28,14.400661238007512,14.729322590052863,14.400661238007512,14.691544532775879,1067162.0
2006-11-29,14.717994866173267,14.819992655527413,14.566885741976039,14.721773147583008,956036.0
2006-11-30,14.73310258495013,14.73310258495013,14.461107467540105,14.597105026245117,986203.0
2006-12-01,14.714215278625488,14.75199334675679,14.57443943019409,14.714215278625488,853685.0
2006-12-04,14.729319545233123,14.903095094870034,14.691541495765554,14.797317504882812,1332087.0
2006-12-05,14.789767772977429,14.98998660547236,14.751991290981245,14.876655578613281,1347665.0
2006-12-06,14.872876269191755,15.076873368122431,14.865321289489259,15.054206848144531,732467.0
2006-12-07,15.054206205775252,15.239315057115812,15.054206205775252,15.1297607421875,1765731.0
2006-12-08,15.148653267488434,15.220431124955832,15.091988534798332,15.209097862243652,1310805.0
2006-12-11,15.209096119200511,15.209096119200511,15.110875047241882,15.171318054199219,744534.0
2006-12-12,15.129765451517414,15.20532001144697,14.99754615729382,15.073099136352539,1147572.0
2006-12-13,15.159982784006848,15.167539344528189,14.940875727166404,15.107094764709473,1084494.0
2006-12-14,15.099545009345444,15.224209330635315,14.978657388752541,15.186432838439941,1062883.0
2006-12-15,15.224205806135561,15.363981640467163,14.98998718230868,15.020210266113281,3077304.0
2006-12-18,14.978652948498375,15.224204817590042,14.978652948498375,15.095762252807617,949783.0
2006-12-19,15.01642895785257,15.235535995601444,14.948429404307955,15.133538246154785,1174009.0
2006-12-20,15.020212196292333,15.314873863852883,15.016433915113582,15.277095794677734,1530205.0
2006-12-21,15.299757581418772,15.4508666495768,15.277091063108038,15.401755332946777,835146.0
2006-12-22,15.337535355235786,15.337535355235786,15.023983965563287,15.141093254089355,1223374.0
2006-12-27,15.23249091004765,15.415280902958227,15.137288021139158,15.38481616973877,772507.0
2006-12-28,15.346734696902665,15.514293126975875,15.346734696902665,15.50286865234375,723252.0
2006-12-29,15.502865774754445,15.502865774754445,15.426703155875286,15.464783668518066,333269.0
2007-01-02,15.464780810424115,15.495245533626779,15.384811111216285,15.422891616821289,713489.0
2007-01-03,15.384816509007385,15.746587813556264,15.327694136965086,15.540948867797852,1758272.0
2007-01-04,15.590456399684179,15.590456399684179,15.221067694078888,15.266765594482422,2190709.0
2007-01-05,15.194403811181969,15.194403811181969,14.775511874911915,14.924028396606445,1633543.0
2007-01-08,15.023044794953499,15.179177149488037,14.92784190654066,15.156328201293945,1356660.0
2007-01-09,15.061124862562163,15.118247231339469,14.77932330138582,14.89356803894043,1274714.0
2007-01-10,14.851681951904308,14.954502248328506,14.70316533955252,14.74505615234375,2751495.0
2007-01-11,14.745051219125111,14.851676983012128,14.710777798450493,14.805980682373047,1280638.0
2007-01-12,14.89356803894043,15.03446722593483,14.870719091429507,14.89356803894043,807611.0
2007-01-15,14.863103189991607,14.946883203720612,14.737435559788997,14.828829765319824,385266.0
2007-01-16,14.737432852915058,14.946880458376725,14.737432852915058,14.851675987243652,2196633.0
2007-01-17,14.832641189202041,14.851681452998449,14.764095920816132,14.84406566619873,989494.0
2007-01-18,14.851680416630623,14.969732274962464,14.718396985762224,14.73743724822998,786439.0
2007-01-19,14.69935286683695,15.011617551447262,14.69935286683695,14.98496150970459,1337243.0
2007-01-22,14.977352937094944,15.1220608758754,14.908806064876119,14.996393203735352,1463179.0
2007-01-23,15.023040479948573,15.171557006958576,14.916411554471447,15.061120986938477,1677094.0
2007-01-24,15.042083875715596,15.042083875715596,14.962112563300188,14.98496150970459,2077060.0
2007-01-25,14.984959473310916,15.042081831559232,14.577490369524384,14.756471633911133,2079473.0
2007-01-26,14.832638720395808,14.965923731974593,14.75647608429278,14.874527931213379,972381.0
2007-01-29,14.924034521157022,15.034468988951547,14.81359845976854,14.874527931213379,757369.0
2007-01-30,14.840257186930991,14.962116138749792,14.756477165562968,14.935460090637207,1726020.0
2007-01-31,14.77552024266315,14.889763417836212,14.680315737492355,14.863105773925781,1957048.0
2007-02-01,14.889759076838832,14.954497229068293,14.786940408518506,14.927841186523438,1919969.0
2007-02-02,14.946885959168934,14.958310436165624,14.813600925405634,14.84406566619873,1458242.0
2007-02-05,14.927841202462664,14.927841202462664,14.79074751976419,14.805980682373047,526670.0
2007-02-06,14.813601365560958,14.889764016603827,14.77552083683666,14.790752410888672,558702.0
2007-02-07,14.718399718520761,14.718399718520761,14.474680170337503,14.524185180664062,4991460.0
2007-02-08,14.58130677269249,14.58130677269249,14.49371964156851,14.505144119262695,978853.0
2007-02-09,14.508945446470726,14.54702595706278,14.470863342285156,14.470863342285156,1331100.0
2007-02-12,14.512754044617932,14.585107978393431,14.470864841190343,14.48228931427002,1611274.0
2007-02-13,14.474668502807617,14.482284284351097,14.455626658559227,14.474668502807617,1623231.0
2007-02-14,14.474674347828952,14.474674347828952,14.417551979203436,14.459441184997559,1026024.0
2007-02-15,14.459439129738435,14.48990385747721,14.451823346202127,14.478479385375977,1802920.0
2007-02-16,14.508941910142969,14.527982160798233,14.470859815239313,14.474668502807617,1105557.0
2007-02-19,14.501332262493044,14.55464594889352,14.489907787293372,14.543221473693848,669828.0
2007-02-20,14.520371055412177,14.543220003501691,14.474674752826962,14.52798843383789,789730.0
2007-02-21,14.527986636895612,14.558451366048896,14.486097435110645,14.554642677307129,1897371.0
2007-02-22,14.554649924987668,14.554649924987668,14.47087147969915,14.524185180664062,1005510.0
2007-02-23,14.539409637451172,14.54702542057001,14.48990306319508,14.539409637451172,1134408.0
2007-02-26,14.53941834962307,14.58130757226733,14.489911745702102,14.524185180664062,1951015.0
2007-02-27,14.493722204175468,14.493722204175468,14.227153666836882,14.352821350097656,2419324.0
2007-02-28,14.371850991834302,14.413741782208325,14.154789224951234,14.204294204711914,2234918.0
2007-03-01,14.185254732064193,14.524177013270142,13.994848991916886,14.470863342285156,4736627.0
2007-03-02,14.432787129265071,14.432787129265071,14.19668343122918,14.291886329650879,1759149.0
2007-03-05,14.185252873839342,14.345193865842521,14.090050016236972,14.303304672241211,1956719.0
2007-03-06,14.417556988138715,14.54322464918043,14.352818812403108,14.505144119262695,1795350.0
2007-03-07,14.501332262493044,14.562263328089282,14.413746744087529,14.543221473693848,1061348.0
2007-03-08,14.501329939305982,14.649846499514625,14.48990546593657,14.596532821655273,1023720.0
2007-03-09,14.604149387350175,14.805979614192404,14.604149387350175,14.699352264404297,950221.0
2007-03-12,14.7260040789587,14.83644008582955,14.619376759770699,14.794550895690918,1352382.0
2007-03-13,14.798361170583314,14.80597854758631,14.493712304675412,14.50894546508789,1182895.0
2007-03-14,14.527986477948177,14.676503026941557,14.349003606541222,14.615571975708008,1287878.0
2007-03-15,14.6879301071167,14.764092739485214,14.642232208976816,14.6879301071167,769326.0
2007-03-16,14.687929391326307,14.851677529024448,14.615573858266316,14.817405700683594,3983646.0
2007-03-19,14.832642428192022,14.87072455256011,14.722207932791587,14.809793472290039,866630.0
2007-03-20,14.832635730454493,14.927840201587566,14.78313074408395,14.851675987243652,771410.0
2007-03-21,14.817405500169217,15.05350916773231,14.802172337206464,15.042084693908691,1133311.0
2007-03-22,15.023041721918371,15.156325100995065,14.874523589036865,14.9011812210083,1354795.0
2007-03-23,14.889762228382754,14.96592487027869,14.779326158594534,14.813599586486816,2186321.0
2007-03-26,14.851681297049053,14.889763417836212,14.680315737492355,14.863105773925781,1021417.0
2007-03-27,14.863104694180345,14.939267336627543,14.813599693707008,14.878337860107422,1214269.0
2007-03-28,14.92443440217053,14.93595916869899,14.820711503414383,14.862968444824219,963166.0
2007-03-29,14.943645488498646,14.943645488498646,14.793825094337969,14.855289459228516,843922.0
2007-03-30,14.813028782833243,14.893702148103548,14.601744076907401,14.732357025146484,1140222.0
2007-04-02,14.724671997111919,14.862967579821287,14.724671997111919,14.828394889831543,630994.0
2007-04-03,14.859127222086878,14.935958459433603,14.793820750721336,14.836077690124512,770643.0
2007-04-04,14.851444209630994,14.866809492166418,14.697781738776106,14.79382038116455,1251896.0
2007-04-05,14.820707413865762,14.83223217721414,14.70161926432127,14.755402565002441,699996.0
2007-04-09,14.751566295809933,14.828397546096749,14.659368152432252,14.705467224121094,470394.0
2007-04-10,14.701620709700249,14.701620709700249,14.50186080466098,14.597899436950684,1442007.0
2007-04-11,14.524912453833275,14.720831871032715,14.524912453833275,14.720831871032715,1082081.0
2007-04-12,14.655523658661542,14.7323548881033,14.574850305093536,14.72851276397705,1193975.0
2007-04-13,14.713145866580257,14.713145866580257,14.586375061486871,14.609424591064453,1434218.0
2007-04-16,14.659364166760337,14.693938461126711,14.567167656033325,14.609424591064453,1332307.0
2007-04-17,14.617110821739816,14.736199015416899,14.609428179188178,14.693942070007324,1951124.0
2007-04-18,14.70931117968944,14.955170246651253,14.682419515330016,14.943645477294922,1337572.0
2007-04-19,14.847605907946678,14.924437163155494,14.789982064644102,14.882180213928223,1064090.0
2007-04-20,14.982059361813878,15.162613534520702,14.905229714378969,15.089624404907227,1762331.0
2007-04-23,15.062731127314075,15.131879731692472,14.93980081094704,15.047364234924316,830319.0
2007-04-24,14.982056084729589,15.166450734924476,14.924433861757342,15.051204681396484,1068917.0
2007-04-25,15.154924193332642,15.419990539550781,15.070408724856271,15.419990539550781,1344812.0
2007-04-26,15.423834532527943,15.466091468095827,15.312429007348973,15.3623685836792,2302713.0
2007-04-27,15.270181308051114,15.32012091458764,15.158775715487735,15.227924346923828,1006059.0
2007-04-30,15.197182585313236,15.327793905338208,15.120351356862297,15.20102310180664,1462082.0
2007-05-01,15.27401424332538,15.339319101382829,15.043520551490236,15.270172119140625,1182127.0
2007-05-02,15.120357673907684,15.281702838787115,15.09730813498434,15.274020195007324,1648243.0
2007-05-03,15.308594712746944,15.377743337724048,15.231763443078213,15.366218566894531,1226995.0
2007-05-04,15.366217286864794,15.458415445820682,15.231762174248795,15.293228149414062,1312122.0
2007-05-07,15.27401539025671,15.42383573854545,15.097303385822064,15.335479736328125,997283.0
2007-05-08,15.347001767795424,15.350842284000962,15.181814558628439,15.254803657531738,1954964.0
2007-05-09,15.231755271670357,15.270171689687475,15.120351356862297,15.20102310180664,1402076.0
2007-05-10,15.15492868195621,15.231758318190632,15.120354381100551,15.177976608276367,1004194.0
2007-05-11,15.181819125100281,15.34316425900884,15.174136482795205,15.277857780456543,967664.0
2007-05-14,15.335484560413592,15.347009329875263,15.17413939553416,15.274020195007324,585250.0
2007-05-15,15.27786020278163,15.37389887336495,15.193346301275021,15.327799797058105,945066.0
2007-05-16,15.347011151373389,15.477624149051813,15.297069941917426,15.366218566894531,1303565.0
2007-05-17,15.347008888846904,15.366216301536403,15.20487114129356,15.323959350585938,1594380.0
2007-05-18,15.362376244184961,15.362376244184961,15.216397958991172,15.331644058227539,1210430.0
2007-05-22,15.358527503158147,15.443041371190752,15.266329387062013,15.373892784118652,900966.0
2007-05-23,15.366217787159755,15.43536640862802,15.274021232786144,15.285544395446777,1682688.0
2007-05-24,15.285536417526627,15.304745429631511,15.00126265088983,15.031994819641113,1365326.0
2007-05-25,15.116514643309078,15.254810260986405,15.001268563175284,15.066575050354004,1263963.0
2007-05-28,15.066572317885436,15.066572317885436,14.982056826358892,15.016631126403809,347859.0
2007-05-29,15.097302070536754,15.139559005727337,14.90138267597133,14.905224800109863,1106215.0
2007-05-30,14.943643748688777,15.185662269592285,14.893704158977407,15.185662269592285,2122476.0
2007-05-31,15.13571684303814,15.262487648287003,15.001263397115098,15.116509437561035,1690916.0
2007-06-01,14.99742127298635,15.120351561689784,14.951322213774647,15.116509437561035,946163.0
2007-06-04,15.047360029224858,15.078093805414362,14.793818432535668,14.886014938354492,2307320.0
2007-06-05,14.847603082234802,14.893702148103548,14.674733192810551,14.732357025146484,1843179.0
2007-06-06,14.732360110671689,14.732360110671689,14.463449908506183,14.501866340637207,1986557.0
2007-06-07,14.521071879966426,14.559488307142455,14.19838160808944,14.263688087463379,1148669.0
2007-06-08,14.256002251075932,14.31362446755449,14.021666438279851,14.279051780700684,1867204.0
2007-06-11,14.328993758919808,14.328993758919808,14.106182673579253,14.183013916015625,1544247.0
2007-06-12,14.156119749014293,14.225266721791945,14.117704942758166,14.13691234588623,1190794.0
2007-06-13,14.15612107674666,14.363565229702479,14.117706266887529,14.328990936279297,1309160.0
2007-06-14,14.332834226715638,14.394298570525574,14.2713682753223,14.363566398620605,1108957.0
2007-06-15,14.363564651419075,14.53259238012736,14.213744326867058,14.371247291564941,4238040.0
2007-06-18,14.39814448932329,14.501865797785042,14.317471110176728,14.482658386230469,1385730.0
2007-06-19,14.48649578313773,14.498020549104437,14.217587256553712,14.302101135253906,1597013.0
2007-06-20,14.290580198840876,14.455767483574489,14.275214911823369,14.359728813171387,1669195.0
2007-06-21,14.355886567298425,14.355886567298425,14.194539819947334,14.248321533203125,1021417.0
2007-06-22,14.217589010006057,14.225271652403533,13.983254752421761,14.086976051330566,1198363.0
2007-06-25,14.067767530885117,14.229112653995882,14.013985823181528,14.079292297363281,2029121.0
2007-06-26,14.159964668496471,14.248319061847376,14.010142714799773,14.02166748046875,1694975.0
2007-06-27,14.114732322876693,14.14963170996058,13.940237010156237,14.137998580932617,1061677.0
2007-06-28,14.134122490882874,14.169021883301443,13.924727759070688,13.959627151489258,1543808.0
2007-06-29,13.95963006075318,14.211679117150064,13.87044324688511,14.20780086517334,1165453.0
2007-07-03,14.211669586553773,14.211669586553773,14.025541202384737,14.176770210266113,1139235.0
2007-07-04,14.176776762997122,14.405559505254148,14.176776762997122,14.370661735534668,1073085.0
2007-07-05,14.448210647571623,14.521887667617788,14.207794826586696,14.308614730834961,2513008.0
2007-07-06,14.269843261693703,14.405560971312866,14.258210129703558,14.320252418518066,1104460.0
2007-07-09,14.316374217034959,14.486992945920797,14.269843311611007,14.428827285766602,1628387.0
2007-07-10,14.46372558570439,14.537401001183168,14.328006263196759,14.347395896911621,1672596.0
2007-07-11,14.312491488934162,14.444332513967094,14.172893964053142,14.285346984863281,2171512.0
2007-07-12,14.269843311611007,14.428827285766602,14.262086808457513,14.428827285766602,2672402.0
2007-07-13,14.463725385101679,14.57617682105199,14.428825992138096,14.529645919799805,955268.0
2007-07-16,14.556784356819035,14.556784356819035,14.347391308497532,14.39780044555664,698570.0
2007-07-17,14.44433387531097,14.62658405303955,14.436577374731852,14.62658405303955,1333184.0
2007-07-18,14.626587254895838,14.944556789978238,14.521890701147623,14.93680191040039,2319716.0
2007-07-19,14.936797431320949,15.181089857710848,14.929040931369812,15.064760208129883,2211113.0
2007-07-20,14.971700129067552,15.359468460083008,14.971700129067552,15.359468460083008,3264453.0
2007-07-23,15.21986512822425,15.444769515243054,15.21986512822425,15.44089126586914,1560702.0
2007-07-24,15.316818015280026,15.324572897028768,14.991093509436759,15.115178108215332,1559605.0
2007-07-25,14.95230960902092,15.309055115529699,14.95230960902092,15.088028907775879,2126973.0
2007-07-26,14.878630441987076,14.925162946666878,14.545149655379937,14.85924243927002,2208919.0
2007-07-27,14.645977873949313,14.847617760483455,14.525769916934596,14.533526420593262,1302249.0
2007-07-30,14.54128089360022,14.770063668422718,14.37841866182994,14.696388244628906,1649778.0
2007-07-31,14.8476144349295,14.963944114059478,14.739039635021749,14.929044723510742,1462520.0
2007-08-01,14.704140765892197,14.975577775286924,14.467603148283764,14.645975112915039,896688.0
2007-08-02,14.797206054094291,14.909659123132323,14.673121475693133,14.81271743774414,928172.0
2007-08-03,14.742913870079926,14.812712639847032,14.444334030151367,14.444334030151367,1379478.0
2007-08-07,14.486992921850277,14.607200870836282,14.11473594288075,14.289231300354004,1811037.0
2007-08-08,14.475359763253737,14.475359763253737,14.169023325345577,14.320252418518066,1505084.0
2007-08-09,14.30861809843944,14.448214048030705,14.157389017823967,14.362905502319336,2123244.0
2007-08-10,14.362903289947877,14.362903289947877,14.075954932482755,14.296982765197754,1581326.0
2007-08-13,14.30474045315141,14.401682122996613,14.180654271945995,14.254329681396484,1443871.0
2007-08-14,14.269844311699066,14.440461429843033,14.07983755701186,14.122491836547852,1118830.0
2007-08-15,14.064321474191756,14.285347653535123,14.064321474191756,14.157384872436523,2573452.0
2007-08-16,14.134124739631636,14.269844079730479,13.738601474691627,13.994528770446777,2705751.0
2007-08-17,14.19228776074915,14.285351181980344,13.773498308460804,13.92085075378418,1732163.0
2007-08-20,13.95962645178883,14.052691493573638,13.808397381587673,13.885951042175293,1271204.0
2007-08-21,13.979016536393097,14.12636900019324,13.901462864292927,14.041060447692871,1206042.0
2007-08-22,14.172898966973413,14.273718896298766,13.96350585113521,14.010038375854492,1341412.0
2007-08-23,14.064329085740837,14.26596736907959,13.959630880517159,14.26596736907959,1229298.0
2007-08-24,14.320254104019115,14.440462066932886,14.15351360766786,14.192291259765625,1091844.0
2007-08-27,14.207798770598378,14.223310153518947,14.075957695221216,14.188410758972168,819788.0
2007-08-28,14.141871888423092,14.192282643274593,13.998399368595937,14.056563377380371,1291718.0
2007-08-29,14.153511679931563,14.320252153572437,14.145756799648076,14.223310470581055,2025940.0
2007-08-30,14.211673830857551,14.211673830857551,14.095344164522082,14.153508186340332,1053998.0
2007-08-31,14.343518521479044,14.347396772998687,14.215555693723346,14.269843101501465,1558069.0
2007-09-04,14.417198048726842,14.42107630135135,14.211681490924956,14.227192878723145,1103363.0
2007-09-05,14.227183998523191,14.390046166600975,14.091464713775624,14.130242347717285,1943116.0
2007-09-06,14.126366847570209,14.14963310792481,14.04105830806944,14.083712577819824,1343277.0
2007-09-07,13.979017145637368,14.05657082111754,13.893708589419013,14.037182807922363,1341631.0
2007-09-10,14.017792484196603,14.08758964473458,13.924727439880371,13.924727439880371,1209991.0
2007-09-11,13.967383653826207,14.041059067132588,13.882073487014404,13.959627151489258,1629594.0
2007-09-12,13.99840448047978,14.056568510504333,13.96350508884553,14.029425621032715,580971.0
2007-09-13,14.0565702828232,14.32025244481823,14.02167088678867,14.289231300354004,1237087.0
2007-09-14,14.17677216847495,14.41718796362233,14.153505914402789,14.250449180603027,1183663.0
2007-09-17,14.250449893380079,14.347391541730422,14.145751744818579,14.157384872436523,1011653.0
2007-09-18,14.200043865544078,14.250454642922872,14.103102184883982,14.21943187713623,1331539.0
2007-09-19,14.25432871117925,14.33188236631657,14.029424247170345,14.052690505981445,1298958.0
2007-09-20,14.079837629162189,14.091470762067937,13.924730272218563,13.955751419067383,2198717.0
2007-09-21,13.990648292739355,14.037180815964113,13.944117392213828,13.959627151489258,4194709.0
2007-09-24,14.013915963215624,14.153511924224699,13.967385058012196,14.075958251953125,2786929.0
2007-09-25,14.11085221300268,14.19228410546865,14.04105507073062,14.172894477844238,2564347.0
2007-09-26,14.282491813429102,14.368601361835198,14.17289754492397,14.298147201538086,1033484.0
2007-09-27,14.33338045772639,14.33338045772639,14.129848859061942,14.266840934753418,1376625.0
2007-09-28,14.282494212150194,14.349033717627478,14.247267126085307,14.274664878845215,1463398.0
2007-10-01,14.274663340170576,14.395999976024566,14.274663340170576,14.337289810180664,1044234.0
2007-10-02,14.305972881648344,14.435138824009524,14.305972881648344,14.384256362915039,1237306.0
2007-10-03,14.392085518605674,14.56038994283514,14.337288386497953,14.529077529907227,1581874.0
2007-10-04,14.626940752283886,15.002691594018692,14.560399578615149,14.955723762512207,2736247.0
2007-10-05,15.06530691754999,15.13575943148706,14.920485586213557,15.03007984161377,2455086.0
2007-10-09,15.127935210633623,15.127935210633623,14.853949509246055,15.069223403930664,1171925.0
2007-10-10,15.10445287359986,15.12402293294656,14.93614675975905,14.990943908691406,1137260.0
2007-10-11,15.0105087578891,15.049648858726025,14.853945078670893,14.873515129089355,2040530.0
2007-10-12,14.912668961501588,14.963551461440524,14.709135685872674,14.955723762512207,2047331.0
2007-10-15,14.951798417871046,15.022250933793027,14.76392231218674,14.850031852722168,610919.0
2007-10-16,14.818725129188108,14.8930923392911,14.787412705878218,14.79524040222168,657432.0
2007-10-17,14.853947924422881,14.873517978590618,14.70129888121763,14.771751403808594,1310367.0
2007-10-18,14.71695951061085,14.90483570098877,14.71695951061085,14.90483570098877,1164246.0
2007-10-19,14.767839292914177,14.791324014548241,14.501681298309022,14.548650741577148,1743791.0
2007-10-22,14.482109800105718,14.799150234708202,14.482109800105718,14.787407875061035,1094038.0
2007-10-23,14.744356766648423,14.889178146331282,14.744356766648423,14.83829402923584,2321362.0
2007-10-24,14.791322540921927,14.869602754655695,14.564304679700378,14.787407875061035,1191781.0
2007-10-25,14.900915466835391,14.932229518480058,14.760008786176545,14.806978225708008,935522.0
2007-10-26,14.834378774154882,14.971370799611908,14.82654944166227,14.96745777130127,1411181.0
2007-10-29,14.971372144370243,14.990942201488258,14.908747306418267,14.947887420654297,1051145.0
2007-10-30,14.959632313231472,15.167078557234882,14.912664495789858,15.131853103637695,1595696.0
2007-10-31,15.245361520562446,15.750279925891407,15.245361520562446,15.726795196533203,3010278.0
2007-11-01,15.605453393774729,15.73853075319518,15.56239861674018,15.711133003234863,1231602.0
2007-11-02,15.715041407111515,15.781580879273886,15.452796545219519,15.679814338684082,1468773.0
2007-11-05,15.538915851648202,15.64068080766939,15.46063398229168,15.617196083068848,760002.0
2007-11-06,15.613286217280622,15.773763017313403,15.54283202920601,15.726795196533203,1257601.0
2007-11-07,15.695471882465961,15.7737537215483,15.570222250282413,15.6445894241333,2010033.0
2007-11-08,15.64068053116701,15.891183163853741,15.60936811156513,15.855956077575684,1293473.0
2007-11-09,15.715056139819483,15.926415472661313,15.617202534250383,15.750283241271973,1430269.0
2007-11-12,15.75027408322202,15.832468967548785,15.578053344460365,15.628935813903809,936619.0
2007-11-13,15.715047294080783,15.754187403927864,15.413662224102865,15.480201721191406,1483912.0
2007-11-14,15.534998857738698,15.5584835788212,15.429317612867445,15.480201721191406,1231602.0
2007-11-15,15.452808780405787,15.460638115989875,15.170995285722766,15.257104873657227,1429610.0
2007-11-16,15.225782993823904,15.390174370000171,15.210125970311035,15.264923095703125,1533058.0
2007-11-19,15.339293015454672,15.34320768109884,15.159244602789661,15.167072296142578,1031948.0
2007-11-20,15.139675708159059,15.323637162600212,15.139675708159059,15.225785255432129,1846909.0
2007-11-21,15.225789629213144,15.280586778485796,15.127937693935982,15.210132598876953,1624438.0
2007-11-22,15.167073455957063,15.264925363125146,15.151418068054072,15.225785255432129,450209.0
2007-11-23,15.225779778500174,15.24926448984241,15.124013241995458,15.190552711486816,1369605.0
2007-11-26,15.24535822630225,15.24535822630225,14.994857230504056,15.010514259338379,914020.0
2007-11-27,14.99094432883522,15.233617657756373,14.912664089254504,15.217962265014648,2502476.0
2007-11-28,15.21796301032499,15.40583919797938,15.21796301032499,15.261017799377441,1444091.0
2007-11-29,15.264928709391933,15.405837059020996,15.100537272760592,15.405837059020996,2256310.0
2007-11-30,15.45671520317687,15.601536541058891,15.448887509704594,15.542824745178223,1758601.0
2007-12-03,15.538915271379278,15.617195499876708,15.42931934802408,15.476288795471191,807831.0
2007-12-04,15.480204760746156,15.499774819512298,15.245359141744592,15.382352828979492,1138576.0
2007-12-05,15.378433726261553,15.656334049564812,15.378433726261553,15.605451583862305,1049829.0
2007-12-06,15.652419888597876,15.750273433231428,15.538912594072073,15.683733940124512,753420.0
2007-12-07,15.726794344249376,15.91858356038737,15.656340159992896,15.844216346740723,1028328.0
2007-12-10,15.891188169387958,15.930328296735016,15.789421545174694,15.867703437805176,1223813.0
2007-12-11,15.820735800824849,15.84030586675735,15.503695163734076,15.550662994384766,1100949.0
2007-12-12,15.660247355904437,15.711129817189859,15.448886541910156,15.58979320526123,1124644.0
2007-12-13,15.390171803302088,15.656329693085231,15.390171803302088,15.527165412902832,1243011.0
2007-12-14,15.480203599188718,15.574140856979186,15.331467560267352,15.425406455993652,770204.0
2007-12-17,15.425405764738661,15.47628823901967,15.284499065399459,15.390178680419922,862681.0
2007-12-18,15.429317439096867,15.57022576400491,15.307982444763184,15.307982444763184,1063651.0
2007-12-19,15.284503876409719,15.585887426373501,15.284503876409719,15.452808380126953,829332.0
2007-12-20,15.527165412902832,15.632844980700245,15.421484207170396,15.527165412902832,639332.0
2007-12-21,15.315813594929208,15.507602794992374,15.315813594929208,15.503689765930176,2470883.0
2007-12-24,15.625019073486328,15.656331480930296,15.523252520842025,15.625019073486328,1557082.0
2007-12-27,15.577649869207374,15.802669580003856,15.577649869207374,15.672395706176758,534129.0
2007-12-28,15.67634405807584,15.928996897544758,15.67634405807584,15.893468856811523,774592.0
2007-12-31,15.87372231783702,16.07900379876266,15.87372231783702,16.003997802734375,539176.0
2008-01-02,16.015849617702415,16.173756627706975,16.015849617702415,16.067169189453125,887144.0
2008-01-03,16.06716722211711,16.086905389450077,15.988212900779265,16.027690887451172,1243230.0
2008-01-04,15.984264606441949,15.984264606441949,15.755296602625691,15.909256935119629,1026024.0
2008-01-07,15.822407686226208,15.968473083004145,15.7947745852173,15.909256935119629,968980.0
2008-01-08,15.86977240665697,15.917145300493083,15.715812153694557,15.794766426086426,955816.0
2008-01-09,15.735557461175661,15.921099177029307,15.621073466369559,15.889517784118652,1343277.0
2008-01-10,15.838197756113281,15.889517311566141,15.751346863184802,15.8145112991333,1455390.0
2008-01-11,15.755298697217839,15.834253020891861,15.692135899081029,15.751350402832031,1158542.0
2008-01-14,15.771088262590713,15.842145988661464,15.6921339487298,15.77503490447998,894823.0
2008-01-15,15.790826991202437,15.790826991202437,15.502644478735277,15.632918357849121,1290291.0
2008-01-16,15.550015692561246,15.652654806171192,15.324995997328498,15.431583404541016,1783393.0
2008-01-17,15.396062807607684,15.530285045268467,15.13946322008678,15.356586456298828,1568929.0
2008-01-18,15.261835286666738,15.439482090843626,14.906541678312962,15.040763854980469,1772533.0
2008-01-21,14.48413715383128,14.942071547199877,14.334123450828663,14.574933052062988,991469.0
2008-01-22,14.294635740309774,15.001274108886717,14.294635740309774,15.001274108886719,3859465.0
2008-01-23,14.795994362687479,15.068385144606678,14.669667221330903,15.001274108886719,1413375.0
2008-01-24,15.001283791268417,15.123662720568884,14.79205561898162,14.930224418640137,1692452.0
2008-01-25,15.119718038337231,15.119718038337231,14.78416421501591,14.942072868347168,1132762.0
2008-01-28,15.001274108886717,15.001274108886717,14.792046071643497,15.001274108886719,1122670.0
2008-01-29,15.297361194925548,15.451323168836579,15.123662709084789,15.348682403564453,1564761.0
2008-01-30,15.403947101177764,15.415790327516287,15.1631375856367,15.242090225219727,1277127.0
2008-01-31,15.135502592233092,15.71976235800947,15.044705075793614,15.62106990814209,3628437.0
2008-02-01,15.613180140616448,15.763192185407354,15.58159874445025,15.656604766845703,2030328.0
2008-02-04,15.692131285319405,15.692131285319405,15.478954839277758,15.530274391174316,1079667.0
2008-02-05,15.526333018362518,15.69213660998762,15.376319300983944,15.455273628234863,1329674.0
2008-02-06,15.514493399499976,15.601342684098558,15.297368535997043,15.569761276245117,1132433.0
2008-02-07,15.553966521176873,15.692137010393107,15.388162925321076,15.490803718566895,2299531.0
2008-02-08,15.419741649988216,15.514487489462851,15.317102526565158,15.376317024230957,1749386.0
2008-02-11,15.435531231163882,15.482904144938775,15.277622619917997,15.463164329528809,1459229.0
2008-02-12,15.494754477167278,15.664504742675604,15.475016304713714,15.518439292907715,1700131.0
2008-02-13,15.553964041172463,15.70792438048989,15.553964041172463,15.632918357849121,1680385.0
2008-02-14,15.605291835653333,15.739514065398438,15.557918895271161,15.636873245239258,1175106.0
2008-02-15,15.67239583886222,15.68423741657784,15.439481190348324,15.644761085510254,1082849.0
2008-02-19,15.747395058614018,15.747395058614018,15.569748341514604,15.692127227783203,1094367.0
2008-02-20,15.553962959808807,15.861885269041744,15.553962959808807,15.767139434814453,1705506.0
2008-02-21,15.61713041982493,15.747404315072579,15.542122735888942,15.652658462524414,2224277.0
2008-02-22,15.676335710972209,15.8145061140518,15.538166959897724,15.692127227783203,1105008.0
2008-02-25,15.63686667199397,15.838199931977481,15.53422589498173,15.589493751525879,1329345.0
2008-02-26,15.546070448234403,15.798723292224535,15.50264581811138,15.668449401855469,1083397.0
2008-02-27,15.688184591886966,15.790825358152341,15.59344041287672,15.759243965148926,1234564.0
2008-02-28,15.771093823101928,15.988217023767533,15.696087776690755,15.929000854492188,1967031.0
2008-02-29,15.826366402826595,15.929005590746913,15.415804695124661,15.609241485595703,1664149.0
2008-03-03,15.688183818657944,15.771086416710848,15.546066731144299,15.707921981811523,1188380.0
2008-03-04,15.711872614577471,15.79872186698866,15.542120751770046,15.763192176818848,1533058.0
2008-03-05,15.790829604695102,15.988214603052407,15.78293466732253,15.940841674804688,1658883.0
2008-03-06,15.988212144542683,16.027690129347295,15.846095033659036,15.869781494140625,1032058.0
2008-03-07,15.684239310309412,15.865834419960265,15.597390049869794,15.751350402832031,868056.0
2008-03-10,15.75529724936727,15.763192185407354,15.55396399030116,15.656604766845703,576803.0
2008-03-11,15.67239223844958,15.90135854045405,15.66054901144888,15.81845760345459,1679617.0
2008-03-12,15.810557821847775,15.928988415912348,15.652649261758274,15.692127227783203,956803.0
2008-03-13,15.577655920392672,15.869786828519628,15.55396945194925,15.834257125854492,1379258.0
2008-03-14,15.84214417539893,15.846092468842096,15.49869385801785,15.577648162841797,1088005.0
2008-03-17,15.3486859519633,15.463168320458829,15.028920353459261,15.159195899963379,1240926.0
2008-03-18,15.22236044082291,15.360530940126727,15.048661894960976,15.29341983795166,1021746.0
2008-03-19,15.411847223936894,15.514488002761684,14.594672591461071,14.73678970336914,1667550.0
2008-03-20,14.776268595088903,15.23420305898206,14.72100072799867,15.024974822998047,3901042.0
2008-03-24,15.194726018572547,15.273678694770641,14.965757971178506,15.21446418762207,1825847.0
2008-03-25,15.257887044509314,15.62897217867889,15.246043814056778,15.538174629211426,1140770.0
2008-03-26,15.581593108895907,15.581593108895907,15.3368353121246,15.459214210510254,3301531.0
2008-03-27,15.475161488805405,15.770002881093276,15.467193298221332,15.658441543579102,1415569.0
2008-03-28,15.73812414102509,15.925387406135536,15.542891020179084,15.606639862060547,1792169.0
2008-03-31,15.654445447779295,15.825772260796581,15.479135375978514,15.758038520812988,1599426.0
2008-04-01,15.499058067703697,15.499058067703697,14.722112450980786,14.845626831054688,6583536.0
2008-04-02,14.761964880640786,14.761964880640786,14.347593989275458,14.463138580322266,5124087.0
2008-04-03,14.50297759936202,14.582664472691873,14.335635665569397,14.379463195800781,4522712.0
2008-04-04,14.415320885359819,14.638443438156244,14.403367772364769,14.479069709777832,3621636.0
2008-04-07,14.606572627648886,14.841648351405542,14.510947700109208,14.602587699890137,2639711.0
2008-04-08,14.582667353186284,14.65438438621582,14.46313618591389,14.554776191711426,1650546.0
2008-04-09,14.578682909376138,14.578682909376138,14.36751339662641,14.518918991088867,2228775.0
2008-04-10,14.54282187571929,14.837663174232091,14.471104848603854,14.813756942749023,3878553.0
2008-04-11,14.742038244772539,14.813755263759576,14.57071138345124,14.690240859985352,2590017.0
2008-04-14,14.801806690567858,14.981101794043557,14.714151603061353,14.793838500976562,1874005.0
2008-04-15,14.81375930962742,14.9811012894123,14.81375930962742,14.905399322509766,1920957.0
2008-04-16,14.969145776936193,15.08070874627851,14.80180382392336,14.901412010192871,2607240.0
2008-04-17,14.841645692039801,14.841645692039801,14.582663782803296,14.64242935180664,3282882.0
2008-04-18,14.750008590101372,14.8018043151336,14.562743659753083,14.634462356567383,2894873.0
2008-04-21,14.686256641540062,14.686256641540062,14.582663546060546,14.650397300720215,2496553.0
2008-04-22,14.650402292617166,14.734072449039317,14.602589821899347,14.722119331359863,1474807.0
2008-04-23,14.722114554033112,14.73406766783378,14.622506383916532,14.64242935180664,1451550.0
2008-04-24,14.698211907526758,14.718133210677204,14.502978801584756,14.546806335449219,1199350.0
2008-04-25,14.742037990708265,14.79781863444067,14.491024260245673,14.54281997680664,3855187.0
2008-04-28,14.622509721314827,14.68227530395889,14.566729066624992,14.590635299682617,1092283.0
2008-04-29,14.666336540027395,14.730087047498444,14.594619511706426,14.602587699890137,1236538.0
2008-04-30,14.622509236112519,14.773914818008937,14.622509236112519,14.70219612121582,1762550.0
2008-05-01,14.662349264405144,14.861565585780214,14.650396151735974,14.841644287109375,1174997.0
2008-05-02,14.945239783552955,15.076724058777119,14.925318479448435,14.941256523132324,1423577.0
2008-05-05,14.93328280464761,14.941250989871765,14.773909096165456,14.78984546661377,898882.0
2008-05-06,14.789846733460864,15.16835807302807,14.781878547554182,15.100625991821289,9417745.0
2008-05-07,15.136490561121207,15.279927976818659,15.092663017658342,15.240083694458008,4139530.0
2008-05-08,15.220162601683468,15.379536398706499,15.100633087583242,15.339692115783691,2806894.0
2008-05-09,15.240082497646572,15.439298891803038,15.240082497646572,15.275941848754883,2016615.0
2008-05-12,15.148441547564095,15.279925826785654,15.10063074972646,15.236098289489746,1912510.0
2008-05-13,15.120550155639648,15.140471457848154,14.993050820304674,15.120550155639648,2323117.0
2008-05-14,15.180315733451236,15.299845214066236,15.140471461690481,15.208205223083496,1768254.0
2008-05-15,15.259999998503014,15.34367179689211,15.068751840947174,15.323750495910645,1460546.0
2008-05-16,15.443280931400446,15.443280931400446,15.23609638708322,15.363594055175781,1552365.0
2008-05-20,15.467189042152253,15.917419197279386,15.355627735336133,15.877574920654297,4216649.0
2008-05-21,15.837736866158982,15.921407036666972,15.718207336575722,15.777971267700195,1723387.0
2008-05-22,15.797884244537284,15.95327305122671,15.77796294467114,15.905462265014648,1880148.0
2008-05-23,15.917420897024993,15.917420897024993,15.67039202450543,15.730155944824219,2071355.0
2008-05-26,15.77796338164775,15.789916495365171,15.51101328751451,15.63851261138916,822640.0
2008-05-27,15.60265469354452,15.722184174288973,15.463202243231299,15.566795349121094,1466689.0
2008-05-28,15.622577666315422,15.873591436786887,15.622577666315422,15.650468826293945,1558069.0
2008-05-29,15.750078951786936,15.750078951786936,15.507033339714543,15.554845809936523,2532863.0
2008-05-30,15.658433188737968,15.694292528234328,15.526950611251383,15.602652549743652,1357318.0
2008-06-02,15.550858969799629,15.70624781158337,15.391486867543106,15.650468826293945,1065406.0
2008-06-03,15.650473547433869,15.909453916975215,15.650473547433869,15.777971267700195,1447382.0
2008-06-04,15.702261458430758,15.849682082899513,15.626559516352257,15.785931587219238,813645.0
2008-06-05,15.785934446508161,15.857653141888742,15.682342998514589,15.833746910095215,1185638.0
2008-06-06,15.82179474470329,16.01702787119,15.781952134209696,15.853669166564941,1634530.0
2008-06-09,15.877578035260854,16.013045601159096,15.793907872402622,15.821797370910645,680579.0
2008-06-10,15.81781102567885,15.81781102567885,15.538906090970384,15.634531021118164,1466031.0
2008-06-11,15.777968936532986,15.793906982878616,15.48711251256427,15.530940055847168,1718012.0
2008-06-12,15.53890155437585,15.562807779933353,15.323748859025017,15.471169471740723,1186296.0
2008-06-13,15.439289206512719,15.718193984171483,15.41139972914658,15.670381546020508,993334.0
2008-06-16,15.837736832407396,15.93336012240336,15.742111875077123,15.87359619140625,1663820.0
2008-06-17,15.85764554339154,15.989128087919752,15.8138180285488,15.929364204406738,1846800.0
2008-06-18,15.937343579319403,16.04890490767727,15.82578225096154,16.005077362060547,2222522.0
2008-06-19,15.997105835602161,16.036948444276756,15.793904529760578,16.001089096069336,1603595.0
2008-06-20,15.957261086461477,16.112649923419223,15.869606016109287,15.937339782714844,5576161.0
2008-06-23,15.969208726854484,16.220222403465662,15.969208726854484,15.997099876403809,1677094.0
2008-06-24,15.937342725312455,15.941327653731044,15.518986932721097,15.558831214904785,1732163.0
2008-06-25,15.578753005442778,15.678361212989852,15.38351985155668,15.53492546081543,5458782.0
2008-06-26,15.5831748846566,15.651539857359708,15.20917856625809,15.45850944519043,1341083.0
2008-06-27,15.442428689734614,15.591223180880522,15.197119808124103,15.494707107543945,978853.0
2008-06-30,15.522855708106501,15.937065968960368,15.522855708106501,15.884787559509277,1497186.0
2008-07-02,16.06173089753709,16.081837847987178,15.2534173533216,15.366018295288086,2117539.0
2008-07-03,15.301672885594469,15.51078987121582,15.000063596237984,15.51078987121582,1750922.0
2008-07-04,15.659585621946988,15.659585621946988,15.289611288009713,15.301675796508789,305515.0
2008-07-07,15.261460348379291,15.370039231030448,14.87137741776851,14.883441925048828,2165259.0
2008-07-08,14.903554069071449,14.971917382598061,14.666285930969462,14.879425048828125,2494797.0
2008-07-09,14.919636278736037,15.060388310563498,14.694434374109543,14.722583770751953,1623012.0
2008-07-10,14.847245773857697,15.040276173286662,14.722580342619645,14.927675247192383,1668318.0
2008-07-11,14.879426844925801,15.084520176006691,14.78693281711879,14.887469291687012,1352162.0
2008-07-14,14.883438950984406,15.555024112484446,14.883438950984406,15.462530136108398,1782735.0
2008-07-15,15.402213320562261,15.402213320562261,14.983980923434215,15.2172269821167,1802152.0
2008-07-16,15.241347638634641,15.402204870143429,15.052337656946325,15.261454582214355,1412497.0
2008-07-17,15.281572344313252,15.466560395098641,14.959854287794709,15.297658920288086,2016067.0
2008-07-18,15.466557497018853,15.514813850156685,15.281569480895996,15.281569480895996,1359622.0
2008-07-21,15.446447241990892,15.58719757311112,15.249394758976667,15.361995697021484,1453635.0
2008-07-22,15.478623467326706,15.707845794269678,15.398193960674536,15.683716773986816,1230834.0
2008-07-23,15.567098370517664,15.719913284112296,15.534926898333131,15.675677299499512,1204067.0
2008-07-24,15.611331396010339,15.876747253377603,15.494708358933876,15.683716773986816,3572271.0
2008-07-25,15.683709920597751,15.703818550627906,15.370036159732352,15.462530136108398,1847348.0
2008-07-28,15.482642070135581,15.683714972230556,15.386127682963883,15.506771087646484,1585055.0
2008-07-29,15.64349848878146,15.67969200908745,15.337867122094732,15.450468063354492,2469896.0
2008-07-30,15.450471354066558,15.683715729818765,15.3418924528946,15.57111644744873,1901211.0
2008-07-31,15.603288522771015,16.06173484697041,15.486665488889319,15.96522045135498,1810928.0
2008-08-01,15.965221302794692,16.20650814613734,15.711868266125544,15.880769729614258,1483912.0
2008-08-05,15.6636125856208,16.08586714943416,15.65557013839621,16.037609100341797,2088469.0
2008-08-06,16.02553821321707,16.258784235798185,15.844572283980153,15.888808250427246,2358111.0
2008-08-07,15.784257186534983,16.11401770631046,15.784257186534983,16.065759658813477,2685237.0
2008-08-08,15.945115596705248,16.114018774137392,15.81240764016674,16.025545120239258,1072427.0
2008-08-11,15.925006597653132,16.053694155406106,15.542967671933567,15.64350414276123,1710552.0
2008-08-12,15.707843369800738,15.88478893027322,15.639478383841974,15.804359436035156,1149108.0
2008-08-13,15.715887277489301,15.844573120173393,15.48264124259869,15.744036674499512,3039677.0
2008-08-14,15.60730859379553,15.844575038196794,15.60730859379553,15.836532592773438,1274933.0
2008-08-15,15.880773066832873,15.880773066832873,15.587206055539887,15.707849502563477,1295667.0
2008-08-18,15.87272896914911,15.925007398088033,15.780234940134426,15.912942886352539,1447162.0
2008-08-19,15.844573120173393,16.037603567071354,15.715887277489301,15.744036674499512,1235551.0
2008-08-20,15.744040069261004,15.852618982796688,15.61133213430135,15.748062133789062,1087237.0
2008-08-21,15.6877361228674,16.166291015607463,15.627413582601731,16.105968475341797,1773301.0
2008-08-22,15.945117344454486,16.166298979134915,15.90490341971585,16.15825653076172,834598.0
2008-08-25,16.12607182282092,16.158244959018177,16.029557462843464,16.089879989624023,721497.0
2008-08-26,15.888811742100144,15.977283694436633,15.860662340389489,15.945112228393555,1295667.0
2008-08-27,16.005428886572794,16.274866708720346,15.933041852471291,16.16226577758789,1817619.0
2008-08-28,16.130099078227914,16.270851125070187,16.045647513548154,16.238677978515625,1251238.0
2008-08-29,16.118031512211672,16.347255461426837,16.069773484403918,16.194438934326172,1699143.0
2008-09-02,16.146190246976506,16.32715625420991,15.989353265090546,16.025545120239258,948795.0
2008-09-03,16.085855517105145,16.162262917666517,15.591215920219431,15.69979476928711,3359014.0
2008-09-04,15.687731983178056,15.71588305549745,15.241350351619047,15.462530136108398,1514847.0
2008-09-05,15.321788125425659,15.559052923058347,15.321788125425659,15.402215957641602,2080680.0
2008-09-08,15.683714212183423,15.723929800376682,15.31776195199421,15.382104873657227,1119159.0
2008-09-09,15.4745962465909,15.579154738685268,14.975934481233269,15.080492973327637,2164930.0
2008-09-10,15.281568309402939,15.341890849790806,14.827142431848584,15.160924911499023,3225399.0
2008-09-11,15.084519995064873,15.277550495124663,14.996048033135862,15.233314514160156,2425686.0
2008-09-12,15.164950042887607,15.41026066206368,15.14082101917374,15.253423690795898,2030437.0
2008-09-15,15.020170677275885,15.462531981932392,14.979956778157828,15.201136589050293,2141344.0
2008-09-16,14.95181217556994,15.398195736539835,14.95181217556994,15.116691589355469,2172609.0
2008-09-17,15.0000666430513,15.128754174408952,14.71856424589884,14.762800216674805,2192684.0
2008-09-18,14.81508341684096,15.205166517862727,14.69846035647405,14.746718406677246,6248841.0
2008-09-19,14.927679913160016,15.261462415973439,14.521512039729759,15.120710372924805,6041179.0
2008-09-22,15.502751293937544,15.502751293937544,15.052347388770269,15.096583366394043,2806345.0
2008-09-23,15.08049795436523,15.241356967199824,14.931703451636833,15.03223991394043,2252799.0
2008-09-24,15.048329154100873,15.096585520201918,14.923663649501075,15.004093170166016,4176060.0
2008-09-25,14.959850649996449,15.217225705774101,14.959850649996449,15.181032180786133,1308173.0
2008-09-26,15.26223326971711,15.428701821654133,15.152608964060859,15.347497940063477,1883001.0
2008-09-29,15.164795724331277,15.241938848161634,14.596370023883155,14.815620422363281,2509717.0
2008-09-30,15.026742714770657,15.692613502758643,14.929299079469233,15.497724533081055,2976161.0
2008-10-01,15.611416084708287,15.688559206965865,15.35156458395487,15.639838218688965,2343411.0
2008-10-02,15.50991100175927,15.74946193961121,15.363744644592478,15.461188316345215,3879541.0
2008-10-03,15.712917188459379,15.940287415351342,15.193214298156342,15.294718742370605,15801078.0
2008-10-06,14.81967908749982,15.099832838355567,13.816813409318545,14.697874069213867,3716197.0
2008-10-07,14.685691123814854,14.96178404165492,13.971099188589243,14.023880958557129,3573587.0
2008-10-08,13.723428739256542,14.604488489523096,13.366131891157645,14.474563598632812,3803299.0
2008-10-09,14.61667132572776,14.64103267114738,13.03319916513244,13.232148170471191,2211991.0
2008-10-10,12.131836869703475,13.398614832503693,11.945067703089988,12.586577415466309,3657947.0
2008-10-14,14.998328019019777,15.692619495279182,13.321470591450762,13.764030456542969,3559655.0
2008-10-15,13.077859615304806,13.78839169844519,12.757104767970995,12.826128005981445,3089371.0
2008-10-16,12.82612879197245,13.0575590133667,12.099355202790965,13.0575590133667,3687346.0
2008-10-17,13.098160066254286,14.0969657650463,12.590636910938082,13.67470645904541,1717463.0
2008-10-20,14.0929077584559,14.77907943725586,13.828995443603944,14.77907943725586,1934230.0
2008-10-21,14.29591353589076,14.779076157290415,14.076664020309813,14.141627311706543,1600742.0
2008-10-22,13.92643029945172,14.413652630621181,13.747781969766717,14.007634162902832,1859525.0
2008-10-23,13.898014233999046,14.742532691090878,13.804630520661743,14.515162467956543,4138871.0
2008-10-24,13.500116343513957,14.515162467956543,13.500116343513957,14.515162467956543,3124256.0
2008-10-27,14.38929946174958,14.474564161402308,13.236206665351995,13.248387336730957,2258833.0
2008-10-28,13.804628841899902,14.117262860690621,13.349887601394158,13.9832763671875,2245011.0
2008-10-29,13.967039463442248,14.612608218409724,13.64628463139652,14.409599304199219,2737564.0
2008-10-30,14.539524790547793,14.941483497619629,14.312154552017292,14.941483497619629,2220109.0
2008-10-31,14.775011677474652,15.205392419760956,14.531401731806712,14.787192344665527,3150584.0
2008-11-03,14.961782635691424,14.961782635691424,14.535462629142447,14.592305183410645,1716147.0
2008-11-04,14.779078406104015,14.95366690662575,14.608550695969578,14.815620422363281,2125218.0
2008-11-05,14.880584680524354,15.205400376825732,14.661334255428491,14.913065910339355,2217695.0
2008-11-06,14.913058209164463,15.018623425855594,14.377113946291924,14.685688018798828,2201350.0
2008-11-07,14.779071269870261,14.779071269870261,14.25936680963725,14.368992805480957,1765292.0
2008-11-10,14.6126075528161,14.779076146183414,14.129446630854773,14.40147876739502,1097658.0
2008-11-11,14.003580362372473,14.413658948140004,13.93455713313981,14.287793159484863,1598768.0
2008-11-12,14.052301275163689,14.190347724621493,13.804630503642361,13.893954277038574,1644952.0
2008-11-13,14.007635796512096,14.53545927142614,13.439210385137386,14.446135520935059,1860951.0
2008-11-14,14.413659383093183,14.754714749919893,14.295913471066624,14.46644115447998,1677752.0
2008-11-17,14.466435998581414,14.555759748666114,14.00763573278409,14.019816398620605,1397907.0
2008-11-18,13.39861277600941,13.418913326027532,13.23620497771411,13.337709426879883,7725403.0
2008-11-19,13.337703380475888,13.37018543513235,13.248379641629306,13.317402839660645,2997333.0
2008-11-20,13.297106954236959,13.297106954236959,12.956050782930197,13.025074005126953,4916425.0
2008-11-21,13.414852575348096,13.414852575348096,12.298301153378713,12.972291946411133,4331285.0
2008-11-24,12.97229258508753,13.317408727834257,12.830186187938164,13.081917762756348,2830041.0
2008-11-25,13.195604684706975,13.224025968022882,12.960114536968138,13.053498268127441,3265769.0
2008-11-26,13.073794999769126,13.248383438783128,12.968230628106829,13.215901374816895,2870191.0
2008-11-27,13.195605537441464,13.27274951116285,12.996656541373513,13.122522354125977,631653.0
2008-11-28,13.260568126570696,13.276808738708496,13.041317738866143,13.276808738708496,2065212.0
2008-12-01,13.195603177648897,13.353950188104609,13.126579947545105,13.203723907470703,4272925.0
2008-12-02,13.268686785262936,13.301168006545641,13.012895256201984,13.252446174621582,4940449.0
2008-12-03,13.073798610535192,13.743729577530573,13.073798610535192,13.418914794921875,2969360.0
2008-12-04,13.47575896423548,13.601624781808743,13.175305488191771,13.398615837097168,2068064.0
2008-12-05,13.134699056353536,13.597560210170533,13.134699056353536,13.520416259765625,2176558.0
2008-12-08,13.60162348615175,14.007642186436337,13.524480366361901,13.764030456542969,1783393.0
2008-12-09,13.60974683959404,13.893959729700448,13.248389965294262,13.288991928100586,2285819.0
2008-12-10,13.358009405186934,13.439213295694756,12.992592747439229,13.321467399597168,2720999.0
2008-12-11,13.317409466724612,13.398613369468995,13.025075926567403,13.252446174621582,2027475.0
2008-12-12,13.142817068033407,13.378307975888301,12.956048827097563,13.358007431030273,1796228.0
2008-12-15,13.552899379684327,13.552899379684327,12.80176541509446,13.033196449279785,1696401.0
2008-12-16,13.094096165570935,13.398610306480117,13.03725361655188,13.39048957824707,2469457.0
2008-12-17,13.31741207739005,13.358014036721606,13.236208158726939,13.325531959533691,30277.0
2008-12-18,13.390495105512084,13.55290209137379,13.07380016629821,13.398615837097168,2892350.0
2008-12-19,13.394549520127539,13.638160323178495,13.195600598523228,13.552896499633789,5421155.0
2008-12-22,13.500119067063075,13.654406156678728,13.207785499969571,13.276808738708496,1398236.0
2008-12-23,13.29711014103402,13.479817664737553,13.199664769131822,13.276808738708496,1819265.0
2008-12-24,13.463572521939017,13.5001145241055,13.301164756137862,13.43109130859375,1881794.0
2008-12-29,13.50908706609785,13.56245042672558,13.193013229722974,13.31615924835205,870250.0
2008-12-30,13.459835033662149,13.722545623779297,13.307954963787704,13.722545623779297,1193646.0
2008-12-31,13.747165503722531,13.747165503722531,13.45572025862303,13.615809440612793,1200337.0
2009-01-02,13.550134589283324,14.161758303142655,13.54602998000934,14.141234397888184,1224581.0
2009-01-05,14.268483805312082,14.366999572840433,13.734852007335542,13.870312690734863,1713843.0
2009-01-06,13.968825872992179,14.018084606524306,13.55423554055693,13.67738151550293,1871043.0
2009-01-07,13.718428758469976,13.718428758469976,13.468032226245478,13.504976272583008,1509253.0
2009-01-08,13.50498481192682,13.940099274313722,13.443412221315505,13.874422073364258,1699143.0
2009-01-09,13.956517145118287,13.956517145118287,13.628127758674765,13.710225105285645,942542.0
2009-01-12,13.587079798341456,13.780007616032066,13.504982452612225,13.574764251708984,754955.0
2009-01-13,13.62402506414272,13.927785117525689,13.554242395602564,13.833373069763184,1434328.0
2009-01-14,13.804636837058192,13.821056134243387,13.476248316700453,13.784112930297852,1614784.0
2009-01-15,13.853898595097515,14.055036544799805,13.652760645395226,14.055036544799805,1630142.0
2009-01-16,14.100183417809351,14.100183417809351,13.751270214585514,13.97703742980957,1138796.0
2009-01-19,14.018085428380713,14.280795826339924,14.001665276984438,14.256166458129883,843593.0
2009-01-20,14.243851772214656,14.243851772214656,13.660962199399517,13.792317390441895,1519016.0
2009-01-21,13.751269340515137,13.849785952876077,13.398251551128793,13.751269340515137,2655398.0
2009-01-22,13.751273919441493,13.751273919441493,13.316159523939412,13.484457969665527,1933572.0
2009-01-23,13.324363134088857,13.373621865376936,13.168378583150409,13.258685111999512,1763537.0
2009-01-26,13.36131372067617,13.500879058078628,13.258692452192513,13.459831237792969,1357757.0
2009-01-27,13.496773754168581,13.628129005432129,13.435201168019823,13.628129005432129,1698156.0
2009-01-28,13.751269340515137,13.894939221273935,13.570656266923708,13.751269340515137,1875431.0
2009-01-29,13.71022185359636,13.911359703869383,13.652753896375497,13.775899887084961,1275811.0
2009-01-30,13.812844028663713,13.845683477098316,13.344890262594385,13.537818908691406,1786574.0
2009-02-02,13.525508382535667,13.784115146149555,13.381838435463925,13.706122398376465,871676.0
2009-02-03,13.812846789709887,13.812846789709887,13.26279643981586,13.390047073364258,2415594.0
2009-02-04,13.381833009926554,13.775899481486961,13.312050369800883,13.615809440612793,1802481.0
2009-02-05,13.648652194970097,13.78000743104272,13.435199614270358,13.66917610168457,1757943.0
2009-02-06,13.669172107826475,14.055028484172897,13.58707564607091,13.882624626159668,1504536.0
2009-02-09,13.997564831727303,14.03040342450299,13.780006792655797,13.9483060836792,1008033.0
2009-02-10,13.894938606603617,14.0016644309242,13.578864882916413,13.792317390441895,1193755.0
2009-02-11,13.751275036614356,13.878525677837244,13.611709706384774,13.628129005432129,1934340.0
2009-02-12,13.656857591240659,13.82926058164027,13.431089541469959,13.792317390441895,1663710.0
2009-02-13,13.890834606954282,13.935987875332703,13.693801382317211,13.747164726257324,929817.0
2009-02-17,13.628123209613333,13.628123209613333,13.299734791670351,13.37362289428711,1564651.0
2009-02-18,13.381835095052208,13.480351728292938,12.86872802391216,12.913881301879883,1909548.0
2009-02-19,12.963139431627354,13.316157279049158,12.963139431627354,13.1889066696167,2740087.0
2009-02-20,13.094498851396933,13.39004883189372,12.67580368985673,13.1232328414917,1805223.0
2009-02-23,13.049346430287018,13.115023635515564,12.318681080483211,12.35562515258789,1623779.0
2009-02-24,12.408984699766048,12.614227191147249,12.17500736635153,12.359725952148438,2686772.0
2009-02-25,12.404878564854082,12.68400916266011,12.154482807537045,12.519814491271973,1712307.0
2009-02-26,12.400778191752325,12.864627523875383,12.400778191752325,12.831788063049316,1908890.0
2009-02-27,12.72095084007517,12.72095084007517,12.417191765022057,12.68400764465332,2115565.0
2009-03-02,12.614226731777183,12.614226731777183,12.068281071832525,12.302257537841797,1607544.0
2009-03-03,12.34741069973618,12.47055670425559,11.965658858722087,12.04775619506836,2013982.0
2009-03-04,12.31046761510727,12.376144797692907,12.154483018139576,12.302257537841797,2030218.0
2009-03-05,12.244793648058792,12.248899117499878,11.908195828094051,11.96155834197998,3352761.0
2009-03-06,12.03133965371825,12.253001481933254,11.84662103409672,12.039548873901367,2256639.0
2009-03-09,11.854827231104046,12.146271629860838,11.854827231104046,12.01491641998291,1375638.0
2009-03-10,12.129854943224865,12.166798147661389,11.994394236598609,12.109330177307129,2834648.0
2009-03-11,12.166797355804029,12.29815344425148,12.047756813213383,12.252999305725098,3973005.0
2009-03-12,12.294047293497174,12.511605319787902,12.121644262110605,12.400774002075195,2207274.0
2009-03-13,12.523920469331431,12.523920469331431,12.314572512450896,12.466451644897461,1362255.0
2009-03-16,12.528025131882503,12.87693753594895,12.478767243581244,12.59370231628418,1964398.0
2009-03-17,12.560861173521074,13.09449291229248,12.519812512162938,13.09449291229248,2052926.0
2009-03-18,13.086288841152415,13.135547600938473,12.716851578296096,12.885150909423828,2148804.0
2009-03-19,12.934409957309496,12.971354030425129,12.626546116885313,12.651175498962402,2538568.0
2009-03-20,12.823579473952138,13.03292750413512,12.655280127661007,12.90567684173584,2834319.0
2009-03-23,13.131436997783952,13.2545829902187,12.897460556930818,12.97134780883789,1373115.0
2009-03-24,12.93029825445314,13.04112955412533,12.630643799822204,12.737370491027832,2335623.0
2009-03-25,12.807157920577707,12.823578079456727,12.692222820617898,12.729166030883789,2597806.0
2009-03-26,12.798949468802387,12.954934116444331,12.708642883967245,12.95082950592041,5062765.0
2009-03-27,13.021459976195464,13.021459976195464,12.589350320746895,12.601814270019531,7692274.0
2009-03-30,12.547796083330002,12.547796083330002,12.302657068848491,12.473007202148438,2780785.0
2009-03-31,12.568576361666477,12.568576361666477,12.340056696615573,12.394070625305176,2504890.0
2009-04-01,12.389911137869873,12.576881620881148,12.360826859831569,12.527022361755371,2053913.0
2009-04-02,12.564420229310405,12.780475049224712,12.547800761525526,12.672447204589844,2389376.0
2009-04-03,12.58935188783544,12.6309009986492,12.473013855943568,12.5394926071167,1930391.0
2009-04-06,12.54780277702168,12.668294589832684,12.485479545478825,12.5394926071167,1713624.0
2009-04-07,12.556111354839208,12.659983691216915,12.464703837923711,12.518717765808105,1558289.0
2009-04-08,12.52702295267011,12.531177601341506,12.37329225827609,12.464699745178223,1645610.0
2009-04-09,12.664135052378544,12.664135052378544,12.306813532757571,12.464699745178223,1474368.0
2009-04-13,12.44392512777495,12.44392512777495,12.269420315554921,12.356672286987305,1096342.0
2009-04-14,12.381602513978375,12.381602513978375,12.215406991351083,12.360828399658203,1990616.0
2009-04-15,12.360828542264766,12.360828542264766,12.19047749932386,12.34005355834961,1407012.0
2009-04-16,12.344209972092033,12.344209972092033,12.236182134350532,12.265266418457031,1483583.0
2009-04-17,12.298502785924349,12.556106639793676,12.27772867419207,12.527022361755371,2288561.0
2009-04-20,12.514558588079176,12.53533357089495,12.21956113467942,12.290194511413574,1880039.0
2009-04-21,12.298505488875536,12.464701896680985,12.19878868741873,12.310970306396484,1829357.0
2009-04-22,12.319278791871444,12.456390027163435,12.248645415137291,12.290194511413574,1419518.0
2009-04-23,12.348362181735782,12.348362181735782,12.215405604853986,12.298502922058105,2379393.0
2009-04-24,12.335898766989752,12.398222848660877,12.252800570998454,12.360828399658203,1716915.0
2009-04-27,12.256957877974534,12.531181288728304,12.256957877974534,12.485478401184082,1956500.0
2009-04-28,12.464703413003445,12.522871988940441,12.431464475141015,12.485478401184082,1765951.0
2009-04-29,12.556113567119247,12.56857838877765,12.456395863207696,12.506255149841309,2326847.0
2009-04-30,12.55611177765807,12.67660445694658,12.315127288436603,12.373296737670898,2593198.0
2009-05-01,12.448083111684717,12.589349892186947,12.33174596759004,12.568574905395508,1939057.0
2009-05-04,12.672445164904996,12.672445164904996,12.556108039780366,12.589347839355469,1727994.0
2009-05-05,12.668290872765699,12.763853886533278,12.61012230856508,12.71815013885498,2415704.0
2009-05-06,12.834489442850519,12.959137637646188,12.772166214808205,12.876038551330566,3297363.0
2009-05-07,13.02560918366238,13.02560918366238,12.626738631639066,12.664133071899414,2263440.0
2009-05-08,12.776322193778697,12.784631494160285,12.593506283761563,12.626745223999023,1793266.0
2009-05-11,12.664139228244496,12.896813540248353,12.61428081968175,12.876038551330566,1660090.0
2009-05-12,12.92174863963281,12.92174863963281,12.759707656634797,12.776327133178711,2214733.0
2009-05-13,12.776322343692303,12.834490055112601,12.630900891752644,12.635055541992188,1915581.0
2009-05-14,12.672450013646763,12.934209514687078,12.643365721237354,12.805407524108887,1990507.0
2009-05-15,12.805408061174079,12.863576648432518,12.713999660228202,12.743083953857422,1709016.0
2009-05-19,13.025615776093066,13.050544546194967,12.788785939958453,12.99653148651123,1944652.0
2009-05-20,13.12533315680007,13.341387998535508,13.07131922902733,13.254135131835938,2730652.0
2009-05-21,13.254133269230213,13.254133269230213,13.046388626098633,13.046388626098633,1513970.0
2009-05-22,13.071317956149217,13.171035632574775,13.017304033636325,13.12533187866211,1198911.0
2009-05-25,13.212585863823385,13.233359983062716,13.054699601795742,13.067164421081543,640319.0
2009-05-26,13.067164206127755,13.312303329767987,13.046390087230158,13.295683860778809,1915362.0
2009-05-27,13.374621529286866,13.374621529286866,13.212580680847168,13.212580680847168,1650217.0
2009-05-28,13.295684120752181,13.499274141222559,13.23336002412976,13.387091636657715,1864461.0
2009-05-29,13.474343530035831,13.653003898962071,13.387090670417605,13.453569412231445,3265440.0
2009-06-01,13.644700050354004,13.711178818724719,13.511743382968369,13.644700050354004,1505852.0
2009-06-02,13.711169252555393,13.88152027130127,13.669620159981628,13.88152027130127,1901211.0
2009-06-03,13.856597480762938,13.877371602625223,13.756879783241608,13.794273376464844,1512544.0
2009-06-04,13.914760513638614,13.918915162482369,13.781803057085737,13.877366065979004,1210649.0
2009-06-05,13.918917291225432,13.939691407976648,13.740256062001192,13.893987655639648,1047306.0
2009-06-08,13.893985168477116,13.893985168477116,13.723634138061147,13.815042495727539,1129032.0
2009-06-09,13.889836844119124,13.893991494746274,13.731950557375287,13.856597900390625,1082849.0
2009-06-10,13.9189206130929,13.9189206130929,13.657161985037494,13.711175918579102,1598878.0
2009-06-11,13.711173058678346,14.022790035451424,13.686243422342763,13.993705749511719,1688612.0
2009-06-12,14.043567651539265,14.292861453503724,13.989553719151028,14.222228050231934,1679726.0
2009-06-15,14.222223228321456,14.222223228321456,13.835817401202657,13.977084159851074,1305979.0
2009-06-16,14.13497094025556,14.147435757021796,13.715326166117192,13.736101150512695,1366314.0
2009-06-17,13.025614803155072,13.046389790936349,12.884348015922102,13.033924102783203,9021618.0
2009-06-18,13.04223200352266,13.04223200352266,12.967443973098895,13.038077354431152,3121404.0
2009-06-19,13.046386710487939,13.083780288696289,13.00483674473596,13.083780288696289,4462815.0
2009-06-22,13.046387549588138,13.046387549588138,12.776318840317234,12.83033275604248,3858698.0
2009-06-23,12.880191237753497,12.880191237753497,12.568573427370644,12.668291091918945,5188700.0
2009-06-24,12.788783146029196,12.859416529490511,12.684910830123268,12.826177597045898,3913109.0
2009-06-25,12.805403525106623,13.021458325441243,12.768009073962894,13.004837989807129,11015196.0
2009-06-26,13.08895600266563,13.147839441801839,13.017454557994602,13.109986305236816,2503244.0
2009-06-29,13.156253595149579,13.164665013333327,13.080546431298018,13.097370147705078,2726484.0
2009-06-30,13.12260270294994,13.173074722290039,12.958570400173407,13.173074722290039,3036606.0
2009-07-02,13.173074425074818,13.185692429625151,13.04689525961086,13.105778694152832,2120940.0
2009-07-03,13.160455703735352,13.177279415539696,13.122601692146086,13.160455703735352,792802.0
2009-07-06,13.143634796142578,13.16466422037483,12.992219597520208,13.143634796142578,1658006.0
2009-07-07,13.143635552712427,13.164664978155168,12.828188010794351,12.83239459991455,2077389.0
2009-07-08,12.88286541056228,12.98380858612266,12.723038789261642,12.748274803161621,1839450.0
2009-07-09,12.781921674089014,12.929130281979665,12.727243939718344,12.849217414855957,1732492.0
2009-07-10,12.828185433286498,12.958570308944648,12.744066868377521,12.912304878234863,1139125.0
2009-07-13,13.025871703021402,13.025871703021402,12.731454397763647,12.88707447052002,1827163.0
2009-07-14,12.94174659596285,12.950158892473443,12.8071560120691,12.912304878234863,1111371.0
2009-07-15,12.975396007419958,13.105780903029588,12.853423409608167,12.916513442993164,2174583.0
2009-07-16,12.93334052942422,13.105784318849286,12.912310219468154,13.072136878967285,1641331.0
2009-07-17,13.105787284413305,13.12261100816116,13.059521824096715,13.101581573486328,1104679.0
2009-07-20,13.139427355924232,13.202516500347258,13.122602762707986,13.18569278717041,1419957.0
2009-07-21,13.20673013781161,13.236170991555706,13.004843711853027,13.004843711853027,2223400.0
2009-07-22,13.067931394715043,13.10999113531392,12.870250701904297,12.870250701904297,2270461.0
2009-07-23,12.912306223889344,13.038485404461639,12.891276800480368,13.017455101013184,2206177.0
2009-07-24,13.101582240877832,13.101582240877832,12.912313799003257,13.013257026672363,1716805.0
2009-07-27,13.076342788483808,13.076342788483808,12.870249809822402,12.878662109375,1889363.0
2009-07-28,12.941749127394024,12.941749127394024,12.760893077414694,12.828187942504883,2102620.0
2009-07-29,12.828187784855098,12.828187784855098,12.697802885295753,12.777716636657715,1908780.0
2009-07-30,12.82819096130542,12.975399613381606,12.78613210074631,12.870250701904297,2819729.0
2009-07-31,12.870250750225258,12.971193952033598,12.72724780766013,12.88707447052002,3607485.0
2009-08-04,13.038484196823749,13.194104203739135,12.945952454291993,13.18569278717041,2341217.0
2009-08-05,13.248783446398733,13.303461180504636,13.088956832885742,13.088956832885742,3898738.0
2009-08-06,13.051102569277193,13.17728086167683,13.013248553533646,13.046895980834961,1559824.0
2009-08-07,13.164665013333327,13.244578766316328,13.097370147705078,13.097370147705078,1210869.0
2009-08-10,13.156252128572584,13.244577289893396,13.105780104938137,13.219341278076172,1149217.0
2009-08-11,13.248789438217669,13.248789438217669,13.076345620420591,13.147846221923828,1758272.0
2009-08-12,13.185694572842289,13.223548592646122,13.126811128729337,13.164664268493652,1671609.0
2009-08-13,13.206728723166785,13.206728723166785,13.076343790369771,13.152050971984863,1538652.0
2009-08-14,13.202515779821868,13.244575500488281,13.147838054951594,13.244575500488281,1431037.0
2009-08-17,13.13943480058928,13.20252398075797,13.093169343129581,13.147846221923828,1212404.0
2009-08-18,13.194104429109688,13.278223876470179,13.13522187200464,13.24878215789795,1497076.0
2009-08-19,13.20252152644467,13.282435294506493,13.156256077585594,13.265610694885254,1474149.0
2009-08-20,13.290840615618338,13.438049194457793,13.269811195800985,13.412813186645508,4240673.0
2009-08-21,13.43805318286422,13.49273092267272,13.417023756805346,13.454876899719238,1846690.0
2009-08-24,13.52217236586213,13.627321254048152,13.46749462719115,13.61890983581543,1721961.0
2009-08-25,13.648351715800716,13.707235164261485,13.589468267339948,13.669381141662598,1669963.0
2009-08-26,13.711440191873853,13.77873505531853,13.711440191873853,13.745087623596191,2465398.0
2009-08-27,13.669379915801134,13.71143964379259,13.56843674462954,13.58946704864502,1215366.0
2009-08-28,13.715646582590404,13.728264590123366,13.610497693201829,13.669381141662598,1135395.0
2009-08-31,13.677792654901324,13.711440086364746,13.501142319659065,13.711440086364746,1759369.0
2009-09-01,13.732476633716665,13.782947803855526,13.505354167991955,13.581061363220215,1406793.0
2009-09-02,13.602085422844773,13.602085422844773,13.417023658752441,13.417023658752441,1290840.0
2009-09-03,13.463291376664777,13.627323742592798,13.43805535727901,13.522174835205078,1345690.0
2009-09-04,13.543207467512463,13.644151568927898,13.471705982369825,13.627326965332031,1071111.0
2009-09-08,13.669380822464761,13.673586531531011,13.513760786617851,13.572644233703613,1675229.0
2009-09-09,13.581055144017744,13.581055144017744,13.417022816132212,13.446464538574219,1944433.0
2009-09-10,13.480111244664196,13.50955296552217,13.450669523806223,13.501141548156738,2687321.0
2009-09-11,13.50534888927005,13.547408621299533,13.379169693181597,13.429641723632812,2479001.0
2009-09-14,13.417020476430066,13.602082196628446,13.395990175473376,13.585258483886719,2216708.0
2009-09-15,13.648351663898408,13.66938108968032,13.576850208176586,13.652557373046875,1680385.0
2009-09-16,13.673586531531011,13.787147716636287,13.547408219226984,13.572644233703613,3026842.0
2009-09-17,13.606295994650784,13.72406292628549,13.551618239237575,13.719857215881348,3005780.0
2009-09-18,13.782944294418412,13.96380037474936,13.703031408702786,13.95118236541748,5041922.0
2009-09-21,13.946978669847127,14.022685856732169,13.904919806053087,13.976420402526855,1283709.0
2009-09-22,14.068951998470288,14.249808102445426,13.976420211285951,14.195130348205566,2272874.0
2009-09-23,14.237185207617333,14.300275240882733,14.111006021126054,14.157272338867188,1562896.0
2009-09-24,14.203536351736666,14.224565774022546,13.984826311782127,14.0479154586792,1866655.0
2009-09-25,14.106801371248826,14.258215702373379,14.089977654461608,14.186715126037598,1633982.0
2009-09-28,14.250525533712462,14.293064514208575,14.063355087610173,14.122908592224121,1753993.0
2009-09-29,14.165447572720236,14.186717508001879,13.961260822365762,14.122908592224121,1590321.0
2009-09-30,14.225000047936804,14.225000047936804,14.046336888001525,14.195222854614258,2330028.0
2009-10-01,14.250520425184796,14.250520425184796,14.003794782780437,14.020811080932617,1894629.0
2009-10-02,13.935736768929308,14.012307465186078,13.825136135559212,13.880436897277832,1600413.0
2009-10-05,13.931480323341122,14.084619894996234,13.791101640934846,14.059096336364746,1258808.0
2009-10-06,14.080367845394825,14.148429489294365,14.020813461949224,14.10163688659668,2630387.0
2009-10-07,14.144175870078422,14.2505228563045,14.10163689757459,14.246269226074219,1124315.0
2009-10-08,14.31433377838226,14.348365497340021,14.225002184994112,14.335603713989258,916653.0
2009-10-09,14.335600134077753,14.44194711535403,14.305822943717718,14.420677185058594,1539859.0
2009-10-13,14.361124861823908,14.399410207800566,14.148430868799178,14.165446281433105,2149572.0
2009-10-14,14.229256105742762,14.27179419502746,14.097385536772173,14.148431777954102,1782515.0
2009-10-15,14.144168471507452,14.199468305775735,13.94423549432764,13.986774444580078,1831661.0
2009-10-16,13.986782213962456,14.114399135608465,13.944243240080453,14.11014461517334,1174448.0
2009-10-19,14.118650630487352,14.18245863662568,14.0208118064175,14.097381591796875,1495211.0
2009-10-20,14.1229100032588,14.280304157813115,14.105894587373761,14.259035110473633,954171.0
2009-10-21,14.25478164300226,14.331351465180417,14.178211820824107,14.22075080871582,1138357.0
2009-10-22,14.207985499302875,14.27604804106138,14.105892131698674,14.233509063720703,1815535.0
2009-10-23,14.310079248316036,14.310079248316036,14.127162441936212,14.207985877990723,1480840.0
2009-10-26,14.250521721143826,14.314329729783285,14.059096805158513,14.067604064941406,1260014.0
2009-10-27,14.059096336364746,14.122904342876557,13.974018400971058,14.059096336364746,1807308.0
2009-10-28,13.999542562975074,14.105889541767226,13.944241813579055,13.957003593444824,1671170.0
2009-10-29,13.931486755058584,13.952755803692785,13.744315388794877,13.846407890319824,2584203.0
2009-10-30,13.859166421051563,14.105891227722168,13.846403749593438,14.105891227722168,1985460.0
2009-11-02,13.974012670497691,14.042075168914904,13.859158483889301,13.986774444580078,844032.0
2009-11-03,13.969765952454287,14.105890126554211,13.833641778354364,13.982527732849121,1169731.0
2009-11-04,14.03783222976988,14.186718223986768,13.893199866797126,13.948500633239746,1687735.0
2009-11-05,13.935731239492432,13.999540127721572,13.825130650006576,13.931478500366211,1624767.0
2009-11-06,13.829379774470185,13.854903321447898,13.578401492766515,13.63370132446289,2570161.0
2009-11-09,13.731553927934511,13.7528229770711,13.582667913776378,13.714537620544434,2677338.0
2009-11-10,13.714533913883765,13.782596454846628,13.710281173286653,13.731550216674805,1673144.0
2009-11-11,13.825132111942624,13.825132111942624,13.629453577503787,13.667738914489746,1599645.0
2009-11-12,13.714531035015325,13.888941426509104,13.671992957168348,13.859164237976074,1902308.0
2009-11-13,13.871931788397607,13.905963513110422,13.65923773676237,13.714537620544434,3335867.0
2009-11-16,13.761323425814487,13.761323425814487,13.650721940041345,13.697514533996582,1688393.0
2009-11-17,13.68901461625171,13.888947767722863,13.68050646275764,13.846407890319824,2537142.0
2009-11-18,13.901704320400697,13.952751445284946,13.825134523141363,13.893197059631348,2953892.0
2009-11-19,13.91021247691323,14.097383784786786,13.850658091235331,14.037829399108887,3493506.0
2009-11-20,14.037829580392506,14.122906639554582,13.99529060577794,14.105891227722168,1726020.0
2009-11-23,14.11014231683466,14.305821742831926,14.088873278391597,14.263282775878906,1659871.0
2009-11-24,14.254778725651853,14.352618466785874,14.220747898330085,14.27604866027832,1833526.0
2009-11-25,14.356872877609398,14.471728038643711,14.318588417309423,14.458966255187988,2130593.0
2009-11-26,14.458966136267978,14.458966136267978,14.335603713989258,14.335603713989258,773714.0
2009-11-27,14.20798660587839,14.475981382936771,14.20798660587839,14.44620418548584,1282722.0
2009-11-30,14.44619753469285,14.518513679504395,14.403658573623307,14.518513679504395,1485338.0
2009-12-01,14.254775823062246,14.463217045649465,14.254775823062246,14.420677185058594,2725167.0
2009-12-02,14.480237359116131,14.620615208319226,14.407921173744622,14.599346160888672,2130484.0
2009-12-03,14.603592704794591,14.68867063336044,14.480230331420898,14.480230331420898,978634.0
2009-12-04,14.595088958740234,14.671658756851667,14.446202102882332,14.595088958740234,1358854.0
2009-12-07,14.620613999562664,14.77800814177839,14.607852216132503,14.675914764404297,1264951.0
2009-12-08,14.582327403588092,14.76099056530866,14.535533907841888,14.752482414245605,1724265.0
2009-12-09,14.78226302074569,14.78226302074569,14.595092554815833,14.688677787780762,1334501.0
2009-12-10,14.726956482153067,14.854572489388342,14.697178405055721,14.833303451538086,1251129.0
2009-12-11,14.765247233899872,15.016226616063127,14.765247233899872,14.875848770141602,1568491.0
2009-12-14,14.884353327742389,15.177870750427246,14.863083394607475,15.177870750427246,1523075.0
2009-12-15,15.17786698471588,15.411831740816561,15.139583428745818,15.305484771728516,2400346.0
2009-12-16,15.356535890709972,15.522437276951022,15.339519587960087,15.445866584777832,1566187.0
2009-12-17,15.428849196842751,15.428849196842751,15.173615383799579,15.28421688079834,1438386.0
2009-12-18,15.190634790175288,15.437359613816769,15.092795052825213,15.386312484741211,4362879.0
2009-12-21,15.356532622940593,15.484148635939198,15.071520738367399,15.092791557312012,1766060.0
2009-12-22,15.05876595056611,15.190636529016773,14.990702510629541,15.173620223999023,1122231.0
2009-12-23,15.18637057789755,15.301224764886902,15.037483806486897,15.063007354736328,751335.0
2009-12-24,15.058765551602287,15.22466695555866,15.058765551602287,15.216157913208008,414118.0
2009-12-29,15.323637962341309,15.396730589794494,15.263444139688533,15.323637962341309,618927.0
2009-12-30,15.383834934656331,15.465526182285986,15.353738916791846,15.448328971862793,477853.0
2009-12-31,15.461231149299252,15.585917249411793,15.448332339046479,15.56011962890625,628142.0
2010-01-04,15.594516808508201,15.65471065333479,15.465528712988307,15.491326332092285,896030.0
2010-01-05,15.54292345627337,15.667611363989494,15.315046858868536,15.46123218536377,1181359.0
2010-01-06,15.499927229589284,15.51282604104771,15.27205062615492,15.315047264099121,1334501.0
2010-01-07,15.323642832265888,15.327943034981791,15.061369150427744,15.186056137084961,1598000.0
2010-01-08,15.198958322743247,15.25055356980503,15.091469424196795,15.134464263916016,1543918.0
2010-01-11,15.19895897351865,15.24625401893419,15.087170766138668,15.112967491149902,1165892.0
2010-01-12,15.087163394723374,15.27204418182373,15.069965286577272,15.27204418182373,1103143.0
2010-01-13,15.284946988501282,15.30214600077283,15.00977538689298,15.03557300567627,1466689.0
2010-01-14,15.048470270876548,15.147361438518052,15.00117523821565,15.022672653198242,882098.0
2010-01-15,15.074269407844373,15.095767724617708,14.940982902571578,14.97107982635498,1223704.0
2010-01-18,14.983976904854122,15.069968362761598,14.88508753792211,15.065669059753418,472149.0
2010-01-19,15.108671122192176,15.237657463499884,15.069974680025249,15.143067359924316,1105337.0
2010-01-20,15.173158950605991,15.310745660498657,15.095767888180522,15.263450622558594,1609299.0
2010-01-21,15.345143377606167,15.456932477791538,15.173160423359194,15.310747146606445,1653069.0
2010-01-22,15.267750968993461,15.293548592833565,15.005478125366439,15.031275749206543,1567942.0
2010-01-25,15.018375707640175,15.087168161961603,14.773300115153859,15.005475997924805,1606666.0
2010-01-26,14.9452823466981,14.98827717881309,14.781898026315362,14.89798641204834,1428075.0
2010-01-27,14.867890697085475,14.889388114888588,14.734604187758656,14.790498733520508,1197046.0
2010-01-28,14.833491195162962,14.833491195162962,14.644310181824453,14.738901138305664,1119489.0
2010-01-29,14.721703442349625,14.794796992296199,14.618514770907861,14.691606521606445,1275372.0
2010-02-01,14.700204395739465,14.833490872754423,14.631411056123266,14.816292762756348,813974.0
2010-02-02,14.8635972859944,14.867896591334622,14.67011685056628,14.786205291748047,1814219.0
2010-02-03,14.82059134184911,14.94097900558254,14.751798905215063,14.842089653015137,1312122.0
2010-02-04,14.829194574788927,14.867890105218947,14.665810247643234,14.777599334716797,1457365.0
2010-02-05,14.786197020819017,14.829192749044207,14.618514310477556,14.807694435119629,1183773.0
2010-02-08,14.812001604528179,14.812001604528179,14.644317915692453,14.700212478637695,1133091.0
2010-02-09,14.74750753204352,14.812001604528179,14.64001861073494,14.700212478637695,1301152.0
2010-02-10,14.721702990181878,14.74750060706196,14.622813624848181,14.674407958984375,1466470.0
2010-02-11,14.661508831986227,14.704503657048758,14.605614299931489,14.618513107299805,2601645.0
2010-02-12,14.635715791809043,14.670112022459556,14.601318661534354,14.65721321105957,1910974.0
2010-02-16,14.683014359183248,14.730309412589072,14.670115544686317,14.700212478637695,1106215.0
2010-02-17,14.721704181805528,14.932382637589948,14.704506069034725,14.89798641204834,1556753.0
2010-02-18,14.919485401575079,14.988277855765338,14.790498200532225,14.940982818603516,1595806.0
2010-02-19,14.962472998923316,15.044164218758,14.91087778671312,14.958172798156738,1328467.0
2010-02-22,15.035573113462851,15.048471023322925,14.846392073735927,14.89798641204834,913691.0
2010-02-23,14.833495539281394,15.052773534894143,14.833495539281394,15.018377304077148,1211307.0
2010-02-24,15.052775030605941,15.151664428936947,14.876492755810323,15.130167007446289,1904392.0
2010-02-25,15.052772604713034,15.177459608437786,14.94528371533403,15.082869529724121,1404599.0
2010-02-26,15.082870385428723,15.12156681962013,14.833495464207179,14.953883171081543,2098342.0
2010-03-01,14.979683442334844,15.044176611098958,14.940987001301774,15.026978492736816,1362255.0
2010-03-02,15.044173040882619,15.117265701293945,14.971080380471292,15.117265701293945,1731066.0
2010-03-03,15.155963969802038,15.220458030700684,15.100068517273726,15.220458030700684,1223045.0
2010-03-04,15.22045822282019,15.422537217188735,15.22045822282019,15.409638404846191,4291025.0
2010-03-05,15.392434448816374,15.465527095550673,15.28924578244037,15.34943962097168,1356879.0
2010-03-08,15.370943739588947,15.49993007863384,15.35804492575959,15.478432655334473,1203848.0
2010-03-09,15.504225257557092,15.585916519165039,15.452630018963397,15.585916519165039,1652411.0
2010-03-10,15.603117867711937,15.603117867711937,15.487030362744838,15.538623809814453,1192329.0
2010-03-11,15.594516754115466,15.603115360704106,15.401036410758561,15.52572250366211,1102814.0
2010-03-12,15.749298095703125,15.749298095703125,15.482725141777438,15.749298095703125,1836049.0
2010-03-15,15.736401899389362,15.865388195538689,15.714902683991069,15.856789588928223,1430269.0
2010-03-16,15.886890087621731,15.95568435763164,15.792299990512774,15.934186935424805,1489507.0
2010-03-17,15.916985759781673,16.011575844064303,15.90408694835692,15.972879409790039,1217780.0
2010-03-18,15.908387270240077,15.990078543705566,15.843893212636605,15.90408706665039,1173571.0
2010-03-19,15.904087507005247,15.990078986441368,15.822396231277878,15.955682754516602,5208666.0
2010-03-22,15.990071276129413,15.990071276129413,15.895481234134929,15.921277046203613,1177959.0
2010-03-23,15.959985188423683,16.01158044896139,15.89549291200042,15.981484413146973,1814109.0
2010-03-24,16.015872416366914,16.03736983078464,15.934181162030775,15.96857738494873,1385950.0
2010-03-25,15.994371419501007,16.282443577723818,15.985772814542155,16.260944366455078,3694696.0
2010-03-26,16.20935024625174,16.282442883404503,15.921278100312962,15.985772132873535,4284004.0
2010-03-29,16.077053267299593,16.1379017644996,15.972742337306547,16.124862670898438,2444445.0
2010-03-30,16.124853462433823,16.303051881463773,16.1031222584474,16.22481918334961,2139699.0
2010-03-31,16.22482852308012,16.303061266228518,16.150940931941147,16.177019119262695,2612506.0
2010-04-01,16.276976077553083,16.389979069624054,16.19004943985716,16.372594833374023,3342340.0
2010-04-05,16.37259922501197,16.389983465924992,16.285672563999622,16.355213165283203,1081752.0
2010-04-06,16.307405221659014,16.481258559111357,16.303058251637136,16.368253707885742,1213392.0
2010-04-07,16.39867944763766,16.39867944763766,16.246557317215444,16.29871368408203,1167208.0
2010-04-08,16.2987113226811,16.463870702075255,16.22916890399582,16.36390495300293,962508.0
2010-04-09,16.35956129960446,16.585569179274128,16.342175238637928,16.485605239868164,1171706.0
2010-04-12,16.494296609849822,16.57252933359708,16.350868433966692,16.398677825927734,1228092.0
2010-04-13,16.33782598548343,16.416060520675746,16.233515090709293,16.333480834960938,754188.0
2010-04-14,16.31175119817689,16.407369982307028,16.237863625200728,16.342174530029297,1142855.0
2010-04-15,16.385638192808024,16.47256485317158,16.337826983614693,16.359560012817383,1719877.0
2010-04-16,16.350867714198944,16.359559834495837,16.085740766394512,16.203092575073242,1308392.0
2010-04-19,16.13790438936834,16.281332623493817,16.02055434668687,16.2117919921875,1301481.0
2010-04-20,16.272633473906986,16.38129134546848,16.203092872623404,16.355213165283203,1125522.0
2010-04-21,16.303059804819487,16.333484960239392,16.111822206692366,16.163978576660156,1443433.0
2010-04-22,16.081393298051303,16.190051151957984,15.964041506284964,16.159626007080078,1824311.0
2010-04-23,16.120506836296723,16.298707077924487,16.033582018505896,16.268281936645508,1513092.0
2010-04-26,16.27263392681025,16.407369982307028,16.194399384076974,16.342174530029297,1322653.0
2010-04-27,16.355210507875192,16.3856356527531,16.142241768991664,16.159626007080078,1627948.0
2010-04-28,16.085738401798444,16.129202634525104,15.655453956341853,15.781496047973633,2781992.0
2010-04-29,15.703269745668152,15.846697952668405,15.420758483542198,15.494646072387695,2682823.0
2010-04-30,15.290366518007943,15.690229592424643,15.290366518007943,15.577224731445312,1833636.0
2010-05-03,15.711959746199899,16.046625517334373,15.655458228932194,15.929275512695312,2061373.0
2010-05-04,15.868428191009205,15.933623653273425,15.690229685908434,15.842350006103516,1571562.0
2010-05-05,15.655456332392975,15.764114202477609,15.6250311829851,15.659801483154297,2148145.0
2010-05-06,15.564184521112493,15.677189373974814,13.043316547990218,15.47291088104248,3514678.0
2010-05-07,15.390329349484942,15.390329349484942,14.912234540282158,15.255593299865723,3316999.0
2010-05-10,15.451177565966441,15.659801181782392,15.372943027979577,15.559835433959961,1629045.0
2010-05-11,15.498986076156864,15.625029996160082,15.429445481100542,15.477254867553711,1492030.0
2010-05-12,15.564182877729714,15.816268920898438,15.485948337358861,15.816268920898438,1459010.0
2010-05-13,15.720651297233685,15.855387358583062,15.62937947889604,15.811924934387207,1021417.0
2010-05-14,15.751077919568052,15.803232469708469,15.41206334016709,15.555493354797363,1263963.0
2010-05-17,15.47291430658753,15.62068949639665,15.207789086667091,15.37729549407959,1298409.0
2010-05-18,15.490302794919465,15.490302794919465,15.155635989385654,15.177367210388184,1268900.0
2010-05-19,15.14259184237821,15.390331862454358,15.103474566330814,15.212132453918457,2144306.0
2010-05-20,15.103469727282459,15.307747254400836,15.003504902869395,15.107816696166992,1967360.0
2010-05-21,14.955698100798276,15.060009002685547,14.78184477883708,15.060009002685547,2144525.0
2010-05-25,14.80358016126908,15.007857781201471,14.703615291436744,14.994818687438965,1979975.0
2010-05-26,15.103478750121026,15.17736635240603,14.88181594326601,14.907894134521484,1439813.0
2010-05-27,15.0295850570799,15.251247774105853,15.025238996767987,15.186052322387695,2171292.0
2010-05-28,15.286019487900065,15.403369486039049,15.155629489580402,15.173014640808105,1482596.0
2010-05-31,15.385988556048956,15.429450988769531,15.25994459105331,15.429450988769531,593367.0
2010-06-01,15.342521839344267,15.459871843887536,15.155630316687086,15.203439712524414,2023307.0
2010-06-02,15.238214482103542,15.28602480135861,15.025244714071507,15.264291763305664,1708139.0
2010-06-03,15.320790325097887,15.603301543280368,15.290365172627572,15.533759117126465,1238513.0
2010-06-04,15.45118276846067,15.490300050625097,15.272984241466684,15.333832740783691,1181579.0
2010-06-07,15.39902583081214,15.48160736308721,15.316446117353307,15.429450988769531,1073305.0
2010-06-08,15.50768189747225,15.50768189747225,15.225171571157938,15.39902400970459,1196279.0
2010-06-09,15.42944858403991,15.577223742364607,15.385986158093095,15.416409492492676,1112797.0
2010-06-10,15.429447550511043,15.655457242980074,15.403369369163398,15.633724212646484,999916.0
2010-06-11,15.63372330332347,15.746728142985148,15.590260882815905,15.659801483154297,1053669.0
2010-06-14,15.733690388255617,15.920582813692722,15.67718887303783,15.811924934387207,977537.0
2010-06-15,15.820617583741788,16.059664562432946,15.820617583741788,16.037933349609375,1647584.0
2010-06-16,16.037933764665986,16.081398010253906,15.977085275895684,16.081398010253906,1173900.0
2010-06-17,16.081400623013213,16.09009274601662,15.946664531787139,16.059667587280273,1249044.0
2010-06-18,16.12486492696389,16.216138594942315,15.955358505249023,15.955358505249023,4754508.0
2010-06-21,16.077049502237088,16.20309343792484,16.01620101928711,16.01620101928711,695717.0
2010-06-22,16.059664644811818,16.20309465157818,16.0466255532876,16.090089797973633,985874.0
2010-06-23,16.050975464276867,16.16398033858628,15.877122091311042,16.059667587280273,2680629.0
2010-06-24,15.972742487360666,16.02489704343903,15.842351550124116,15.985779762268066,1427197.0
2010-06-25,15.968391461813631,16.081396305785653,15.807577225933406,15.99446964263916,1512873.0
2010-06-28,16.038407231627257,16.095531471476065,15.950525341615863,15.96810245513916,1028547.0
2010-06-29,15.79234263368625,15.818707391178616,15.533091636748669,15.585821151733398,1840656.0
2010-06-30,15.475970719376816,15.805526542324648,15.449605959332482,15.647339820861816,1523075.0
2010-07-02,15.642947177098216,15.919775355850048,15.638554275704386,15.78795337677002,1233686.0
2010-07-05,15.68688311564397,15.853857436590545,15.599001216639504,15.774765014648438,538517.0
2010-07-06,15.818706573611223,16.12629233045334,15.814311834655296,15.998865127563477,3317328.0
2010-07-07,16.038414085556102,16.288877487182617,15.99447404117414,16.288877487182617,3276191.0
2010-07-08,16.3503843253899,16.367961435322652,16.02522158265027,16.12189292907715,1843289.0
2010-07-09,16.13507879136846,16.200990676879883,15.994469220681129,16.200990676879883,1063980.0
2010-07-12,16.218566436688583,16.222959336153565,15.910980728021809,16.08234977722168,1151192.0
2010-07-13,16.214173424111394,16.23175054024994,15.73961335400446,15.796735763549805,2129277.0
2010-07-14,15.774770218822447,15.831892644559089,15.656128788564798,15.748405456542969,1586701.0
2010-07-15,15.752792344111834,15.889009004686367,15.708852316288981,15.880221366882324,1596574.0
2010-07-16,15.8582501838516,15.9637073461334,15.7527911827673,15.902190208435059,1262537.0
2010-07-19,15.83188649659551,15.99446790831516,15.770369354766666,15.937345504760742,1065955.0
2010-07-20,15.853851760752947,15.976886007551162,15.752787521139684,15.954916000366211,1334391.0
2010-07-21,16.007652020089214,16.08674444598672,15.862647706941432,15.99446964263916,1350407.0
2010-07-22,16.0427992237447,16.231745346868383,16.0427992237447,16.148258209228516,890435.0
2010-07-23,16.1746336715589,16.1746336715589,16.016446909350737,16.09114646911621,1016700.0
2010-07-26,16.1570463077448,16.170228681307755,16.029617309570312,16.029617309570312,785013.0
2010-07-27,16.060380203617854,16.082352059271013,15.906588246863048,16.038410186767578,1041602.0
2010-07-28,16.038406224270595,16.038406224270595,15.695668161914982,15.93294906616211,2057533.0
2010-07-29,16.10432380652916,16.108718545892582,15.673703707021584,15.862649917602539,2378954.0
2010-07-30,15.774768316712823,16.034019329462943,15.686886399312414,15.963712692260742,2316864.0
2010-08-03,16.02523455202795,16.258122712805246,16.02523455202795,16.09114646911621,1640234.0
2010-08-04,16.187807773402152,16.25811439526245,16.14826248218396,16.174625396728516,638235.0
2010-08-05,16.14825767457519,16.25371481776519,16.055981065332045,16.12189292907715,1003755.0
2010-08-06,16.042803468794872,16.187807773402152,15.937346294208503,16.174625396728516,878149.0
2010-08-09,16.244929895383407,16.258112270334113,16.0955308718104,16.179018020629883,527767.0
2010-08-10,16.04719595329855,16.236140261077033,16.034013578476515,16.218564987182617,895371.0
2010-08-11,16.130685842696796,16.152655858199825,15.827494847867786,15.985681533813477,1364558.0
2010-08-12,15.823096532391489,15.889006564001432,15.739609389070814,15.853854179382324,1255297.0
2010-08-13,15.77476709218166,15.932953795701758,15.752795235434805,15.897801399230957,1035568.0
2010-08-16,15.845069798330917,15.862646913652904,15.744005522535645,15.774765014648438,1279212.0
2010-08-17,15.76158614558864,16.143871479993923,15.708856626690492,16.104324340820312,1026134.0
2010-08-18,16.042799941124656,16.187804213846775,15.840671435776994,16.060375213623047,954719.0
2010-08-19,16.038410050292597,16.117504316844013,15.858253339329309,15.950528144836426,1564871.0
2010-08-20,15.950524747352645,16.218565145482,15.805520461697364,16.179018020629883,956365.0
2010-08-23,16.23614113840757,16.385540168595263,16.205383488029106,16.345993041992188,1902198.0
2010-08-24,16.28448368386015,16.35478848649771,16.13508276034968,16.306453704833984,981925.0
2010-08-25,16.240536719385084,16.451452900078568,16.21417196694807,16.403118133544922,1405476.0
2010-08-26,16.447053661344974,16.60963503101781,16.42069075492427,16.56130027770996,1330332.0
2010-08-27,16.609642499221707,16.820558717036786,16.425091038483888,16.7810115814209,1899565.0
2010-08-30,16.781008273340653,16.895254918552727,16.596456848983895,16.627216339111328,1559824.0
2010-08-31,16.62721453086926,16.890858343391354,16.578879770613465,16.697519302368164,1737538.0
2010-09-01,16.807372908954314,16.917224815158956,16.666763351637623,16.701915740966797,1866765.0
2010-09-02,16.69751757661902,16.91722134394772,16.688729940790495,16.91282844543457,3899835.0
2010-09-03,16.904040936410166,17.08419944405827,16.693124780384604,16.802978515625,2267170.0
2010-09-07,16.868893507908478,16.974352536316474,16.71070680409946,16.92601776123047,698899.0
2010-09-08,16.855705957641906,17.005104976178885,16.6667616543883,16.697519302368164,1690916.0
2010-09-09,16.78540453503514,16.79858691217153,16.636005486691236,16.706310272216797,1308063.0
2010-09-10,16.649184329807756,16.8469181060791,16.649184329807756,16.8469181060791,1379148.0
2010-09-13,16.873288756316697,16.87768349556734,16.741466805630868,16.807376861572266,936838.0
2010-09-14,16.811770176904634,16.961169233136236,16.745858287742788,16.798587799072266,1677423.0
2010-09-15,16.785405675826578,16.807375692946124,16.57448946611255,16.649188995361328,1519455.0
2010-09-16,16.56570045287581,16.69312764488064,16.48660619124295,16.675552368164062,948137.0
2010-09-17,16.80297727822472,16.80297727822472,16.43826739076242,16.679941177368164,4488814.0
2010-09-20,16.741462868513093,16.745855767927612,16.6008514723938,16.701915740966797,1060141.0
2010-09-21,16.710698191815172,16.741457672182484,16.469024440937872,16.508569717407227,1662942.0
2010-09-22,16.48220905729645,16.618425706665903,16.48220905729645,16.504180908203125,922796.0
2010-09-23,16.416303451024653,16.657977326992896,16.36796867583101,16.63600730895996,2325421.0
2010-09-24,16.64040323534603,16.8381370893563,16.565703697662013,16.829347610473633,2187747.0
2010-09-27,16.829339469255796,16.947980827550893,16.798581824454846,16.91282844543457,1801713.0
2010-09-28,16.970550137572843,17.170360383979204,16.859544651581786,17.072675704956055,1746314.0
2010-09-29,17.028287254204997,17.125972007806457,16.899519974577416,17.032726287841797,1998186.0
2010-09-30,17.090446600543473,17.139288966348243,16.84179388076891,16.9483585357666,1965714.0
2010-10-01,16.948352586944193,17.028277443724033,16.908390158554273,16.921710968017578,1136821.0
2010-10-04,16.95723116926063,17.125960789778574,16.872867288057897,16.988313674926758,1136273.0
2010-10-05,17.00163722147894,17.250289874403922,16.970554710806923,17.165925979614258,1540517.0
2010-10-06,17.223648230893154,17.24584896242271,16.970554688740464,17.010517120361328,1316400.0
2010-10-07,17.081555790660033,17.081555790660033,16.88174554229908,17.01495361328125,1272739.0
2010-10-08,17.059355064867106,17.134839019052905,16.903946268092007,17.01495361328125,739597.0
2010-10-12,17.050486292349262,17.09488777296108,16.930598950093025,16.97500228881836,657761.0
2010-10-13,17.050485027601923,17.11708724357932,16.983880953511143,17.0549259185791,2621611.0
2010-10-14,17.063800362522482,17.188126688823314,16.99275542027002,17.010517120361328,985655.0
2010-10-15,17.05048879511914,17.094890282248464,16.935042327223584,16.970563888549805,813206.0
2010-10-18,17.00164159784194,17.303577570718172,16.98387989315552,17.245853424072266,1184979.0
2010-10-19,17.17924523857533,17.441220564844933,17.17036531741608,17.361295700073242,2617881.0
2010-10-20,17.316895941257428,17.37017919540237,17.14816811394938,17.250293731689453,968103.0
2010-10-21,17.272484060367628,17.383489534205786,17.228082614077195,17.29912567138672,1213172.0
2010-10-22,17.316893544656143,17.334655246284026,16.98831785850027,17.11264419555664,1175326.0
2010-10-25,17.1259666962213,17.139287509227685,17.028281972916567,17.08600425720215,948905.0
2010-10-26,17.028274590830613,17.05491620529373,16.832903370805216,16.886186599731445,1760027.0
2010-10-27,16.850669595784108,16.87287032776661,16.721902377305096,16.73966407775879,1627729.0
2010-10-28,16.82402155588574,16.82402155588574,16.455483599610474,16.51764488220215,1690916.0
2010-10-29,16.517654840055588,16.757427629637654,16.455493519989265,16.726346969604492,1729311.0
2010-11-01,16.775188590129808,16.806271106897853,16.615340690201275,16.717464447021484,977866.0
2010-11-02,16.71746438652735,16.890634957112535,16.633100475497177,16.704145431518555,1038201.0
2010-11-03,16.735226650522687,16.761868277658788,16.562057932251236,16.615341186523438,1400321.0
2010-11-04,16.717466648284546,16.72190753929706,16.570939542232278,16.588701248168945,3229458.0
2010-11-05,16.650860192390425,16.650860192390425,16.562055401543997,16.61977767944336,1377174.0
2010-11-08,16.633103896380938,16.64642471224253,16.526539227601727,16.57982063293457,1720535.0
2010-11-09,16.6508686375676,16.6508686375676,16.49990060237028,16.5576229095459,1288975.0
2010-11-10,16.49545431406412,16.54429667910731,16.348927218934556,16.513216018676758,1929184.0
2010-11-11,16.56205340800719,16.56205340800719,16.35336319659976,16.451047897338867,911497.0
2010-11-12,16.428847999817126,16.428847999817126,16.215716888256036,16.317842483520508,13181771.0
2010-11-15,16.30008340930173,16.504334632735734,16.23792023583657,16.411088943481445,1870166.0
2010-11-16,16.33116446536437,16.33116446536437,15.758375077454524,15.984827041625977,5846352.0
2010-11-17,15.984823373177012,16.095828884589327,15.918219323084536,15.96262264251709,2949285.0
2010-11-18,16.00702543274322,16.02034624386761,15.793894312865826,15.96706485748291,2818851.0
2010-11-19,15.927100263568082,16.011464150503194,15.882696946472551,15.975942611694336,1512982.0
2010-11-22,15.984819993052263,15.993701769928272,15.904897007954391,15.980379104614258,1373334.0
2010-11-23,15.980389107709101,16.00703073878911,15.856064592858193,15.913786888122559,1447053.0
2010-11-24,15.940422438499759,16.11359111634866,15.927101628041168,16.064748764038086,1765292.0
2010-11-25,16.14023313815333,16.18463460204295,16.042548431105914,16.118030548095703,762854.0
2010-11-26,16.113591851836947,16.16243420637688,16.0247870640972,16.15799331665039,689574.0
2010-11-29,16.16243891469572,16.166879805715894,16.01591180839076,16.109155654907227,1085262.0
2010-11-30,16.08695400816509,16.273443548786872,16.073633193969727,16.073633193969727,2454976.0
2010-12-01,16.268996196607816,16.419964125454502,16.22015384999419,16.37556266784668,2893118.0
2010-12-02,16.428844451904297,16.553170751956483,16.38444114010715,16.428844451904297,1422699.0
2010-12-03,16.477690255433874,16.602016581601504,16.397765392277776,16.544292449951172,1768145.0
2010-12-06,16.584253587259767,16.73078063349789,16.526531318226983,16.69525909423828,1394726.0
2010-12-07,16.810707021820498,16.890631886020007,16.704142394333964,16.881750106811523,4817256.0
2010-12-08,16.828470146319606,16.850670879994052,16.579815611581754,16.744104385375977,2222412.0
2010-12-09,16.801832755996028,16.832913419348635,16.59314246227204,16.628664016723633,1558727.0
2010-12-10,16.53985466836062,16.690820768875334,16.51765207706432,16.61977767944336,1283490.0
2010-12-13,16.570936095802676,16.730783983533872,16.553176251673104,16.713024139404297,2582996.0
2010-12-14,16.72634462495609,16.868430807670304,16.713023813062513,16.82847023010254,2602523.0
2010-12-15,16.761864425476137,16.930592214410442,16.66861875192934,16.9261531829834,2774752.0
2010-12-16,16.908391032611327,16.926152732184782,16.704141707136614,16.87286949157715,1884865.0
2010-12-17,16.82846434046958,16.94834974744127,16.71745699416916,16.886186599731445,4146331.0
2010-12-20,16.850668179808924,16.930591179852495,16.806266719575014,16.877309799194336,1211307.0
2010-12-21,16.868425708100702,16.98831297889925,16.859545788893833,16.979433059692383,1803907.0
2010-12-22,17.028281202392897,17.125965921277434,16.939476405739764,16.99275779724121,1884975.0
2010-12-23,17.0504793702469,17.11264253273474,17.010516939051982,17.068239212036133,1217012.0
2010-12-24,17.04160442184352,17.130409240722656,17.04160442184352,17.130409240722656,79203.0
2010-12-29,17.197698045399797,17.206672873046852,17.067583697886533,17.193212509155273,633956.0
2010-12-30,17.184243661579004,17.233599598076534,17.067589637362033,17.134889602661133,556398.0
2010-12-31,17.090025005366467,17.125918700006242,17.00926278424206,17.045156478881836,517016.0
2011-01-04,17.229115155255034,17.229115155255034,16.663785210275257,16.749032974243164,2824446.0
2011-01-05,16.75800790228586,16.84325567629194,16.632379010830523,16.704166412353516,3281895.0
2011-01-06,16.78044662207907,16.78044662207907,16.556109512055624,16.60995101928711,1190794.0
2011-01-07,16.64134710559195,16.68621562662262,16.39906234924938,16.529178619384766,2173157.0
2011-01-10,16.623396908464386,16.623396908464386,16.363164435364002,16.600963592529297,1371140.0
2011-01-11,16.659292721885752,16.84324856471089,16.659292721885752,16.708646774291992,1616759.0
2011-01-12,16.749040327914575,16.834288129310554,16.60546360115755,16.60995101928711,1266267.0
2011-01-13,16.645837783813477,16.7086522235053,16.565075556675406,16.645837783813477,1439703.0
2011-01-14,16.70864122422264,16.811836709550008,16.6144186879215,16.740049362182617,1529547.0
2011-01-17,16.62788897478667,16.708649310263727,16.556099715098554,16.66826820373535,947918.0
2011-01-18,16.68172744898822,16.78043556213379,16.659294128287787,16.78043556213379,1245863.0
2011-01-19,16.78043669237215,16.811844845531898,16.60994119046972,16.66826820373535,1779773.0
2011-01-20,16.66826663149122,16.677241461592992,16.520204465766263,16.56507110595703,1779553.0
2011-01-21,16.578539583347375,16.690708116273925,16.54713329536655,16.61443328857422,3377005.0
2011-01-24,16.708652072804856,16.75351872464577,16.641350217463483,16.735572814941406,1299177.0
2011-01-25,16.74453835724596,16.775946501694705,16.529174393071855,16.556095123291016,1304991.0
2011-01-26,16.600968455818432,16.654808054319236,16.466364765617115,16.533666610717773,1645171.0
2011-01-27,16.560583688192384,16.578529591199302,16.38111339264738,16.399059295654297,1573756.0
2011-01-28,16.376630166615623,16.41701127507807,16.19716170274882,16.295869827270508,1644403.0
2011-01-31,16.3093260254611,16.497769272509565,16.291378244874878,16.399059295654297,2113590.0
2011-02-01,16.466365882275113,16.54712810187275,16.390091078515074,16.542640686035156,5417535.0
2011-02-02,16.58302250249056,16.713138791527037,16.52020806598673,16.699678421020508,4094882.0
2011-02-03,16.71314003101765,16.897095938142975,16.71314003101765,16.861202239990234,1872031.0
2011-02-04,16.847733249123202,17.085530520609716,16.78940625416281,17.049636840820312,1691574.0
2011-02-07,17.09451487271932,17.224629299750013,17.04964633980034,17.170787811279297,1887059.0
2011-02-08,17.170788812986917,17.327825870994328,17.085541036321874,17.14835548400879,4308029.0
2011-02-09,17.148348342365882,17.161808709663074,16.82081586743336,16.955419540405273,3848386.0
2011-02-10,16.87016808513114,17.03169059753418,16.784920353248882,17.03169059753418,1162052.0
2011-02-11,17.004772600696633,17.04066628553131,16.888116716799402,16.97785186767578,1155141.0
2011-02-14,17.063099812269883,17.130401645644056,16.95093134169919,16.964391708374023,1138247.0
2011-02-15,17.049646535724538,17.13040876935868,16.95542580739821,16.959911346435547,1027231.0
2011-02-16,17.004775087962965,17.027208409568512,16.870171403170406,16.982341766357422,2159335.0
2011-02-17,16.973363832992096,17.103480078646985,16.959903466973337,17.018232345581055,1987874.0
2011-02-18,17.02720410200525,17.090018513157695,16.97785005592684,17.05412483215332,1623012.0
2011-02-22,16.968882522732624,17.327823242250048,16.93747624244384,17.23360252380371,1875102.0
2011-02-23,17.300902623081605,17.363717061684113,17.2380881844791,17.2650089263916,1514628.0
2011-02-24,17.350257147489394,17.350257147489394,16.90606864939943,17.116947174072266,1462191.0
2011-02-25,17.148347893177252,17.305384881671184,17.134887526232646,17.26949119567871,1067381.0
2011-02-28,17.175271079798506,17.583565806126135,17.166298126413853,17.516263961791992,2350981.0
2011-03-01,17.516267384274727,17.63292331138727,17.318851105761244,17.422046661376953,1812354.0
2011-03-02,17.466916155740055,17.466916155740055,17.309879088594034,17.323339462280273,1986228.0
2011-03-03,17.31884812991601,17.386148098256168,17.220138130040244,17.247058868408203,2628302.0
2011-03-04,17.318844802983612,17.336790706728365,17.184241137001038,17.296409606933594,1182895.0
2011-03-07,17.359229522538836,17.417558422129403,17.16181325335224,17.23360252380371,1826505.0
2011-03-08,17.345764500768862,17.51625996406365,17.24256898886868,17.363710403442383,1722180.0
2011-03-09,17.363713856273904,17.42204274550991,17.12591651671846,17.224624633789062,1943116.0
2011-03-10,17.15732310037246,17.25154379347841,16.97336537394169,17.121427536010742,1749496.0
2011-03-11,17.049640644698865,17.484856068494963,17.049640644698865,17.457935333251953,1674790.0
2011-03-14,17.4310224517702,17.511782816307278,17.291933175399294,17.323339462280273,1925125.0
2011-03-15,17.049638704581394,17.161807170277008,16.937470238885783,17.094507217407227,1959461.0
2011-03-16,17.045157142880498,17.188733804612546,16.928503100151914,17.004777908325195,1787781.0
2011-03-17,17.134884760612334,17.26948840833298,17.05860998609701,17.202186584472656,1115101.0
2011-03-18,17.273978143302507,17.439988097453853,17.260517775258908,17.341279983520508,3191173.0
2011-03-21,17.049642222094576,17.538697284043472,17.049642222094576,17.516263961791992,1127606.0
2011-03-22,17.579082795808297,17.69573872936053,17.520755767822266,17.520755767822266,1533167.0
2011-03-23,17.520753007211372,17.579080026007265,17.448963740716575,17.45345115661621,827467.0
2011-03-24,17.493832522925953,17.727142479102955,17.45345141197804,17.637407302856445,2299422.0
2011-03-25,17.67329666526285,17.785465126761537,17.588048934936523,17.588048934936523,1656799.0
2011-03-28,17.610489162685003,17.7406035776405,17.50729361188652,17.552160263061523,1761343.0
2011-03-29,17.597512173084077,17.670078638768185,17.497730910322908,17.58843994140625,841838.0
2011-03-30,17.715435413216838,17.833357364773963,17.67915217380467,17.769861221313477,2348238.0
2011-03-31,17.815218534127037,17.914997927305613,17.738115930678692,17.82882308959961,1318594.0
2011-04-01,17.824282043499796,17.98302140876915,17.824282043499796,17.937667846679688,2127851.0
2011-04-04,18.001168444459502,18.119090392326513,17.964885206182736,18.02838134765625,854892.0
2011-04-05,18.028380517044372,18.119089557535446,17.924065025581807,17.978490829467773,1022404.0
2011-04-06,18.06466412676282,18.100947364117335,17.792536999669004,17.896852493286133,966676.0
2011-04-07,17.92859902465872,18.005701605073067,17.874173227200032,17.883243560791016,1037872.0
2011-04-08,18.001164109309457,18.02384089052669,17.883242189841123,17.955810546875,836572.0
2011-04-11,18.046520089951223,18.046520089951223,17.81067811736832,17.892316818237305,1203299.0
2011-04-12,17.842423062010877,17.937668201421072,17.66554112963392,17.856029510498047,1464714.0
2011-04-13,17.824286776210037,18.028381655716426,17.733577729989783,17.869640350341797,3195561.0
2011-04-14,17.824287224419404,18.010239540175,17.806144655536446,18.001169204711914,946711.0
2011-04-15,18.09187661418213,18.237009560270362,18.078270163241783,18.17351531982422,1374431.0
2011-04-18,18.14176470338916,18.214331170040307,18.014772437771434,18.150835037231445,1027341.0
2011-04-19,18.14177509681539,18.16445189339086,18.051066012555985,18.064672470092773,1242791.0
2011-04-20,18.141766742233806,18.232475784720208,18.087340937150632,18.16897964477539,941665.0
2011-04-21,18.218868439333527,18.246081340539604,18.06466326447014,18.178049087524414,1031838.0
2011-04-25,18.218868379688296,18.295970966867568,18.105482557005228,18.237009048461914,1098316.0
2011-04-26,18.268755136145252,18.368534492269056,18.155369331644902,18.227935791015625,1240926.0
2011-04-27,18.182587307670236,18.327720266954305,18.05105890260686,18.273296356201172,1645500.0
2011-04-28,18.323181457017405,18.382141469708536,18.205259533678838,18.30050277709961,1535800.0
2011-04-29,18.259690282572212,18.46378517150879,18.259690282572212,18.46378517150879,1426100.0
2011-05-02,18.595305595858598,18.876502990722656,18.50913269045347,18.876502990722656,2188186.0
2011-05-03,18.930931272606642,18.935467388524224,18.808475122396487,18.890111923217773,3242293.0
2011-05-04,18.9173236381168,18.926393971427483,18.549953312536374,18.726835250854492,2559411.0
2011-05-05,18.595307807554555,18.667876171540325,18.48192199265005,18.658803939819336,1607654.0
2011-05-06,18.63612705564869,18.790332218594443,18.622520606097215,18.77672576904297,1517809.0
2011-05-09,18.76766014099121,18.817549835870114,18.65427429827035,18.76766014099121,1248386.0
2011-05-10,18.77673206212363,18.81755142445879,18.69055911805411,18.79033851623535,1316400.0
2011-05-11,18.708692643329666,18.79033133680739,18.631590065475038,18.785797119140625,2084410.0
2011-05-12,18.69509416876693,18.74951808415161,18.617991565851938,18.704164505004883,1426100.0
2011-05-13,18.69509416876693,18.763124537487016,18.608919331657038,18.704164505004883,1013628.0
2011-05-16,18.681488834586983,18.96722057583402,18.645205589504585,18.867441177368164,1426100.0
2011-05-17,18.867426775616075,19.035238316741857,18.767647453313074,18.917316436767578,1021636.0
2011-05-18,18.976287723256306,19.23480648689649,18.94000258994446,19.094207763671875,1850968.0
2011-05-19,19.103278928577232,19.21213053733222,19.103278928577232,19.14409828186035,1206810.0
2011-05-20,19.13956050536384,19.393545014633474,19.130488274349723,19.375402450561523,1000354.0
2011-05-24,19.28015347333167,19.348183797963003,19.148625142315286,19.180374145507812,1008143.0
2011-05-25,19.162239381990627,19.502396837389753,19.116885813786674,19.47064971923828,886705.0
2011-05-26,19.457044468418808,19.525074824917784,19.3119096248991,19.438901901245117,886486.0
2011-05-27,19.34366431766065,19.679285776201368,19.34366431766065,19.57497215270996,1011434.0
2011-05-30,19.50693746898175,19.61578719664236,19.398085843364218,19.50240135192871,328881.0
2011-05-31,19.502404930657352,19.720106323884117,19.479728137144775,19.67928695678711,1800067.0
2011-06-01,19.65660097029733,19.828948695895544,19.434365461077274,19.461576461791992,1755858.0
2011-06-02,19.461579324181315,19.55682448353875,19.302839922527813,19.3935489654541,964592.0
2011-06-03,19.30737711409715,19.493329428779024,19.175848709836327,19.47972297668457,1031180.0
2011-06-06,19.479712514493013,19.529602179392285,19.198515186175804,19.293760299682617,1261879.0
2011-06-07,19.239343192553175,19.30737544715174,19.057925112261405,19.243877410888672,1426100.0
2011-06-08,19.25294303894043,19.348186264749565,19.116880474374828,19.25294303894043,1460326.0
2011-06-09,19.20758948152495,19.27108560431771,18.994424333139857,19.057920455932617,1591199.0
2011-06-10,18.935471402788348,18.935471402788348,18.658808130249625,18.84929656982422,1514957.0
2011-06-13,18.781265381647895,18.94454090870843,18.64520275875691,18.66334342956543,1626632.0
2011-06-14,18.794869485065135,18.84022305437568,18.68601788198938,18.803939819335938,1549732.0
2011-06-15,18.708692018802903,18.881039733294962,18.640661674465424,18.83115005493164,1588785.0
2011-06-16,18.83115520578947,18.940004925276696,18.676950013048316,18.681486129760742,1121902.0
2011-06-17,18.731364622756484,18.885569723302275,18.708685950710137,18.717758178710938,2806236.0
2011-06-20,18.708699127010796,19.121425057144027,18.627062303197363,19.107818603515625,1339986.0
2011-06-21,19.18038258284182,19.23480648689649,19.05792452831658,19.094207763671875,1621805.0
2011-06-22,19.071534847545163,19.26655941234239,19.012574815377135,19.171314239501953,1419737.0
2011-06-23,19.00349036678149,19.198514806227216,18.93546004215016,19.180374145507812,1323421.0
2011-06-24,19.162244418029236,19.221204451780988,19.035252116135467,19.107818603515625,1452099.0
2011-06-27,19.04885452317928,19.27109005530496,18.94907514973864,19.20759391784668,1984912.0
2011-06-28,19.308373723596247,19.487027447924415,19.27630668745133,19.340438842773438,3259187.0
2011-06-29,19.404570548595487,19.5603203389081,19.390827807275688,19.450380325317383,2852200.0
2011-06-30,19.468699964023784,19.482442703410573,19.285464716844885,19.399986267089844,1517370.0
2011-07-04,19.335848925053032,19.3770771321318,19.079320414741016,19.1938419342041,730054.0
2011-07-05,19.271726506497608,19.418315122083932,19.23966138503777,19.276308059692383,1404270.0
2011-07-06,19.267144023073296,19.29920913979472,18.996872680845943,19.051843643188477,1386937.0
2011-07-07,19.01519565207792,19.03351994575477,18.634984290234055,18.667049407958984,2364254.0
2011-07-08,18.644143765374054,18.722018651651332,18.589172806362452,18.657886505126953,1887389.0
2011-07-11,18.55711426070727,18.584599749942793,18.181482436102026,18.263938903808594,1509911.0
2011-07-12,18.16315459091464,18.387618097861804,18.057794208408172,18.341808319091797,1742804.0
2011-07-13,18.34180821756584,18.56169017032858,18.277676061217033,18.346389770507812,1495211.0
2011-07-14,18.45633381979938,18.543369916893706,18.263937328711293,18.337230682373047,2635433.0
2011-07-15,18.396781160822872,18.589177650532786,18.369295674154603,18.520465850830078,5249364.0
2011-07-18,18.46091649778631,18.538791417745028,18.18606541778826,18.37388038635254,1038420.0
2011-07-19,18.328065580696133,18.470072621212573,18.089859356683203,18.16315269470215,1410194.0
2011-07-20,18.181476007299494,18.277673268641216,18.094439933474256,18.208961486816406,3340804.0
2011-07-21,18.167736043319543,18.438007410572933,18.15857485440336,18.346389770507812,1017138.0
2011-07-22,18.383032899800288,18.648724579867242,18.3784532647088,18.602914810180664,2077937.0
2011-07-25,18.57543138047487,18.78157057438142,18.48381374796445,18.685373306274414,1117185.0
2011-07-26,18.589171751777556,18.630399968697336,18.383032584146026,18.438003540039062,1831222.0
2011-07-27,18.346393660467243,18.401364639555283,18.222710874487312,18.254776000976562,1580887.0
2011-07-28,18.208964369684647,18.460911443532492,18.199801263749986,18.341808319091797,798397.0
2011-07-29,18.2135430560446,18.534203789095166,18.14482935718824,18.387615203857422,1405257.0
2011-08-02,18.410523673078824,18.474655835510514,18.167737766513714,18.176898956298828,1341631.0
2011-08-03,18.094436065664937,18.12192153930664,17.773775401456827,18.12192153930664,2132787.0
2011-08-04,18.108190305619093,18.108190305619093,17.737140009682452,17.94327735900879,2717818.0
2011-08-05,17.764624918421003,17.934117514969568,17.173692566243847,17.618038177490234,3482207.0
2011-08-08,17.086648647630916,17.47602309476023,16.94922316151309,17.100391387939453,3461364.0
2011-08-09,17.08665869108041,17.83334099119259,17.08665869108041,17.77379035949707,3243281.0
2011-08-10,17.77377816732065,18.218121615095807,17.503506857075084,17.989078521728516,3436353.0
2011-08-11,17.91578426799874,18.763244819934236,17.91578426799874,18.75408363342285,2694232.0
2011-08-12,18.813639767069414,18.836543698583114,18.62582292793432,18.76325035095215,1557959.0
2011-08-15,18.822797979884115,19.05642264510418,18.758665831606105,18.992290496826172,1399333.0
2011-08-16,18.95105947086729,19.152618990592625,18.78614853070455,19.125133514404297,1374212.0
2011-08-17,19.212178690977105,19.285472050934498,19.05642886334154,19.235082626342773,2429526.0
2011-08-18,18.955645052321547,18.983130534352995,18.511299621092537,18.667049407958984,1979427.0
2011-08-19,18.332645416259766,18.667048910450564,18.254770524902042,18.332645416259766,2058850.0
2011-08-22,18.593756168394354,18.593756168394354,18.227285628603838,18.305160522460938,1346787.0
2011-08-23,18.383034359920188,18.90983620983782,18.231866133579064,18.891511917114258,2165588.0
2011-08-24,18.80906083572176,19.14346441673036,18.80906083572176,19.083913803100586,1987545.0
2011-08-25,19.010615037465353,19.189268744502655,18.94648288835023,19.070165634155273,1359073.0
2011-08-26,19.010617131662585,19.193850494342417,18.708278728547292,19.061006546020508,1159639.0
2011-08-29,19.193855955352294,19.225923001049786,18.97855549484165,19.07475471496582,911388.0
2011-08-30,19.015195896463695,19.239659391293593,18.941902554749618,19.102231979370117,1031070.0
2011-08-31,19.106814678789217,19.404571533203125,19.079329194754976,19.404571533203125,2004877.0
2011-09-01,19.280889511108395,19.569483270594993,19.21675735155939,19.2808895111084,2333648.0
2011-09-02,19.125140039925252,19.468704775569602,19.12055848667489,19.354183197021484,2291194.0
2011-09-06,19.01520060284552,19.500774383544922,18.80448171402138,19.500774383544922,1900114.0
2011-09-07,19.53741997589781,19.583227844014974,19.34044192566432,19.551162719726562,746289.0
2011-09-08,19.422897221549057,19.647358828984522,19.422897221549057,19.606130599975586,737403.0
2011-09-09,19.473284074595835,19.537416227837568,19.07474841395309,19.102231979370117,1448369.0
2011-09-12,19.01519407306735,19.070165032565487,18.708276077481873,18.918996810913086,1247838.0
2011-09-13,18.9464821993059,19.02893672118805,18.84112183309832,18.92357635498047,975233.0
2011-09-14,19.015195896463695,19.235077838573588,18.722020612639724,19.102231979370117,1445078.0
2011-09-15,19.106814883364603,19.377086256638048,19.019778794302802,19.21675682067871,1139454.0
2011-09-16,19.2396575463731,19.340436360808035,18.918996810913086,18.918996810913086,3835770.0
2011-09-19,18.66705618863725,19.088497843581678,18.653313442629567,18.96939468383789,1248825.0
2011-09-20,18.94190139080766,19.276304877660248,18.94190139080766,19.157201766967773,1047964.0
2011-09-21,19.097652837485366,19.31295323244295,18.85486695943231,18.90067481994629,1365107.0
2011-09-22,18.65330511798373,18.946482290662157,18.44716593683319,18.918996810913086,2394203.0
2011-09-23,18.708277722713778,19.019777297973633,18.708277722713778,19.019777297973633,1869837.0
2011-09-26,19.079324231175754,19.372501373291016,18.767824715782844,19.372501373291016,1750922.0
2011-09-27,19.427478657574877,19.803110472839876,19.299214322310544,19.34502410888672,2669769.0
2011-09-28,19.34502003326288,19.872484366778117,19.326511663567402,19.76606559753418,1935547.0
2011-09-29,19.80308678596399,19.872490774419912,19.437562340471295,19.62726593017578,1603595.0
2011-09-30,19.62725424707053,19.71053704741853,19.43292513129327,19.682777404785156,2303700.0
2011-10-03,19.43292784764917,19.47457022175596,18.984118820427483,19.044269561767578,1351943.0
2011-10-04,18.5538181604391,19.044269561767578,18.4196397588384,19.044269561767578,2523100.0
2011-10-05,19.016517363273742,19.062785399852984,18.78054572977921,18.81293296813965,2413400.0
2011-10-06,18.87770426966733,19.31725819797142,18.854568323789923,19.247854232788086,1974600.0
2011-10-07,19.159942725091437,19.36352509621006,19.076657971693276,19.210838317871094,1043247.0
2011-10-11,19.432927541135715,19.64113747216137,19.354270370027173,19.414419174194336,1974600.0
2011-10-12,19.377406141575257,19.395914510202516,19.122928174352666,19.155315399169922,1755200.0
2011-10-13,19.09979530679921,19.22472050976735,18.94710658111935,19.11367416381836,1316400.0
2011-10-14,19.201580364548732,19.511581420898438,19.058146837676972,19.511581420898438,3181300.0
2011-10-17,19.548606460497563,19.93726487843814,19.525472445763572,19.84010124206543,1426100.0
2011-10-18,19.853975712062688,20.214874394259983,19.849350071873573,20.18711280822754,3400371.0
2011-10-19,20.080690383911133,20.20561749830847,19.960390845084685,20.080690383911133,1864900.0
2011-10-20,20.011300892780756,20.219510964350093,19.863241602205086,20.168615341186523,2314122.0
2011-10-21,20.205619020895956,20.386067374621202,20.14546827883805,20.242633819580078,4286528.0
2011-10-24,20.1871153314999,20.404578534303074,20.15935374199742,20.335174560546875,2370617.0
2011-10-25,20.210245082128367,20.37218700800139,19.960392765518925,20.00203514099121,4319438.0
2011-10-26,19.881739392781377,20.279652919536872,19.826218151091368,20.210248947143555,2291962.0
2011-10-27,20.330548520550423,20.381444121563973,20.168606563707563,20.210248947143555,2404405.0
2011-10-28,20.242631500981474,20.288899509981015,20.043674802590623,20.117704391479492,1860183.0
2011-10-31,19.895622638779884,20.14084745648645,19.604129791259766,19.604129791259766,2002574.0
2011-11-01,19.432928851768853,19.655019588923167,19.345018459372685,19.474571228027344,2639821.0
2011-11-02,19.43292900324044,19.548600980710546,19.229344696464615,19.368152618408203,1537226.0
2011-11-03,19.2478576430406,19.83547282243878,19.2478576430406,19.747562408447266,2156592.0
2011-11-04,19.77532305054981,19.849354608966333,19.557859825221332,19.604129791259766,1417543.0
2011-11-07,19.43755412265445,19.613376840333355,19.169195374456862,19.270986557006836,2062141.0
2011-11-08,19.085914713183733,19.1460654693789,18.650988306144026,19.058155059814453,2861195.0
2011-11-09,18.701877925394882,19.04426817255332,18.701877925394882,18.775907516479492,1333842.0
2011-11-10,18.738896434220422,18.840687626188632,18.410386912321197,18.438148498535156,4289709.0
2011-11-11,18.160534612165982,18.97023842312717,18.160534612165982,18.882328033447266,4353335.0
2011-11-14,18.785165020327693,18.854567044577916,18.576955075128396,18.74352264404297,2413400.0
2011-11-15,18.757400062187962,18.93322081546563,18.54919015444001,18.868444442749023,1602607.0
2011-11-16,18.789791051512655,18.99337536106956,18.78516541153423,18.947105407714844,2961900.0
2011-11-17,18.8777018423321,18.956357077793633,18.650983542701425,18.78516387939453,3060411.0
2011-11-18,18.82218395929499,19.308005980770663,18.76666077870643,19.233976364135742,2495785.0
2011-11-21,19.13217956722556,19.345017073145673,18.9933735925348,19.284866333007812,1543369.0
2011-11-22,19.289504320901138,19.363533955866163,19.058160259466526,19.169204711914062,1120037.0
2011-11-23,18.97949448607408,19.206210866984993,18.900837308315356,19.183076858520508,1621147.0
2011-11-24,19.081288571420252,19.17845219622342,18.8314362078591,18.960988998413086,397224.0
2011-11-25,18.960983961785477,19.0026263340216,18.75740161248549,18.87307357788086,660833.0
2011-11-28,18.81292181427012,19.072029248658936,18.81292181427012,18.96561050415039,944407.0
2011-11-29,19.03501647731752,19.22934564136324,18.8915829084106,19.224720001220703,1102814.0
2011-11-30,19.35890482896402,19.84010124206543,19.35890482896402,19.84010124206543,1791182.0
2011-12-01,19.76143834636183,20.011288731424376,19.71979597010997,19.918750762939453,1805004.0
2011-12-02,19.96502071529407,19.96502071529407,19.858601954725195,19.918750762939453,1329345.0
2011-12-05,19.79382788914827,20.0112910756391,19.59949871343262,19.67815589904785,1553242.0
2011-12-06,19.74292802906739,19.747555604713288,19.493075732447043,19.553226470947266,1131226.0
2011-12-07,19.48383103174317,19.738309078991282,19.446816219072986,19.69666862487793,976330.0
2011-12-08,19.59023945400209,19.742926201493376,19.59023945400209,19.682777404785156,11939638.0
2011-12-09,19.668898889249004,19.798451648077915,19.567107712486884,19.59949493408203,1623779.0
2011-12-12,19.47919372073392,19.659642052475455,19.44680650191508,19.62262725830078,1206700.0
2011-12-13,19.608747482299805,19.733674597350507,19.483822303473204,19.608747482299805,1645500.0
2011-12-14,19.506963720017332,19.77995012313395,19.49771050153579,19.715173721313477,1692232.0
2011-12-15,19.766069850746877,19.969654216306015,19.738308258342226,19.941892623901367,1864900.0
2011-12-16,19.858601168755797,20.316663416948323,19.858601168755797,20.242633819580078,6286139.0
2011-12-19,20.307409221795233,20.35830480955896,20.029795340718803,20.099199295043945,1448698.0
2011-12-20,20.094569591588048,20.358302653873473,20.094569591588048,20.233375549316406,994101.0
2011-12-21,20.288903214082282,20.557261974966124,20.200992819199136,20.51099395751953,1244985.0
2011-12-22,20.566520907279806,20.7006993442697,20.242638916955485,20.381444931030273,1396371.0
2011-12-23,20.36755825503966,20.659052930277284,20.26576707836118,20.56651496887207,1071550.0
2011-12-28,20.594536213753507,20.65993243590121,20.323617664212325,20.561840057373047,1085043.0
2011-12-29,20.650591999993967,20.669276916848315,20.53848836294891,20.62723731994629,424210.0
2011-12-30,20.62723973061181,20.837435784993456,20.515136080465417,20.800067901611328,943310.0
2012-01-03,20.762710947664406,20.902841072784994,20.417054423712703,20.510475158691406,1628935.0
2012-01-04,20.50579341814739,20.7159894804686,20.48243873448814,20.52914810180664,1475136.0
2012-01-05,20.58987262495347,20.59454238886893,20.365663361497912,20.52914810180664,1037433.0
2012-01-06,20.463756917895708,20.5244794897564,20.20217780027236,20.41704559326172,882207.0
2012-01-09,20.32829227295331,20.4030280307621,20.104083044833263,20.332962036132812,1244766.0
2012-01-10,20.276915888807896,20.36099314713151,19.98731231689453,19.98731231689453,1278992.0
2012-01-11,19.94527030323195,20.01533630562394,19.697706367705432,19.814481735229492,1864900.0
2012-01-12,19.87520501420001,19.982638903492443,19.702376838559214,19.823823928833008,2507523.0
2012-01-13,19.823824107428344,19.912575032674507,19.707048734660944,19.851850509643555,741353.0
2012-01-16,19.93126588989405,20.034028102244708,19.651003711460177,19.688373565673828,608506.0
2012-01-17,19.79579663642167,19.91257395757814,19.62296846855498,19.786455154418945,933876.0
2012-01-18,19.72574007662493,20.029356926548555,18.842915938194032,19.566925048828125,6974287.0
2012-01-19,19.436128934102552,19.552904299838595,19.28665544951961,19.478166580200195,2215830.0
2012-01-20,19.594941011027352,19.702372924282297,19.48750714307884,19.5295467376709,1541175.0
2012-01-23,19.613626930573773,19.76310041566011,19.599613730262746,19.683692932128906,1644622.0
2012-01-24,19.61829996738215,19.786456427721788,19.45481327099745,19.49685287475586,3181300.0
2012-01-25,19.49685176888403,19.613627136237827,19.426787721288083,19.520206451416016,4100586.0
2012-01-26,19.54823813142865,19.65567204572148,19.52488344258962,19.55290985107422,825602.0
2012-01-27,19.55290616732228,19.660340061374654,19.314683694778513,19.37540626525879,1397359.0
2012-01-30,19.356721732793464,19.45948389976253,19.151195444161445,19.239946365356445,1881355.0
2012-01-31,19.263295554410785,19.370729409129215,19.16520317910903,19.26796531677246,1985241.0
2012-02-01,19.26796860196429,19.33336287841742,19.183891363492364,19.286653518676758,1664149.0
2012-02-02,19.30066634900122,19.43612661717246,19.18389099718566,19.4221134185791,1101059.0
2012-02-03,19.39408994109966,19.57625959554463,19.267971134772736,19.384748458862305,1356331.0
2012-02-06,19.38475001189254,19.408104696703973,19.23527651065004,19.328697204589844,1702325.0
2012-02-07,19.314685805804846,19.60428939764473,19.16054252602711,19.506196975708008,1782515.0
2012-02-08,19.59961420613724,19.711719811347358,19.408103070161836,19.562246322631836,1144720.0
2012-02-09,19.571590023576903,19.64165603477629,19.408105270370505,19.515539169311523,1213940.0
2012-02-10,19.464160919189453,19.501528812383132,19.24462137029816,19.464160919189453,1326931.0
2012-02-13,19.464157193637558,19.55757593139366,19.356723299585184,19.37540626525879,1918982.0
2012-02-14,19.338045353957803,19.837845163749424,19.338045353957803,19.688373565673828,2666588.0
2012-02-15,19.711715310913796,19.82849065321711,19.61829464613245,19.74441146850586,1822007.0
2012-02-16,19.744415530893086,19.82382301456054,19.492179879555657,19.59494400024414,1277786.0
2012-02-17,19.64633415095056,19.777122777980434,19.594953044238448,19.613636016845703,1173461.0
2012-02-21,19.613629183810712,19.83783845985071,19.55290661194962,19.739748001098633,1551487.0
2012-02-22,19.795800052995332,19.95461504792101,19.749090680226228,19.819154739379883,1367191.0
2012-02-23,19.85185166177159,19.85185166177159,19.650997070701695,19.739748001098633,1082410.0
2012-02-24,19.707046537562043,19.79112573483386,19.571586260188703,19.618297576904297,1200337.0
2012-02-27,19.665004370446308,19.823819308087476,19.599610099340737,19.800464630126953,1199131.0
2012-02-28,19.80513856570974,20.052702480143385,19.63698017429635,20.03401756286621,1518577.0
2012-02-29,20.08539572297468,20.407697304982786,19.991975059553205,20.35164451599121,2633239.0
2012-03-01,20.28625368754898,20.389015848332704,20.23487260715712,20.295595169067383,1493017.0
2012-03-02,20.318954200387296,20.375005050799533,20.23954671138479,20.276914596557617,1047196.0
2012-03-05,20.31895867399027,20.477771732266977,20.20685303909562,20.375009536743164,1329235.0
2012-03-06,20.440405113387943,20.45441831862354,20.01067138045025,20.071393966674805,2389266.0
2012-03-07,19.996655922930366,20.557178205137262,19.898563497329633,20.412376403808594,2215062.0
2012-03-08,20.43572717949937,20.44506866102426,20.18349154077727,20.398359298706055,934644.0
2012-03-09,20.398365557021087,20.49178431031881,20.309614613877258,20.379680633544922,1076486.0
2012-03-12,20.482436483411796,20.627238242756604,20.32362152447273,20.575857162475586,920712.0
2012-03-13,20.589871847229677,20.800067901611328,20.585200128796696,20.800067901611328,1499160.0
2012-03-14,20.832767016006372,20.832767016006372,20.38902016164152,20.468427658081055,1237855.0
2012-03-15,20.38901923380243,20.66928131813417,20.300270257906977,20.519807815551758,1142855.0
2012-03-16,20.496448241455937,20.664604670066524,20.39368608812134,20.454408645629883,4751107.0
2012-03-19,20.463756829710395,20.561847288039118,20.04336272859246,20.10875701904297,1546222.0
2012-03-20,20.04336223840844,20.108756527259654,19.945271782478635,20.038692474365234,1103472.0
2012-03-21,20.038696654078382,20.052709858518977,19.76310623967261,19.991985321044922,1343715.0
2012-03-22,20.052703936922505,20.46842431827687,20.001322854044723,20.34697723388672,1439264.0
2012-03-23,20.417039686138164,20.47776224043041,20.300264340380142,20.389013290405273,1225459.0
2012-03-26,20.477760875777477,20.617892845103427,20.435723239673084,20.561840057373047,1404489.0
2012-03-27,20.529152856862268,20.599218878763008,20.35632659399783,20.477771759033203,1097000.0
2012-03-28,20.50135594057204,20.572132281688106,20.3031841599579,20.4069881439209,1162162.0
2012-03-29,20.293752971844366,20.345654976611495,20.005932404588222,20.289033889770508,1851297.0
2012-03-30,20.388110162960974,20.463603589718314,20.156908828564955,20.208810806274414,1215915.0
2012-04-02,20.218260954096277,20.53910919531989,20.21354187168436,20.42586898803711,1079997.0
2012-04-03,20.293755719254396,20.36453208738748,20.1852326129542,20.27488136291504,969529.0
2012-04-04,20.222970399427467,20.57685010893651,20.105011154428027,20.524948120117188,2385865.0
2012-04-05,20.411716718365355,20.41643580147156,20.090866455425505,20.213544845581055,1645500.0
2012-04-09,20.21354270909701,20.32678292107114,20.105019605218747,20.185232162475586,526560.0
2012-04-10,20.128611766684173,20.256009230894858,19.864382621744177,20.043682098388672,1441348.0
2012-04-11,20.01065170244589,20.27959991986738,19.987060238517017,20.21826171875,1205603.0
2012-04-12,20.21354240665418,20.27959968961194,20.09558311383758,20.189950942993164,840741.0
2012-04-13,20.208824089748823,20.279600457924825,20.034245672434015,20.048398971557617,1326712.0
2012-04-16,20.10973316283777,20.35980695660581,20.10501408152688,20.27959442138672,3035838.0
2012-04-17,20.194668651310856,20.524957050429077,20.194668651310856,20.37396812438965,1762550.0
2012-04-18,20.369248049724085,20.383403322554404,20.21354202310208,20.29375457763672,1217012.0
2012-04-19,20.289034496209617,20.406993780979924,20.237132489891135,20.24656867980957,1991823.0
2012-04-20,20.355087750961996,20.430583178920063,20.25600284012659,20.378681182861328,1331429.0
2012-04-23,20.373967743831013,20.501363228617006,20.14748534625805,20.444744110107422,1656031.0
2012-04-24,20.40699660124501,20.624042820944734,20.388124218799955,20.58629608154297,1109835.0
2012-04-25,20.666505169361994,20.666505169361994,20.26544242842387,20.289033889770508,1718999.0
2012-04-26,20.289030249196255,20.39283424010438,20.251283522912477,20.350370407104492,1059154.0
2012-04-27,20.241847570791393,20.397553558967594,20.17107122411539,20.378681182861328,1312122.0
2012-04-30,20.260720215100207,20.520230173538586,20.218254410670976,20.506074905395508,1535800.0
2012-05-01,20.501362915437518,20.548547817071505,20.355093077041726,20.515518188476562,1940812.0
2012-05-02,20.411711439529924,20.515515444926823,20.336217976425136,20.49664306640625,1276689.0
2012-05-03,20.444747112638932,20.51552151479778,20.237137065908875,20.26544761657715,1206700.0
2012-05-04,20.175798855802174,20.359815460634113,20.062556653129082,20.26544761657715,1401088.0
2012-05-07,20.194663809811455,20.39283561706543,20.194663809811455,20.39283561706543,1066284.0
2012-05-08,20.331502840115444,20.402279209580733,20.20410734958956,20.364532470703125,3589055.0
2012-05-09,20.260726769981808,20.359811704529122,20.13804839788904,20.199386596679688,987300.0
2012-05-10,20.23241622453644,20.270162960293106,20.08614638940969,20.199386596679688,1097000.0
2012-05-11,20.19938235680647,20.468330507573466,20.142761277800567,20.33621597290039,736087.0
2012-05-14,20.322063661300547,20.326780768896974,20.062551661088698,20.123891830444336,1645500.0
2012-05-15,20.109742355576387,20.147489099785602,19.935161935910838,20.09086799621582,1038091.0
2012-05-16,20.053104873146037,20.246557519653084,20.01063908015367,20.208810806274414,1426100.0
2012-05-17,20.204099946397136,20.208817052958626,19.87381165959122,19.906841278076172,1102924.0
2012-05-18,20.001217989306745,20.001217989306745,19.74642501358395,19.788890838623047,919286.0
2012-05-22,19.916285160594946,20.161641929959586,19.916285160594946,20.06727409362793,879794.0
2012-05-23,19.8974054493624,20.015364707701934,19.727544196333902,19.8360652923584,1065516.0
2012-05-24,19.836068435363217,20.09086134253311,19.760574971946678,19.911563873291016,1059483.0
2012-05-25,19.99177330895316,20.08142202962962,19.87381207576035,20.02952003479004,589528.0
2012-05-28,20.133332563170367,20.133332563170367,19.713397345184752,19.821918487548828,937606.0
2012-05-29,19.817199233531113,20.11917511011632,19.765297222298262,20.02008819580078,901405.0
2012-05-30,19.90684462560627,19.987057170260073,19.77001099660596,19.850223541259766,813535.0
2012-05-31,19.87852688700173,20.10500916788532,19.7228209359288,19.9728946685791,1556643.0
2012-06-01,19.963467091841192,19.963467091841192,19.77473144729589,19.82663345336914,1553242.0
2012-06-04,19.770018213824514,19.987064466713267,19.623750316718397,19.88797950744629,1052791.0
2012-06-05,19.831354965882486,20.114458467394606,19.82663588311155,20.043682098388672,1090089.0
2012-06-06,19.97289990443881,20.208818432972592,19.97289990443881,20.175790786743164,1445517.0
2012-06-07,20.256008828066676,20.430589218468384,20.213543007507624,20.37396812438965,1205164.0
2012-06-08,20.265440242281908,20.29846986421318,19.911562436723088,19.968183517456055,1246521.0
2012-06-11,20.053111311455048,20.114451468085946,19.864375709455405,19.935152053833008,1219316.0
2012-06-12,19.93515282516869,19.98233574023875,19.81719356298254,19.95402717590332,1316949.0
2012-06-13,19.83135459229718,20.043681720803523,19.751142033772048,19.921003341674805,2273642.0
2012-06-14,19.968188159079503,20.071992181545205,19.77001433044843,20.02008819580078,1779883.0
2012-06-15,20.020084985630014,20.166354805062664,19.92100006171407,19.944591522216797,3170549.0
2012-06-18,19.920997555745473,20.05311208735484,19.826629751094348,19.95402717590332,1509033.0
2012-06-19,20.034242122283363,20.430585764812044,19.991776308902878,20.270160675048828,1359073.0
2012-06-20,20.194658188425418,20.402268100980542,20.09085421940313,20.326772689819336,1479853.0
2012-06-21,20.171072907516706,20.246566367264176,20.020084013510612,20.057832717895508,1312670.0
2012-06-22,20.043677748395574,20.218258104380713,19.94459085329167,20.05311393737793,800042.0
2012-06-25,20.053111134472257,20.057830215559424,19.831347890060908,19.873811721801758,889009.0
2012-06-26,19.826630904678876,19.911562526159816,19.60014855524083,19.675642013549805,1190794.0
2012-06-27,19.80916863315839,20.15728344900617,19.775788771857997,20.095291137695312,1259795.0
2012-06-28,20.085755828797115,20.348035335947074,19.971308004352675,20.305116653442383,1390228.0
2012-06-29,20.495859739359773,20.615076940760527,20.209737258657434,20.34803009033203,1952989.0
2012-07-03,20.615072178380274,20.791514234274334,20.45293634299476,20.624608993530273,1376516.0
2012-07-04,20.548317125669822,20.743834870653313,20.548317125669822,20.619848251342773,547403.0
2012-07-05,20.576926459557175,20.63891876203982,20.438633636056533,20.553083419799805,1471187.0
2012-07-06,20.53878133892293,20.70091723487916,20.443407165091745,20.615079879760742,1373554.0
2012-07-09,20.615079879760742,20.681841601885786,20.46248080251728,20.615079879760742,849188.0
2012-07-10,20.543543427513,20.805822836482204,20.457708090202985,20.57692527770996,1043576.0
2012-07-11,20.462485850011046,20.653234244725436,20.3766504692874,20.58170509338379,1375638.0
2012-07-12,20.55786004736824,20.60077873551423,20.429105978498608,20.58170509338379,579984.0
2012-07-13,20.500629688084622,20.657996158628027,20.448174197903487,20.572158813476562,483667.0
2012-07-16,20.553083145979123,20.78674812539621,20.505395071532277,20.672300338745117,1577596.0
2012-07-17,20.69614227609113,20.963189092957194,20.615074349859125,20.877351760864258,1345800.0
2012-07-18,20.891668250620413,21.09672085475532,20.83444333989993,21.082414627075195,1097987.0
2012-07-19,21.101480834069687,21.220698014424066,20.9679574324274,21.16347312927246,3096502.0
2012-07-20,21.134865754089727,21.301771043944168,21.096716486697545,21.130098342895508,1085811.0
2012-07-23,21.111027082435438,21.158715173225207,20.815367704470404,21.082414627075195,1909438.0
2012-07-24,21.049023352185078,21.158703706436256,20.982261657714844,20.982261657714844,1141977.0
2012-07-25,20.982274137282175,21.12056701363937,20.88213053823119,21.0681095123291,1400321.0
2012-07-26,21.22070544911961,21.435296848053248,21.206399222819506,21.363765716552734,1753006.0
2012-07-27,21.130097534952366,21.57358649311838,21.12532812837283,21.38760757446289,2779469.0
2012-07-30,21.473438799789697,21.87877841417378,21.459132578366308,21.78817367553711,3928467.0
2012-07-31,21.91216226700213,21.936007304105317,21.711877126081454,21.77863883972168,2763014.0
2012-08-01,21.897866086908138,21.95986041801687,21.74526895463419,21.912172317504883,1894958.0
2012-08-02,21.845398368360325,21.845398368360325,21.587890352623976,21.707107543945312,1533387.0
2012-08-03,21.84063648695926,21.978927346383436,21.692806813006047,21.81679344177246,1112358.0
2012-08-07,21.850174512458498,22.074302741612698,21.850174512458498,21.97416114807129,1321007.0
2012-08-08,21.936018338934986,22.01708432182243,21.449610468198763,21.473453521728516,2071246.0
2012-08-09,21.45913407218659,21.606963706807594,21.316073843561135,21.3732967376709,911607.0
2012-08-10,21.378069236086837,21.38760804945776,21.244545804570436,21.349456787109375,1632665.0
2012-08-13,21.416217803955078,21.4782121065723,21.2922331898558,21.416217803955078,896359.0
2012-08-14,21.411446577242373,21.649880941024897,21.411446577242373,21.59742546081543,2058082.0
2012-08-15,21.649888170660777,21.664194396910446,21.420990546234005,21.45437240600586,3846521.0
2012-08-16,21.56404361219092,21.668954572609852,21.406677171562517,21.59742546081543,1004413.0
2012-08-17,21.664195304477374,21.75956948494798,21.616509212026063,21.73095703125,943859.0
2012-08-20,21.73094614156346,21.916925001835697,21.73094614156346,21.864469528198242,830319.0
2012-08-21,21.916937909549862,21.97416282197154,21.735728347638766,21.821563720703125,1072647.0
2012-08-22,21.778632134159718,21.816783383551147,21.535430391582935,21.592653274536133,1080545.0
2012-08-23,21.578356254735187,21.59266248046462,21.37330168299185,21.530670166015625,751445.0
2012-08-24,21.473445187865504,21.659424126128744,21.468677776350944,21.540206909179688,643061.0
2012-08-27,21.602199539254016,21.606968946406123,21.45913927593705,21.511594772338867,454816.0
2012-08-28,21.525895119439046,21.62126926745933,21.316073191134798,21.339916229248047,1000354.0
2012-08-29,21.43529413404177,21.43529413404177,21.28269507135117,21.349456787109375,803443.0
2012-08-30,21.296993526204094,21.53066044389453,21.292226116825546,21.35898780822754,659297.0
2012-08-31,21.33992473362202,21.454374555083756,21.153945769314795,21.173019409179688,1023501.0
2012-09-04,21.27792996498256,21.564050494613465,21.115794066926714,21.401914596557617,1848006.0
2012-09-05,21.38761036608715,21.535440038104667,21.282697376616763,21.401914596557617,648437.0
2012-09-06,21.51635951107773,21.621270481118785,21.440060986605584,21.587890625,1087237.0
2012-09-07,21.621274633896462,21.692805761557647,21.47344496710854,21.649887084960938,1046209.0
2012-09-10,21.549734615646006,21.74048288033526,21.47343610799709,21.592653274536133,687600.0
2012-09-11,21.654657198108907,21.711880106535986,21.463908848504357,21.583126068115234,1094038.0
2012-09-12,21.602192375315447,21.75002199675976,21.468670970582426,21.554506301879883,660175.0
2012-09-13,21.587901443452996,21.63558754625341,21.459145373868736,21.564056396484375,699557.0
2012-09-14,21.597439770566538,21.73096326239839,21.53067802465061,21.60220718383789,1257930.0
2012-09-17,21.60696863049387,21.60696863049387,21.478214594947882,21.540206909179688,1122341.0
2012-09-18,21.5592796713506,21.58789211889951,21.468674917824075,21.535436630249023,1038859.0
2012-09-19,21.540202332669825,21.592657817159814,21.40667891841033,21.42575454711914,1512763.0
2012-09-20,21.349459414985674,21.511595315436633,21.339922596008527,21.45437240600586,1007046.0
2012-09-21,21.459131923414823,21.502050586375084,21.36852718754349,21.392370223999023,5508037.0
2012-09-24,21.43051997730624,21.530663526530667,21.344684644966797,21.43528938293457,1517590.0
2012-09-25,21.521127014186945,21.521127014186945,21.36376055844855,21.39714241027832,1856563.0
2012-09-26,21.430848779676282,21.729435969600004,21.4212175199357,21.517536163330078,1063212.0
2012-09-27,21.522357940673828,21.546437105695198,21.42603926525817,21.522357940673828,789292.0
2012-09-28,21.41640341956171,21.551249133222857,21.315268126650974,21.546432495117188,1180482.0
2012-10-01,21.517546284576053,21.81613159961636,21.498281740703874,21.51272964477539,895810.0
2012-10-02,21.589774533352987,21.763147292550112,21.488641263541997,21.72943687438965,1580777.0
2012-10-03,21.792050425399875,21.840210772982115,21.66202131605535,21.681285858154297,615307.0
2012-10-04,21.79205232900491,21.8787397530272,21.681287752083698,21.74871063232422,703616.0
2012-10-05,21.830578170067263,21.888367762157582,21.758338660791676,21.81131362915039,974794.0
2012-10-09,21.811310909235722,21.816125532366932,21.531988200419146,21.565698623657227,1106873.0
2012-10-10,21.570518560882398,21.62349353073645,21.2960104332167,21.401960372924805,756052.0
2012-10-11,21.40677835461937,21.517544940471765,21.267115962428925,21.27193260192871,1018235.0
2012-10-12,21.271930433032,21.315272122789594,21.15153259578619,21.190059661865234,1557301.0
2012-10-15,21.190060185232014,21.33453719042935,21.127451937893362,21.286378860473633,1060689.0
2012-10-16,21.286384258108132,21.488652922806182,21.252671806326447,21.474205017089844,1015603.0
2012-10-17,21.488652922806182,21.551259170689857,21.43567794028984,21.474205017089844,1392751.0
2012-10-18,21.392323853644978,21.527169564746615,21.310453099381146,21.3297176361084,1027670.0
2012-10-19,21.291193866973792,21.454935416294735,21.16116476149197,21.165979385375977,825383.0
2012-10-22,21.262291936829815,21.262291936829815,20.920363049713046,21.151527404785156,1705396.0
2012-10-23,21.016689909835144,21.016689909835144,20.785525464450636,20.87702751159668,1856234.0
2012-10-24,21.011871074281874,21.064846044216093,20.877025329843832,20.99742317199707,1426100.0
2012-10-25,21.137085009445038,21.310457817052434,21.093741303710647,21.238218307495117,1862267.0
2012-10-26,21.31045485285691,21.488644274759444,21.257479891660196,21.382692337036133,829990.0
2012-10-29,21.52235788031172,21.62349319458008,21.474199550404048,21.623493194580078,657322.0
2012-10-30,21.633139497600425,21.65240405215498,21.406791562075156,21.642770767211914,975123.0
2012-10-31,21.623493246366337,21.816128581788544,21.4886475039057,21.657203674316406,1400759.0
2012-11-01,21.681284527784484,21.888367762157582,21.647572085012495,21.81131362915039,882317.0
2012-11-02,21.840212465473368,21.90763534504917,21.753525042305718,21.767972946166992,695608.0
2012-11-05,21.87873756265529,21.883552186620882,21.724627273821106,21.80168342590332,921699.0
2012-11-06,21.88836590575311,21.946157508272133,21.82094304125757,21.912445068359375,726433.0
2012-11-07,21.86910860543932,21.878739869716345,21.368252633076956,21.4453067779541,1406354.0
2012-11-08,21.483836065662476,21.618681840767106,21.368254836428793,21.493467330932617,761647.0
2012-11-09,21.474197445229123,21.59459527352555,21.387510041497308,21.57533073425293,469077.0
2012-11-12,21.5271894858793,21.695745773072474,21.435687386241202,21.642770767211914,499574.0
2012-11-13,21.700542716876786,21.854652967424936,21.65238439720347,21.714990615844727,812877.0
2012-11-14,21.676471522056993,21.78242147653338,21.281565497374604,21.324909210205078,1068807.0
2012-11-15,21.320092570335973,21.459754973235114,21.016690611183638,21.324909210205078,1238842.0
2012-11-16,21.320088795326505,21.75833845524135,21.286378368203128,21.695730209350586,1785806.0
2012-11-19,21.864287481832193,21.922079086303707,21.671650143813835,21.92207908630371,1541504.0
2012-11-20,21.93653033830488,21.960609505402843,21.71981380376252,21.859474182128906,1619282.0
2012-11-21,21.753521547312896,21.878736022216426,21.71499448164953,21.81612777709961,967993.0
2012-11-22,21.816134301329228,21.94616545407597,21.734263506561888,21.792055130004883,250116.0
2012-11-23,21.806498946275624,21.92208217148514,21.753523973164704,21.84502601623535,933766.0
2012-11-26,21.84502464138751,21.970239122373826,21.748707980215183,21.80649757385254,1204616.0
2012-11-27,21.792046437426773,21.907629638208054,21.695727775219005,21.734254837036133,816607.0
2012-11-28,21.580143273211366,21.77759519042734,21.57532663547576,21.72943687438965,810244.0
2012-11-29,21.80168130774606,21.87873543701178,21.739073064303863,21.82094383239746,992456.0
2012-11-30,21.88354602839563,22.143606185913086,21.811308551267775,22.143606185913086,1954086.0
2012-12-03,22.153245726722464,22.17250825327212,21.92689592478711,22.037662506103516,972271.0
2012-12-04,22.03767322086473,22.105096127230183,21.883562856887448,21.92690658569336,706029.0
2012-12-05,21.960610282516928,22.100272681155868,21.917266571008593,21.97024154663086,867508.0
2012-12-06,22.042470082319106,22.076180497585597,21.816120373450776,21.864280700683594,712611.0
2012-12-07,21.912450118912787,22.182143654386,21.89318759051999,22.085824966430664,1667989.0
2012-12-10,22.191777399920554,22.21585657076915,21.970244191319853,21.979877471923828,1017687.0
2012-12-11,21.999133479383524,22.133979214548603,21.888366907927193,22.071372985839844,1082849.0
2012-12-12,22.14843368319468,22.16288158876997,21.92208584962266,21.979877471923828,1931707.0
2012-12-13,21.98950391745202,22.13398092620724,21.825762367042,21.955791473388672,1571782.0
2012-12-14,22.02321488170664,22.02321488170664,21.81612961903545,21.917264938354492,2581680.0
2012-12-17,21.955792253930703,22.12435044957933,21.912448545164175,22.066558837890625,1620379.0
2012-12-18,22.09545408961791,22.32180187594852,22.056927021235065,22.307353973388672,1415349.0
2012-12-19,22.398857108870338,22.557782015176663,22.32661759903557,22.533702850341797,1926551.0
2012-12-20,22.543325446201287,22.692619032242277,22.485533860552028,22.610748291015625,1186296.0
2012-12-21,22.779311494857218,22.837103098517986,22.499988769380206,22.682994842529297,3163200.0
2012-12-24,22.76968023269043,22.846734360684774,22.62520323886853,22.682994842529297,432657.0
2012-12-27,22.65382957458496,22.780224830411047,22.469099768199364,22.65382957458496,644378.0
2012-12-28,22.55173966934783,22.755915655742573,22.478818947658798,22.629520416259766,485642.0
2012-12-31,22.512848387037565,22.916338283980522,22.5079863276764,22.858001708984375,741462.0
2013-01-02,22.969812393188477,22.99898068017045,22.76077435937396,22.969812393188477,1010337.0
2013-01-03,22.989258913056872,23.003843056749023,22.828833332443196,22.911476135253906,1072098.0
2013-01-04,22.92119367714574,23.037864758872,22.828826782153516,22.984390258789062,1060360.0
2013-01-07,22.998982269474087,23.07676301724463,22.79966834043661,23.02815055847168,1636176.0
2013-01-08,22.969812393188477,23.067039338350245,22.892031650792834,22.969812393188477,939142.0
2013-01-09,23.086481907987306,23.5288620993712,23.071897766791434,23.524002075195312,1709345.0
2013-01-10,23.533729133153837,23.660124372127964,23.465670471296157,23.596925735473633,953074.0
2013-01-11,23.538588594829235,23.650397642849786,23.402471286136617,23.562894821166992,652167.0
2013-01-14,23.577483567537755,23.655264320739647,23.451088317833644,23.543453216552734,679482.0
2013-01-15,23.446221127877674,23.59206255113968,23.34413416592853,23.577478408813477,1490494.0
2013-01-16,23.470528757501683,23.577477775464736,23.344133538847984,23.441360473632812,679482.0
2013-01-17,23.436501404207505,23.791378845986436,23.436501404207505,23.616371154785156,844032.0
2013-01-18,23.626098658086388,23.864305038477646,23.626098658086388,23.77680015563965,2058411.0
2013-01-21,23.86429753920973,23.878881681766384,23.752486457720156,23.874019622802734,422455.0
2013-01-22,23.820545367670036,23.893466081237378,23.558032833161914,23.71359634399414,1385950.0
2013-01-23,23.762208072834074,23.869157093251467,23.737901847163624,23.835128784179688,1381562.0
2013-01-24,23.820552265918888,24.034450375213925,23.71360321127137,23.786521911621094,1076596.0
2013-01-25,23.82055134512435,23.99555906726755,23.592069097724476,23.708740234375,1235880.0
2013-01-28,23.820545042317917,23.99555271815489,23.75248638869608,23.97610855102539,993882.0
2013-01-29,23.91776324306443,24.02471222620777,23.660112865219055,23.699003219604492,1123547.0
2013-01-30,23.699019677233366,23.8399970554897,23.363586323344077,23.41706085205078,1620050.0
2013-01-31,23.407329408137315,23.407329408137315,22.8774443591081,22.95036506652832,4588532.0
2013-02-01,23.00870822027532,23.35386365229364,23.00870822027532,23.329557418823242,2336391.0
2013-02-04,23.105935515999683,23.368448130471634,23.04273890121391,23.319835662841797,1252335.0
2013-02-05,23.49484229843572,23.596929289430395,23.383031186900727,23.45108985900879,1277347.0
2013-02-06,23.509419756069295,23.669843287323243,23.455945245651314,23.577478408813477,1172693.0
2013-02-07,23.58721080938418,23.655269491897474,23.383034761844293,23.455955505371094,974794.0
2013-02-08,23.50942125642011,23.68929100036621,23.480252969906218,23.68929100036621,715683.0
2013-02-11,23.70388399902706,23.757358532834996,23.455955505371094,23.455955505371094,971613.0
2013-02-12,23.334417750336545,23.441368840808988,23.04760093669591,23.120519638061523,2382136.0
2013-02-13,23.266359984835727,23.290666217449374,23.07190605525689,23.149686813354492,1486654.0
2013-02-14,23.139949470800676,23.15453360762038,22.853130825791176,22.89202117919922,1335707.0
2013-02-15,22.8482778885915,23.00870142330752,22.75105094909668,22.75105094909668,2866132.0
2013-02-19,22.916344826781312,23.14482709830381,22.858008235129596,23.037878036499023,1222936.0
2013-02-20,23.09134571761246,23.310105837078613,23.02328705898598,23.067039489746094,1617197.0
2013-02-21,22.984397284414214,23.1545449525662,22.83369581966098,22.896894454956055,1351723.0
2013-02-22,22.92606035079943,23.20315704748433,22.92606035079943,23.11079216003418,792912.0
2013-02-25,23.25176479353761,23.353851735756354,22.984390258789062,22.984390258789062,1310586.0
2013-02-26,23.052455585082736,23.164266675628184,22.92606035079943,23.11079216003418,1506949.0
2013-02-27,23.086483223881896,23.324687486434943,23.067037023067627,23.285797119140625,1456158.0
2013-02-28,23.31982873004771,23.35385704040527,23.242045956895243,23.353857040405273,1902198.0
2013-03-01,23.28579878541343,23.33441123942636,23.04273244668005,23.242046356201172,1709455.0
2013-03-04,23.402471924049195,23.577479606519507,23.261492552512436,23.494836807250977,1452647.0
2013-03-05,23.58233311742832,23.791371087426278,23.57747309397131,23.669837951660156,1713953.0
2013-03-06,23.76221150359436,23.815686021523646,23.57748172062675,23.742767333984375,1180043.0
2013-03-07,23.801094204016458,23.820540401691815,23.62122653860538,23.69414520263672,794228.0
2013-03-08,23.77193687294685,23.79624310340492,23.53859258501314,23.7622127532959,580094.0
2013-03-11,23.810836332232327,23.956675804952248,23.733055551359758,23.92264747619629,1121024.0
2013-03-12,23.820542635982193,23.90318542376978,23.699009483529988,23.83998680114746,1030412.0
2013-03-13,23.84485466453313,23.93235953208176,23.4024743701517,23.431640625,1503658.0
2013-03-14,23.572621837716888,23.62609636058393,23.4316424405212,23.53373146057129,1248825.0
2013-03-15,23.519148041717482,23.86430345534577,23.368446554161594,23.76707649230957,2787367.0
2013-03-18,23.76707021558956,23.864297152948794,23.56289425743545,23.781654357910156,1164575.0
2013-03-19,23.733039161638384,24.170557277653955,23.733039161638384,24.058748245239258,1365875.0
2013-03-20,24.078201137170414,24.345575789481398,24.078201137170414,24.335851669311523,1598987.0
2013-03-21,24.31640315372425,24.33584732192093,24.092780979121585,24.146255493164062,1368069.0
2013-03-22,24.034441711765613,24.233757636613266,23.961523037700136,24.117084503173828,1131007.0
2013-03-25,24.068476408421493,24.19973167295424,23.781657615935316,23.796241760253906,1484570.0
2013-03-26,23.963090334703146,23.963090334703146,23.649013884407548,23.914016723632812,1158651.0
2013-03-27,23.94346593689665,24.139764539919977,23.77661438332357,23.963096618652344,1055753.0
2013-03-28,23.94836460584946,24.017068884247475,23.688269984316452,23.8011417388916,2398700.0
2013-04-01,23.756986211880186,24.28699208532024,23.756986211880186,24.1888427734375,1042699.0
2013-04-02,24.169210422973794,24.394954030100873,24.105414298784332,24.365509033203125,1045441.0
2013-04-03,24.409677831459877,24.409677831459877,23.9091169647468,23.94346809387207,2420092.0
2013-04-04,23.95818664683231,24.090687053128732,23.722628771701828,23.766794204711914,1458132.0
2013-04-05,23.536146412003706,23.693185692641425,23.384015314822346,23.516515731811523,1792608.0
2013-04-08,23.511607152542872,23.761887517344373,23.48707034508383,23.71772003173828,1330661.0
2013-04-09,23.717715269140196,24.12012663446843,23.580306710602034,24.085773468017578,1483583.0
2013-04-10,24.12504048353463,24.311524760449934,24.021985058466473,24.120134353637695,2192355.0
2013-04-11,24.15448637943241,24.159394563145902,23.84531803904963,23.933650970458984,578009.0
2013-04-12,23.87476319385867,23.87476319385867,23.65883594858013,23.806058883666992,823079.0
2013-04-15,23.732441914402955,23.869850496986693,23.50179018006862,23.526329040527344,1215915.0
2013-04-16,23.442902859477737,23.869851113070585,23.442902859477737,23.71772003173828,976879.0
2013-04-17,23.703002500031744,23.78152112179598,23.48216707939056,23.707908630371094,1183444.0
2013-04-18,24.095596795393107,24.095596795393107,23.7275384587804,23.98272705078125,903380.0
2013-04-19,23.78151650083548,24.03179686941491,23.722628572771484,23.928741455078125,1254200.0
2013-04-22,23.8747546239819,24.04160818221701,23.64410496262334,23.850217819213867,622548.0
2013-04-23,23.99253750811602,24.404763271732,23.889480040395494,24.394948959350586,2156921.0
2013-04-24,24.282073364164997,24.664854076863005,24.218275209626842,24.50290870666504,1310367.0
2013-04-25,24.601066345619852,24.601066345619852,24.375322744082272,24.42439842224121,1126400.0
2013-04-26,24.27226795212311,24.365509073364006,23.938560724909905,24.1152286529541,1483693.0
2013-04-29,24.13976877902629,24.41949423477454,24.100509462254106,24.370418548583984,693523.0
2013-04-30,24.27226981873715,24.522548204760763,24.10541619229898,24.507827758789062,1485667.0
2013-05-01,24.50291516726217,24.522543794116448,23.977817567594435,24.120134353637695,1245863.0
2013-05-02,24.169206310687336,24.228096294462954,23.899297307770976,24.100502014160156,1042918.0
2013-05-03,24.262448427104196,24.350783406449192,24.07105802548993,24.090688705444336,801578.0
2013-05-06,24.188837258205194,24.26244768510831,23.918926198660962,24.02688980102539,710966.0
2013-05-07,23.997445400822702,24.37531798608298,23.997445400822702,24.272262573242188,1478208.0
2013-05-08,24.242822897427743,24.36550901532267,24.085783598632823,24.22319221496582,995089.0
2013-05-09,24.179028240986277,24.336067562651756,23.97782347120799,24.154491424560547,606422.0
2013-05-10,24.169202781176892,24.390038134452993,24.090684183364495,24.27716636657715,887034.0
2013-05-13,24.32134094804992,24.32134094804992,24.002356227571195,24.031801223754883,670267.0
2013-05-14,24.00726085082301,24.340968019899528,24.002352667642544,24.262447357177734,981705.0
2013-05-15,24.19864902745745,24.24281651113661,24.031795458202588,24.193740844726562,984777.0
2013-05-16,24.125039211312085,24.331152104212403,24.00235311222617,24.20355987548828,773824.0
2013-05-17,24.208461129772736,24.659948183552856,24.193738636556745,24.537260055541992,2298325.0
2013-05-21,24.561795835946924,24.988743978452373,24.52744267153617,24.924945831298828,2066967.0
2013-05-22,24.929869708697467,25.13107653290791,24.718848568604542,24.777738571166992,1179604.0
2013-05-23,24.68939884632979,24.68939884632979,24.399859127273913,24.429304122924805,963715.0
2013-05-24,24.296807457254815,24.635420852390315,24.296807457254815,24.625606536865234,1312999.0
2013-05-27,24.537275488440898,24.537275488440898,24.31644000493766,24.321348190307617,425417.0
2013-05-28,24.483286967160634,24.645234450098247,24.34097222033283,24.365509033203125,1579899.0
2013-05-29,24.296794179736743,24.296794179736743,23.717714968434542,23.8011417388916,2160761.0
2013-05-30,23.786423657128324,23.810960463898628,23.37910403948279,23.38401222229004,2516299.0
2013-05-31,23.364386283793106,23.428184458695924,23.099385431109802,23.3398494720459,2999308.0
2013-06-03,23.418370854710833,23.418370854710833,23.13864544213855,23.26133155822754,2536374.0
2013-06-04,23.369295176095168,23.433091299298734,23.20244156534212,23.26133155822754,1096561.0
2013-06-05,23.123923300383236,23.163182611700897,22.593917463511094,22.687158584594727,2321142.0
2013-06-06,22.628262724583053,22.84909807038222,22.40742737878389,22.564464569091797,1923370.0
2013-06-07,22.638083837121137,22.638083837121137,22.26511731763391,22.446693420410156,1617307.0
2013-06-10,22.4172485894463,23.069940516746044,22.4172485894463,22.981605529785156,2042066.0
2013-06-11,22.81966109962658,23.006143342030807,22.593917492221316,22.633176803588867,1367301.0
2013-06-12,22.642996411054042,22.775496862579754,22.598828909334213,22.63808822631836,1803797.0
2013-06-13,22.57429127883621,23.226981250723266,22.402529462886747,23.163185119628906,1462411.0
2013-06-14,23.045395349060225,23.168083481943324,22.922709269809964,22.932525634765625,1435095.0
2013-06-17,22.99142044005989,23.26133153812921,22.99142044005989,23.119014739990234,1324408.0
2013-06-18,23.133737818428713,23.52633504232796,23.133737818428713,23.452722549438477,1440690.0
2013-06-19,23.408549037408054,23.428179715011083,22.85400652530997,23.025768280029297,1631568.0
2013-06-20,22.937431122478575,23.094470367418527,22.726412139955467,22.795116424560547,2577511.0
2013-06-21,22.87363950880361,22.97669492911784,22.574285507202152,22.57428550720215,4220598.0
2013-06-24,22.37798080045716,22.505575048731185,21.96084694281089,22.005014419555664,2234260.0
2013-06-25,22.09826531483541,22.471231861364984,21.89706056960112,22.181692123413086,2350761.0
2013-06-26,22.36512418420392,22.568399623495157,22.186639900135305,22.261009216308594,1306198.0
2013-06-27,22.320516478600336,22.55849426676975,22.320516478600336,22.355220794677734,817923.0
2013-06-28,22.429582861031783,22.69730830440404,22.310591930868377,22.449413299560547,1299945.0
2013-07-02,22.632853778570674,22.98982445506409,22.563443101856326,22.935285568237305,1307843.0
2013-07-03,22.965036759507196,22.969995406715555,22.360173088990198,22.622941970825195,1000464.0
2013-07-04,22.677484894090302,22.786558564045777,22.360179106561187,22.608074188232422,253956.0
2013-07-05,22.63286282294475,22.776642880290588,22.503956636177737,22.60311508178711,931243.0
2013-07-08,22.771680901120767,23.10881915193104,22.707228854538567,23.009660720825195,876613.0
2013-07-09,23.07907752942832,23.302183539836598,22.865886742333053,23.232772827148438,1297312.0
2013-07-10,23.27738790957674,23.27738790957674,22.91546057539509,23.024534225463867,1214050.0
2013-07-11,23.212939623546035,23.431089053260674,23.15344621066794,23.39142608642578,1537775.0
2013-07-12,23.47569908321249,23.530235895038928,23.237719324902837,23.37158203125,1262318.0
2013-07-15,23.500490185654225,23.69384836688382,23.371584039918613,23.445953369140625,1344154.0
2013-07-16,23.550071837348,23.693851870186904,23.28234428731098,23.29722023010254,845568.0
2013-07-17,23.282341003417965,23.500490345705714,23.25259534627422,23.28234100341797,869811.0
2013-07-18,23.277379989624023,23.55502266796889,23.247632263408896,23.277379989624023,1599316.0
2013-07-19,23.341839938300634,23.341839938300634,23.024534208852764,23.18814468383789,2069600.0
2013-07-22,23.29722023010254,23.42612432014989,23.198061801394463,23.29722023010254,1215366.0
2013-07-23,23.366630214852652,23.3715888627399,23.084030854988765,23.217893600463867,695717.0
2013-07-24,23.2773944441798,23.41125722052535,23.113783923146677,23.232772827148438,1251458.0
2013-07-25,23.27738827733618,23.35175761935256,22.88571320062989,23.009660720825195,1054766.0
2013-07-26,23.014622360102447,23.3120956173391,22.91050526774583,23.01957893371582,1193975.0
2013-07-29,23.133609927522397,23.416211373039054,23.133609927522397,23.336885452270508,1185857.0
2013-07-30,23.416214299385096,23.470751136072508,23.1088237245569,23.27243423461914,1415788.0
2013-07-31,23.436040272671743,23.475705305192356,23.217892967548433,23.267473220825195,1525817.0
2013-08-01,23.723606802129353,23.887217325487523,23.609574470789326,23.802932739257812,3134787.0
2013-08-02,23.84754933469623,24.03594891438705,23.79301250506214,23.882253646850586,1570356.0
2013-08-06,23.79796685102116,23.837631882268212,23.331924518721763,23.51536750793457,1557082.0
2013-08-07,23.356704321214387,23.475695218152175,23.13359846420316,23.26250457763672,2243255.0
2013-08-08,23.27737878186066,23.27737878186066,22.99973611792148,23.19309425354004,801468.0
2013-08-09,23.232767748931817,23.237726396878735,23.05924204251492,23.128650665283203,854892.0
2013-08-12,23.138569231484606,23.21789515450172,23.049326012029198,23.178232192993164,663027.0
2013-08-13,23.252595901489258,23.396373842733905,23.193100436285842,23.252595901489258,557057.0
2013-08-14,23.20301737217965,23.217891239580904,22.920415966303676,23.103858947753906,885498.0
2013-08-15,22.910499669583725,23.118731728667356,22.846047630372517,23.039405822753906,707236.0
2013-08-16,23.0096600896197,23.20797694639112,22.950164617638684,23.059240341186523,775798.0
2013-08-19,22.95512530549351,23.06915761200978,22.642776124579225,22.657649993896484,828564.0
2013-08-20,22.707229969636657,22.855966586225527,22.568408574220886,22.74689292907715,732138.0
2013-08-21,22.811339866221356,22.811339866221356,22.464286455465448,22.697307586669922,703067.0
2013-08-22,22.727057698227235,22.801427035015546,22.484121322631836,22.484121322631836,817155.0
2013-08-23,22.55849020892276,22.717144113911896,22.498996809956335,22.68243980407715,692097.0
2013-08-26,22.68244083954154,22.722103798912453,22.365133015078005,22.399839401245117,850285.0
2013-08-27,22.36017063095732,22.42958131050514,22.18664289471399,22.380001068115234,1086359.0
2013-08-28,22.31555589127093,22.672524617260997,22.310597243084217,22.518829345703125,686174.0
2013-08-29,22.54361634049415,22.741933203043573,22.484122941527726,22.68243980407715,986752.0
2013-08-30,22.687393287004713,22.865877609090216,22.68243671470227,22.761762619018555,1269558.0
2013-09-03,23.04931816095501,23.059235454015273,22.494032739480495,22.593191146850586,829222.0
2013-09-04,22.7221064145265,22.7221064145265,22.538663390914714,22.588241577148438,958449.0
2013-09-05,22.608070093953533,22.761765348715514,22.55848984174917,22.751850128173828,826260.0
2013-09-06,22.85595889238786,22.88570662064149,22.414705764369625,22.583274841308594,748154.0
2013-09-09,22.563451376275037,22.7419357426014,22.45933428564819,22.68739891052246,453061.0
2013-09-10,22.80638304170144,23.024530304691403,22.712181201094307,22.8956241607666,1006388.0
2013-09-11,22.895628460307176,22.91050232873578,22.58328137280244,22.68243980407715,1186735.0
2013-09-12,22.67748444917852,22.74689515367463,22.5138739474552,22.5485782623291,610042.0
2013-09-13,22.59815470470211,22.59815470470211,22.484122407706163,22.494037628173828,752542.0
2013-09-16,22.533699497325475,22.637816568829113,22.384962898496703,22.484121322631836,1132653.0
2013-09-17,22.43949464593015,22.682433041333564,22.419662135689048,22.543609619140625,1115101.0
2013-09-18,22.617976754421424,22.622935400189586,22.370081811462647,22.52377700805664,1462191.0
2013-09-19,22.608069642479393,22.77168011451582,22.523785082688274,22.692354202270508,1389021.0
2013-09-20,22.80638577147173,22.905544195994203,22.64277322989833,22.667564392089844,3068199.0
2013-09-23,22.687395092382456,22.85596420852945,22.593195314167335,22.741931915283203,836353.0
2013-09-24,22.652695708950283,22.786558471580012,22.508915649275142,22.588241577148438,1390009.0
2013-09-25,22.652690701687103,22.76672091976853,22.424626116028488,22.503952026367188,1205384.0
2013-09-26,22.523983025020552,22.734346970882704,22.483914001426204,22.714313507080078,992785.0
2013-09-27,22.734341610945847,22.859560162141182,22.61914398126745,22.814481735229492,994650.0
2013-09-30,22.64420069005586,22.929693376305583,22.64420069005586,22.664234161376953,1212624.0
2013-10-01,22.594108413464777,22.749377217877175,22.594108413464777,22.63918685913086,936070.0
2013-10-02,22.549032778428206,22.634178161621094,22.318633223937024,22.634178161621094,1148011.0
2013-10-03,22.63918570253434,22.63918570253434,22.263536199820585,22.383743286132812,1025805.0
2013-10-04,22.278568260366505,22.534010744562767,22.103263854980465,22.10326385498047,1372347.0
2013-10-07,22.038148726265607,22.2635388741661,22.00809642708026,22.12830352783203,1188161.0
2013-10-08,22.19842693667882,22.318636144662616,22.01310580503035,22.038150787353516,964263.0
2013-10-09,22.03814515143051,22.378735025630785,22.03814515143051,22.258525848388672,1485448.0
2013-10-10,22.388752535246116,22.488926154427258,22.248509887590387,22.428821563720703,1068259.0
2013-10-11,22.534010659978755,22.77943431141007,22.468896637198675,22.70430564880371,800371.0
2013-10-15,22.739362352264642,22.789448120904193,22.26854648550049,22.418807983398438,1074841.0
2013-10-16,22.393751470362233,22.58407979054731,22.38874205815112,22.569053649902344,659078.0
2013-10-17,22.493927664449377,22.764396156797204,22.38874675386283,22.709300994873047,1030961.0
2013-10-18,22.67925782033748,23.140056953937677,22.67925782033748,23.04990005493164,1260782.0
2013-10-21,23.019850917282454,23.084962844848633,22.874598814261816,23.084962844848633,794667.0
2013-10-22,23.175109060207394,23.20516135013401,22.98978800298591,23.00481414794922,1125303.0
2013-10-23,22.99479894926902,23.24022250671255,22.96474665733938,23.10999870300293,1155251.0
2013-10-24,23.109998016350133,23.2502406438621,23.07994572531342,23.160083770751953,622438.0
2013-10-25,23.170103379145196,23.555771700680722,23.140053180366618,23.520709991455078,944517.0
2013-10-28,23.53574023547328,23.610868882789973,23.37546201508325,23.44558334350586,967115.0
2013-10-29,23.540754614704458,23.635918854107597,23.34040730312618,23.420547485351562,1403173.0
2013-10-30,23.475632605428782,23.66095368429569,23.285302112326015,23.615875244140625,1151302.0
2013-10-31,23.630906023242154,23.630906023242154,23.435568173600533,23.535741806030273,1325286.0
2013-11-01,23.600851608855017,23.675980254452227,23.56578989745143,23.640920639038086,1435315.0
2013-11-04,23.69100942279457,23.741097288900463,23.440576380234223,23.485654830932617,879246.0
2013-11-05,23.58081123263433,23.691001567143914,23.480637629628607,23.530725479125977,1479963.0
2013-11-06,23.670969682343717,24.22693080570553,23.56578665857872,24.121749877929688,1962643.0
2013-11-07,24.211907216628024,24.28202643915477,23.91138638185004,23.941438674926758,2190599.0
2013-11-08,23.826239760356597,23.951456255283375,23.590832917573394,23.65594482421875,1115539.0
2013-11-11,23.68600408646081,23.696020822124744,23.410526039788575,23.470630645751953,791156.0
2013-11-12,23.490656562518573,23.59083016597375,23.37044739997675,23.500673294067383,880123.0
2013-11-13,23.515699333875666,23.645925227382005,23.395490171873195,23.530725479125977,1090199.0
2013-11-14,23.52070886788154,23.756117800321547,23.5157015496523,23.691003799438477,1181030.0
2013-11-15,23.786169714855376,23.83625547228546,23.600848639583557,23.796186447143555,780735.0
2013-11-18,23.791177411883094,23.876324877661563,23.630901308763075,23.691003799438477,788962.0
2013-11-19,23.62088765389218,23.69100898836282,23.345411731325257,23.4155330657959,1539420.0
2013-11-20,23.515704791408876,23.69100706536134,23.48064307902468,23.650938034057617,2738990.0
2013-11-21,23.62088441476115,23.7260674500382,23.555772504534946,23.630903244018555,863449.0
2013-11-22,23.640925819970096,23.686004274801075,23.52572602295423,23.60085678100586,981815.0
2013-11-25,23.590838428096095,24.031599922478126,23.590838428096095,23.93643569946289,2340340.0
2013-11-26,23.97149349000317,24.14679575674168,23.77615356445313,23.776153564453125,2317851.0
2013-11-27,23.77614913157735,23.906375025667977,23.450585444345283,23.500673294067383,1159419.0
2013-11-28,23.45560449426111,23.54075198737927,23.40050930412464,23.470630645751953,288292.0
2013-11-29,23.525713170406785,23.66595577815934,23.460601279660512,23.465608596801758,981925.0
2013-12-02,23.440580073944794,23.811222376772445,23.40051103233992,23.73609161376953,1142855.0
2013-12-03,23.62589385188065,23.906379151567286,23.590834237414516,23.675979614257812,1310696.0
2013-12-04,23.655944367239574,23.655944367239574,23.21518088833916,23.395492553710938,1587798.0
2013-12-05,23.440570600623523,23.445580014795883,23.24022337757786,23.310344696044922,1293692.0
2013-12-06,23.2452351277326,23.590834436615044,23.24022571305683,23.570798873901367,1054327.0
2013-12-09,23.54074533425102,23.63590953613764,23.390485957799036,23.580814361572266,994321.0
2013-12-10,23.520714450816,23.625897502445586,23.45560253046702,23.485654830932617,1377942.0
2013-12-11,23.550764187083413,23.55577360194549,23.270278874596606,23.28530502319336,1310476.0
2013-12-12,23.245236859436734,23.295324721957627,23.10499419796153,23.190141677856445,1561250.0
2013-12-13,23.16509503814584,23.24022367576,23.089964304542455,23.175111770629883,1121463.0
2013-12-16,23.280298956480056,23.47563891633148,23.140058376056878,23.405517578125,1222277.0
2013-12-17,23.46060905386221,23.535739795764755,23.355426015198642,23.37546157836914,1249593.0
2013-12-18,23.37546014300876,23.921404578005237,23.37546014300876,23.871318817138672,1574305.0
2013-12-19,23.931424093670667,24.066659436516034,23.76112913333992,24.011564254760742,1033813.0
2013-12-20,24.12175275794143,24.23695252763239,23.95145781074425,23.996536254882812,2737564.0
2013-12-23,24.181855744326306,24.452324295207752,24.03159427384258,24.34714126586914,1363352.0
2013-12-24,24.30206680297852,24.49239733141864,24.30206680297852,24.302066802978516,444066.0
2013-12-27,24.489160483454537,24.72176528013241,24.45882054336168,24.49927520751953,678495.0
2013-12-30,24.50938554840095,24.625687935981848,24.388025799255367,24.544780731201172,543015.0
2013-12-31,24.575120668487568,24.74198820751188,24.514440793914776,24.544780731201172,687380.0
2014-01-02,24.524552777339977,24.575117923134627,24.327345323059845,24.4638729095459,655567.0
2014-01-03,24.382973698276476,24.393086306659153,24.17059622593344,24.37791633605957,613223.0
2014-01-06,24.372860230470028,24.398144926807067,23.932935292502513,23.988557815551758,1155470.0
2014-01-07,24.074509487895913,24.23126437786071,24.028999594154463,24.05933952331543,998051.0
2014-01-08,24.074519788808278,24.226219499521797,23.892482252003255,24.15036964416504,1332965.0
2014-01-09,24.286897297079204,24.398142331343486,24.069462474439273,24.33240509033203,1033484.0
2014-01-10,24.473988507103343,24.499273199142,24.18576333195115,24.286895751953125,934754.0
2014-01-13,24.266668474336658,24.418366046644266,24.236328536664956,24.37285614013672,1008472.0
2014-01-14,24.468924010070364,24.645904091121174,24.37790423166703,24.403186798095703,1211417.0
2014-01-15,24.473990064132213,24.590292460336155,24.241387387775355,24.33240509033203,1218438.0
2014-01-16,24.251499015731792,24.514441621000465,24.205989108266753,24.433536529541016,798397.0
2014-01-17,24.41837449233985,24.68637666245138,24.41837449233985,24.58018684387207,1078790.0
2014-01-20,24.57511616505344,24.777380965863454,24.322286222066168,24.473983764648438,393055.0
2014-01-21,24.57006211432634,24.716702303395948,24.408249842605773,24.509382247924805,1257052.0
2014-01-22,24.549837476179015,24.81783742741002,24.499272326005578,24.69647979736328,2307101.0
2014-01-23,24.777384731488983,24.924027051770267,24.72681958162691,24.782442092895508,875735.0
2014-01-24,24.58522887642154,24.822890970622083,24.473983870310892,24.494211196899414,998819.0
2014-01-27,24.46387846690488,24.676255936378453,24.41331330962355,24.549840927124023,1247947.0
2014-01-28,24.559947956186107,24.59534525108286,24.36274050190597,24.4638729095459,1254968.0
2014-01-29,24.34757335960535,24.34757335960535,23.836856017206518,23.948101043701172,1446395.0
2014-01-30,24.08463378801408,24.231274015884722,24.003726572720442,24.185766220092773,1202093.0
2014-01-31,23.97338118890952,24.72175841107258,23.892473999125333,24.484098434448242,1849871.0
2014-02-03,25.03021993336269,25.03021993336269,24.362747542876434,24.413314819335938,1675558.0
2014-02-04,24.337458461985936,24.509383347133806,24.01889126514119,24.130138397216797,1172364.0
2014-02-05,24.21105360081041,24.21105360081041,23.983506112517272,24.180713653564453,854892.0
2014-02-06,24.15035996987592,24.47398236300759,24.094737470246276,24.438587188720703,954171.0
2014-02-07,24.433533961867777,24.620628817750877,24.35262887891049,24.55489158630371,1063651.0
2014-02-10,24.504321737062405,24.721756486350078,24.347566846376,24.68636131286621,869482.0
2014-02-11,24.640857285752176,24.918969843807705,24.640857285752176,24.69647979736328,938154.0
2014-02-12,24.701535611942063,24.929083025067477,24.620630523379962,24.843120574951172,758356.0
2014-02-13,24.827948270772403,25.333610316845018,24.752100550899502,25.197080612182617,1161942.0
2014-02-14,25.237536507731665,25.237536507731665,24.924028748354836,25.166746139526367,995747.0
2014-02-18,25.267881940468378,25.283051912968393,25.055504441519574,25.136411666870117,782051.0
2014-02-19,25.17686039146829,25.404407828301256,25.131350480891477,25.23248291015625,968980.0
2014-02-20,24.80267035971819,25.10606764439231,24.580180287254464,24.691425323486328,2139040.0
2014-02-21,24.661085890800393,24.863350751411282,24.661085890800393,24.752105712890625,1181579.0
2014-02-24,24.747035431317297,24.85828041176139,24.630733091380293,24.792545318603516,1084385.0
2014-02-25,24.85828769505767,24.934137529424813,24.736930076120856,24.741985321044922,881659.0
2014-02-26,24.86335023162589,24.89369017168836,24.676255345274722,24.787500381469727,520965.0
2014-02-27,24.964485241875593,24.964485241875593,24.731880421372576,24.858295440673828,1103911.0
2014-02-28,24.86334504410932,24.959420090227884,24.645910263061523,24.645910263061523,1102485.0
2014-03-03,24.590298658322197,24.83301611973532,24.524563516793215,24.8077335357666,689465.0
2014-03-04,24.863338739122597,25.030206216284473,24.797601527355738,24.893678665161133,915337.0
2014-03-05,24.893692807853633,25.131352875442346,24.807730340590506,25.0706729888916,1098865.0
2014-03-06,24.95941910917467,25.09089144483016,24.84311673978907,25.045381546020508,818581.0
2014-03-07,25.146523447157314,25.207203335156077,24.827956151215137,24.929088592529297,1053120.0
2014-03-10,24.954361716991606,24.9948163710274,24.787494204283444,24.85323143005371,604776.0
2014-03-11,24.807728475273684,24.903803544387536,24.610520974863267,24.878520965576172,1184431.0
2014-03-12,24.736928816176288,24.979646157738024,24.736928816176288,24.91896629333496,1037104.0
2014-03-13,24.94931345587866,24.94931345587866,24.817841083588007,24.878520965576172,891532.0
2014-03-14,24.787496784549678,25.085836663803676,24.787496784549678,25.02010154724121,588760.0
2014-03-17,25.060555533570355,25.247650403553624,24.989763051634867,25.181915283203125,641745.0
2014-03-18,25.27293267154253,25.495424837808937,25.186970221950002,25.449914932250977,834707.0
2014-03-19,25.53588012489831,25.540935370913882,25.3083326887163,25.43474769592285,986642.0
2014-03-20,25.333614758949754,25.404407246207914,25.17180245262352,25.374067306518555,598633.0
2014-03-21,25.26787531001914,25.505537444804865,25.2628200645466,25.449914932250977,2099658.0
2014-03-24,25.561160682823168,25.62689580423865,25.40946310937541,25.51059341430664,646243.0
2014-03-25,25.59656135425177,25.73814635077246,25.414523803875355,25.70275115966797,628142.0
2014-03-26,25.707804009077993,25.773539133046455,25.272934370360517,25.313386917114258,1085920.0
2014-03-27,25.430816359520517,25.497190026214504,25.262333303827653,25.328704833984375,670816.0
2014-03-28,25.461443560726394,25.527815074017187,25.3950720474356,25.486970901489258,608945.0
2014-03-31,25.57376986236012,25.726936069185918,25.51250252501497,25.655460357666016,1488739.0
2014-04-01,25.721828802605867,26.104745342095008,25.599294142585773,26.04347801208496,1027560.0
2014-04-02,26.012853994485678,26.416191669412058,25.977113996148088,26.32939910888672,1502122.0
2014-04-03,26.416189783006786,26.49277396216307,26.05369632025405,26.15070152282715,982034.0
2014-04-04,26.303871478866544,26.303871478866544,25.99753899182709,26.186445236206055,512409.0
2014-04-07,26.13538872538547,26.308978133937554,26.058806670933166,26.109861373901367,678385.0
2014-04-08,25.97711582897358,26.24260626338121,25.75247172027297,26.186445236206055,808270.0
2014-04-09,26.196640636084613,26.29364579646529,25.90562301840622,25.966890335083008,917970.0
2014-04-10,25.992429798719034,26.29365806420782,25.915845617141425,26.135385513305664,1349529.0
2014-04-11,26.13027304530408,26.252807707018057,26.048584695185998,26.21706771850586,746728.0
2014-04-14,26.293656010752528,26.293656010752528,26.06390562049987,26.099645614624023,813755.0
2014-04-15,25.93626157047273,26.166011914824285,25.839256391788837,25.98221206665039,1263525.0
2014-04-16,26.145590636131118,26.308967327753884,26.043476999061777,26.27833366394043,926307.0
2014-04-17,26.273234075746355,26.334499277558557,26.14048888816854,26.191543579101562,900308.0
2014-04-21,25.732048817957427,25.78310565733935,25.190859567042246,25.21128273010254,3095295.0
2014-04-22,25.298065254652926,25.604399759721115,25.211272721580542,25.54823875427246,1655044.0
2014-04-23,25.49718184517216,25.680981677548175,25.410387183142294,25.446125030517578,825602.0
2014-04-24,25.50228483996196,25.818829811811558,25.47675750209523,25.721824645996094,1001451.0
2014-04-25,25.813737774577646,25.946480848570555,25.59419786522401,25.89031982421875,2305236.0
2014-04-28,25.89030509318076,26.135372212976737,25.88519877149508,26.05879020690918,797848.0
2014-04-29,26.03837615725025,26.436609564902255,26.03837615725025,26.140487670898438,1489068.0
2014-04-30,26.08432423376222,26.268124086625917,25.982212729607543,26.0792179107666,1142526.0
2014-05-01,26.160903666135823,26.26812148265758,26.043475341171813,26.13027000427246,758905.0
2014-05-02,26.268127357687824,26.268127357687824,26.043481165958536,26.125171661376953,963715.0
2014-05-05,26.033270613406245,26.211966301776272,25.880104406615562,26.053693771362305,1067820.0
2014-05-06,26.038367056702736,26.237483690936415,25.961782914098908,26.05879020690918,927184.0
2014-05-07,26.201757431030273,26.30386896245392,26.017957529082672,26.201757431030273,1288097.0
2014-05-08,26.217069091659912,26.268125915560525,25.854575683689315,25.936264038085938,1011544.0
2014-05-09,25.97200132374659,26.023058146530236,25.73714677585996,25.803518295288086,726872.0
2014-05-12,25.839252478129815,26.028158620556976,25.78819566681998,25.98731231689453,703726.0
2014-05-13,26.038381576538086,26.13028046237217,25.961797391228465,26.038381576538086,846006.0
2014-05-14,26.079217821674632,26.18643564845865,26.007739982664223,26.114957809448242,506156.0
2014-05-15,26.114960326620643,26.15069818130215,25.941370967072434,26.140487670898438,1025476.0
2014-05-16,26.05369841360001,26.171126785562276,25.895425854985103,26.038381576538086,605544.0
2014-05-20,26.038371482335698,26.16601031734547,25.99752731151697,26.084321975708008,705810.0
2014-05-21,26.03837475025455,26.41618498014696,25.987317927920827,26.34981346130371,763622.0
2014-05-22,26.298759552110276,26.426398406908408,26.263019561767578,26.263019561767578,1088663.0
2014-05-23,26.22729096286614,26.344719348948082,26.145602579738576,26.160917282104492,520197.0
2014-05-26,26.079211220579353,26.21706054072997,26.033260735017056,26.05879020690918,327784.0
2014-05-27,26.09453634552427,26.1302741990776,25.813731294258975,25.977108001708984,1096452.0
2014-05-28,25.936255870680892,26.053684178483106,25.78819390549233,25.874988555908203,803223.0
2014-05-29,26.03838285490022,26.03838285490022,25.798421911199068,25.941377639770508,519759.0
2014-05-30,26.00264050081722,26.00264050081722,25.772890090942383,25.772890090942383,1217451.0
2014-06-02,25.823944955184633,25.941373313327645,25.77288812547422,25.88010597229004,1062993.0
2014-06-03,25.829043587931498,25.885204592959234,25.721827900710093,25.767778396606445,971284.0
2014-06-04,25.706515047762256,25.788203406531068,25.578876185984576,25.655460357666016,2448614.0
2014-06-05,25.69119379959358,25.767777958117605,25.538027619082243,25.6707706451416,1168963.0
2014-06-06,25.629933143086784,25.900529861450195,25.629933143086784,25.900529861450195,842715.0
2014-06-09,25.885207641841923,25.977108644459165,25.783098265427657,25.854576110839844,768010.0
2014-06-10,25.762676712752175,25.849471397339578,25.67588202816477,25.752466201782227,685735.0
2014-06-11,25.75246832929905,25.81883986089264,25.64525047737691,25.711624145507812,889996.0
2014-06-12,25.670779635794403,25.793314332348057,25.583987074452185,25.7882080078125,723801.0
2014-06-13,25.76267223149273,26.0179499170974,25.76267223149273,25.98221206665039,789840.0
2014-06-16,25.987316916066344,26.268124086625917,25.946472741711837,26.0792179107666,801468.0
2014-06-17,26.135378828287326,26.181329325480476,26.053690479857373,26.114957809448242,538517.0
2014-06-18,26.11496115065106,26.191543185900898,25.936265461993926,26.125171661376953,883195.0
2014-06-19,26.043474463277704,26.109848107256475,25.793303127387585,25.926048278808594,1268571.0
2014-06-20,26.028162562828058,26.063900413275064,25.90052372002572,25.98221206665039,3177899.0
2014-06-23,25.95669377771452,26.074120015738238,25.936270615667457,25.992431640625,782161.0
2014-06-24,26.02306228728844,26.140490648185274,25.85968341953581,25.9056339263916,1077144.0
2014-06-25,25.982216666668076,26.023060847211664,25.80862729695497,25.895421981811523,845458.0
2014-06-26,26.029433453190563,26.101594207549116,25.952117588895767,26.03974151611328,791486.0
2014-06-27,26.01396746260369,26.158288955688477,25.95211477786749,26.158288955688477,661710.0
2014-06-30,26.477856745742336,26.493319916027904,26.189213776344232,26.25106430053711,1202751.0
2014-07-02,26.251072593741146,26.40570434544791,26.11706128486207,26.385086059570312,1143403.0
2014-07-03,26.35931134120142,26.441780159927923,26.199526656825192,26.29745864868164,681237.0
2014-07-04,26.18406203622804,26.338691602029687,26.18406203622804,26.3026123046875,172339.0
2014-07-07,26.318073297538245,26.323226249903446,25.967577630926343,26.245912551879883,1070124.0
2014-07-08,26.184068683891365,26.46240369855833,26.029439078832045,26.42116928100586,1211746.0
2014-07-09,26.364469862912426,26.828358645990715,26.25107252630209,26.766508102416992,1988422.0
2014-07-10,26.47271103753675,27.16854747664157,26.47271103753675,27.086078643798828,2369630.0
2014-07-11,27.12731076817806,27.32832987934158,26.99845241889247,27.245861053466797,1275372.0
2014-07-14,27.29222999335314,27.343772431414592,27.18398785369638,27.3386173248291,1553901.0
2014-07-15,27.31802264644785,27.544813002978188,27.2407067717443,27.524194717407227,1852723.0
2014-07-16,27.45718672223274,28.173641348181476,27.45718672223274,28.13755989074707,1921066.0
2014-07-17,27.99839348509977,28.374660448316405,27.988085421668455,28.13755989074707,2483608.0
2014-07-18,28.0447761675978,28.132400077772658,27.91076274786872,28.055084228515625,1156348.0
2014-07-21,27.967459883578353,28.008694283557993,27.833446465932553,27.977767944335938,776566.0
2014-07-22,27.93138475926983,28.36950440252531,27.915923743107683,28.2561092376709,1327699.0
2014-07-23,28.34373399749239,28.67361143863779,28.17879419844476,28.66330337524414,880672.0
2014-07-24,28.658147114930433,28.96740841687691,28.529288778356843,28.905555725097656,1575073.0
2014-07-25,28.81794081491178,28.951954303384838,28.6117687060499,28.79216957092285,1548964.0
2014-07-28,28.59630134027353,28.941641998610514,28.44166958508523,28.771549224853516,1093599.0
2014-07-29,28.730316859789063,29.039578258507557,28.704545615800136,28.79216957092285,1399882.0
2014-07-30,28.812771524414362,28.83338764513668,28.317954429789562,28.348880767822266,2263989.0
2014-07-31,28.29735058529121,28.467443374278336,27.9468547847478,28.194263458251953,2577182.0
2014-08-01,28.049931398334895,28.3437294924302,27.41594785377094,27.82314109802246,2169866.0
2014-08-05,27.642746284411842,28.080865999739075,27.642746284411842,27.864383697509766,2383342.0
2014-08-06,27.781909753329984,27.921076151673738,27.555117271094183,27.833452224731445,1118501.0
2014-08-07,28.024161060598804,28.024161060598804,27.565425335968964,27.776752471923828,1036117.0
2014-08-08,27.714895525697468,27.838600879496056,27.673661126747692,27.77159309387207,732248.0
2014-08-11,27.83345498854687,28.10663485939039,27.823146924632955,27.85922622680664,840412.0
2014-08-12,27.833459995527697,28.060250384131127,27.678830381202662,28.03447914123535,2452892.0
2014-08-13,28.11178068779032,28.41073169818507,27.807674568665753,28.369497299194336,1710333.0
2014-08-14,28.46227276501989,28.5344334934916,28.436501538483345,28.49835205078125,1022075.0
2014-08-15,28.457120440365802,28.79730799754898,28.38495970483594,28.652986526489258,1566955.0
2014-08-18,28.75093053112278,28.812783232321674,28.570527538276043,28.694232940673828,1085811.0
2014-08-19,28.7612358567118,29.199355520231222,28.74061972957553,29.15812110900879,1469761.0
2014-08-20,29.05503622393977,29.3797607421875,28.890096409489324,29.3797607421875,1431475.0
2014-08-21,29.276658862736454,29.328201315473503,29.029250344310856,29.111719131469727,862023.0
2014-08-22,29.163276445606993,29.189049842058438,28.77154842850602,28.85401725769043,1143403.0
2014-08-25,29.384915409267542,29.616860890983045,29.245748983018313,29.611705780029297,1692890.0
2014-08-26,29.611702983947342,29.740563490021817,29.50861803020774,29.714792251586914,1427197.0
2014-08-27,29.740568744194803,30.147759991473396,29.66325285828096,30.12714385986328,1845703.0
2014-08-28,30.075597413102685,30.199300657323455,29.94673690123302,30.106521606445312,911059.0
2014-08-29,30.075592602962963,30.27661169076553,29.776639369246546,30.1168270111084,1019332.0
2014-09-02,30.204459031824708,30.54464460790381,30.204459031824708,30.482791900634766,1220303.0
2014-09-03,30.410626987815206,30.8281283615312,30.348774293353618,30.822973251342773,1415569.0
2014-09-04,30.740519109690425,30.83329603873714,30.539499913646498,30.781753540039062,1470638.0
2014-09-05,30.61164999078487,31.12708342514845,30.61164999078487,31.09615707397461,2846057.0
2014-09-08,30.96728571178022,31.163151801317525,30.96728571178022,31.08068084716797,3311185.0
2014-09-09,31.080690643426845,31.56004472252014,31.02914816816839,31.4466495513916,2788355.0
2014-09-10,31.31263387180159,31.379639516268046,30.771429292230792,30.900287628173828,3377334.0
2014-09-11,30.89513528174443,31.018840675762803,30.797203282779854,30.926061630249023,1697608.0
2014-09-12,30.884822021500124,30.962135722803566,30.61164219827219,30.658029556274414,1354027.0
2014-09-15,29.93643118470148,30.369395808856734,29.477695318931083,30.348779678344727,2740525.0
2014-09-16,30.06013341017277,30.472479703170393,30.06013341017277,30.31785011291504,1893422.0
2014-09-17,30.28176524764036,30.436396977456933,30.07043809282409,30.338462829589844,1480182.0
2014-09-18,30.410630147875622,32.23526756849714,30.003436795273913,31.343564987182617,5457246.0
2014-09-19,30.962143142828367,32.915641092893985,30.962143142828367,31.63736343383789,7390928.0
2014-09-22,31.61674537610843,31.812611546386833,31.219862238645828,31.276559829711914,2094063.0
2014-09-23,31.168318380361825,31.35902944460023,30.529179530244022,30.719890594482422,2608337.0
2014-09-24,30.67349353831321,30.91059407192028,30.214757800107865,30.503400802612305,3117016.0
2014-09-25,30.431244823646075,30.621955870979466,29.725100378719723,29.82303237915039,2462875.0
2014-09-26,29.687904454788455,30.280416315831435,29.49040195110345,30.218046188354492,1926990.0
2014-09-29,29.916582915115047,30.249219844558624,29.77105412254641,30.088098526000977,1661187.0
2014-09-30,29.869808795618255,30.223236525633126,29.687896696348215,29.978954315185547,2132897.0
2014-10-01,30.145272488964,30.160865016035434,29.521577931086625,29.552762985229492,1925893.0
2014-10-02,29.381240389319085,29.620324315375075,28.866691429977212,29.464401245117188,2708383.0
2014-10-03,29.589134390368134,29.682689522101807,29.35005050371048,29.5059757232666,1423138.0
2014-10-06,29.583943052124777,29.765855125667798,29.490390073582653,29.641117095947266,1573537.0
2014-10-07,29.620325369962746,29.82302602101274,29.41762471891275,29.422822952270508,1516383.0
2014-10-08,29.464398713129004,29.578742433158325,28.695173369308527,29.00182342529297,2383123.0
2014-10-09,29.022617829527302,29.100580455253485,27.50495988201123,27.806411743164062,3177461.0
2014-10-10,27.764835502225335,28.336556413090385,27.463381432409367,27.811613082885742,3205215.0
2014-10-14,27.026802661726194,27.32305858124252,26.00290253198898,26.26277732849121,6348668.0
2014-10-15,25.987307773762822,26.590213856992552,25.623485699829462,26.460277557373047,3924188.0
2014-10-16,26.40310017455791,27.780427708711578,26.247177082481496,27.265878677368164,3007426.0
2014-10-17,27.744052092778624,27.744052092778624,27.17233103042344,27.395822525024414,2427222.0
2014-10-20,27.59851031320003,27.863581041235463,27.068371032122016,27.827199935913086,1454074.0
2014-10-21,28.419716241141437,28.419716241141437,27.494567583896938,28.23780632019043,2858782.0
2014-10-22,28.274185758425446,28.461293902453153,27.68687233203837,27.78562355041504,1888047.0
2014-10-23,27.910367847193154,28.346954305474164,27.905169612573058,28.02471160888672,1323201.0
2014-10-24,28.003916030113196,28.367740191114528,27.744043493677836,28.227407455444336,1172803.0
2014-10-27,28.144251155134455,28.32096501691127,27.79602166574839,28.23780632019043,1185747.0
2014-10-28,28.372936487983814,28.778337822224998,28.123458241913887,28.74195671081543,1811366.0
2014-10-29,28.75754938628505,28.918670709061853,28.398925629133178,28.643205642700195,1888705.0
2014-10-30,28.90828572673508,28.939470789573253,28.52367285172283,28.695188522338867,1460765.0
2014-10-31,28.773143613401277,29.39164212206883,28.62241657431579,28.87189483642578,2177435.0
2014-11-03,28.97583012104675,28.97583012104675,28.549638207774233,28.601613998413086,1878942.0
2014-11-04,28.721172950106965,29.04341347312377,27.99872490940834,28.684789657592773,2131252.0
2014-11-05,29.313679020129726,29.641119913636505,28.96544954052325,29.552762985229492,2123463.0
2014-11-06,29.667105685225508,29.843819535793894,29.15775271888531,29.30328369140625,1612261.0
2014-11-07,29.27210385132088,29.625531615398234,28.877096734115657,29.131771087646484,1088443.0
2014-11-10,29.3500550721014,29.49038779154496,29.048603225692357,29.240909576416016,753091.0
2014-11-11,29.31367100753281,29.355250343360233,29.048600294766175,29.282485961914062,1418640.0
2014-11-12,29.16294995670031,29.651512145996094,29.105778086409433,29.651512145996094,1489068.0
2014-11-13,29.968563066222774,29.989353830391938,29.142167709138715,29.339670181274414,1111700.0
2014-11-14,29.56834596770637,29.56834596770637,28.835506077974962,29.00182342529297,1329893.0
2014-11-17,29.16815093007778,29.94257254356812,29.105780820268258,29.402036666870117,1859086.0
2014-11-18,29.573556916576376,29.745072570369274,28.97065083582696,29.105785369873047,1686967.0
2014-11-19,29.105782779329534,30.04652402396719,29.095388485326115,29.88540267944336,2102071.0
2014-11-20,29.724278341680847,30.134877925893928,29.687895053842407,29.911386489868164,1393190.0
2014-11-21,29.963350634578163,29.98933744434531,29.557947267242408,29.58913230895996,1187941.0
2014-11-24,29.765864422716422,29.88020819608924,29.00703519033996,29.064207077026367,1939496.0
2014-11-25,29.16295163295709,29.407231654149367,28.747155991033637,28.84590721130371,3150365.0
2014-11-26,28.89787604803118,29.25650193176645,28.851100650146513,29.048603057861328,1480402.0
2014-11-27,29.35006543815327,29.370856203004095,28.47689246430538,29.105785369873047,675533.0
2014-11-28,28.643204287960806,28.918669341293775,28.20141968592061,28.3001708984375,1962094.0
2014-12-01,28.305367261283646,28.74715183412625,27.99351894369011,28.17023277282715,1749167.0
2014-12-02,28.165027175152705,28.70036675579303,27.993511624070226,28.637996673583984,1504206.0
2014-12-03,28.58083792852087,29.038215116123066,28.45609770690509,28.866697311401367,1883988.0
2014-12-04,29.31367973630442,30.23882839016998,29.31367973630442,29.402036666870117,4080511.0
2014-12-05,29.542361458274172,29.542361458274172,28.975838871673773,29.110973358154297,2668782.0
2014-12-08,28.643207146260657,28.809524536571544,27.38022331674652,27.46858024597168,3022893.0
2014-12-09,27.15672565087762,27.847986168632595,27.104749851238857,27.832393646240234,1682469.0
2014-12-10,27.52056092147271,27.598521396325275,26.751335242972637,26.943641662597656,1791182.0
2014-12-11,26.82409587556755,27.775231369604874,26.751331470968886,27.250288009643555,1420505.0
2014-12-12,26.9488412287351,27.55694340259242,26.77212733035048,27.156740188598633,1356331.0
2014-12-15,27.099568382196225,27.515366336542552,26.85009004458723,27.187925338745117,1816522.0
2014-12-16,27.06318190215304,27.78043170897467,26.912454847279392,27.458189010620117,2874689.0
2014-12-17,27.416607121343667,28.554850754557833,27.271078314585512,28.23780632019043,2614700.0
2014-12-18,28.58603838521806,28.58603838521806,27.87918287442214,28.362546920776367,2054571.0
2014-12-19,28.60682785741756,28.814726799366856,28.2637965606955,28.726369857788086,6407138.0
2014-12-22,28.726372696106115,28.86150723922453,28.27939188424533,28.799137115478516,1303565.0
2014-12-23,28.9394689753782,29.57875619850254,28.9394689753782,29.531978607177734,1137808.0
2014-12-24,29.422825322211985,29.61512952203613,29.261704000066977,29.485193252563477,436387.0
2014-12-29,29.658171474738612,30.108968570532937,29.55333718539891,29.909778594970703,979511.0
2014-12-30,29.783976131631203,30.03034065997507,29.532369011399116,29.909778594970703,782929.0
2014-12-31,29.721082587478314,30.082768889390575,29.458992399560113,29.930755615234375,986971.0
2015-01-02,30.07752459747834,30.49162803616837,30.025107440276187,30.413000106811523,668951.0
2015-01-05,30.1561465818122,30.35533437217658,29.20213520553627,29.265037536621094,1471735.0
2015-01-06,29.15496662760735,29.15496662760735,28.122329319335673,28.415870666503906,1715269.0
2015-01-07,28.69367449325521,28.861411082697675,28.06465789574051,28.25336265563965,1432463.0
2015-01-08,28.562633081927725,28.98721939392673,28.326751553755724,28.793272018432617,1496527.0
2015-01-09,29.49043236606384,29.778731024503262,28.95576700653665,29.00818634033203,1960888.0
2015-01-12,29.128750422531294,29.133993014736387,27.760637857451847,28.048938751220703,1878393.0
2015-01-13,27.965066391637265,28.305784410679117,27.262664373228176,27.519514083862305,2136737.0
2015-01-14,27.336059050479506,27.73967953579064,26.4764009175447,27.56669807434082,1587140.0
2015-01-15,27.75538886602777,27.771112250668807,27.026776259198503,27.204998016357422,1076925.0
2015-01-16,27.110662957973535,27.970321171172525,27.110662957973535,27.818307876586914,1180043.0
2015-01-19,28.143292134608313,28.27957980002746,27.64532041915558,27.875959396362305,456462.0
2015-01-20,28.30579153432354,28.43683662177278,27.55621258120813,27.760643005371094,1238184.0
2015-01-21,27.56669774372001,28.767073997951137,27.56669774372001,28.30579376220703,1675668.0
2015-01-22,28.510229207895858,29.160214410792747,28.510229207895858,29.018686294555664,1329016.0
2015-01-23,29.13399085684717,29.30172966590065,28.955769057713184,29.181167602539062,1273946.0
2015-01-26,29.354147976176293,29.36463096667332,28.919078644688412,29.03963851928711,956255.0
2015-01-27,28.945287112177862,29.348907470703125,28.709405568759248,29.348907470703125,1130020.0
2015-01-28,29.40657203624006,29.658179222198253,28.987228188678852,28.997711181640625,4073929.0
2015-01-29,29.08158162055609,29.527134045989563,28.75658909771297,29.343671798706055,1259027.0
2015-01-30,29.07633489639405,30.046069733909377,28.84569592335791,29.637208938598633,1713514.0
2015-02-02,30.103726345054184,30.192837246920025,29.710591174585954,30.098485946655273,1259795.0
2015-02-03,30.350089768823842,31.162568594042337,30.31339601625697,30.753707885742188,2004438.0
2015-02-04,30.56501128834296,30.806135459560764,30.150907877888102,30.696056365966797,1243011.0
2015-02-05,30.84807023868637,31.12588598429446,30.601705663306134,30.77468490600586,1144829.0
2015-02-06,30.926696279689523,31.000079414344803,30.14566405158258,30.318645477294922,1071879.0
2015-02-09,30.92669955063389,30.92669955063389,29.85212589604066,30.12994384765625,1090199.0
2015-02-10,30.240010888658105,30.44968383546565,29.804941607907704,30.42347526550293,1042918.0
2015-02-11,30.350100263076403,30.994842709646385,30.161393230716143,30.575496673583984,1214269.0
2015-02-12,30.93192923033679,30.93192923033679,30.39726388489758,30.664596557617188,1348103.0
2015-02-13,31.057733807988914,31.188778848419556,29.894051830896196,29.998886108398438,1942239.0
2015-02-17,30.108971103698224,30.371061236204156,29.86784695340293,29.878332138061523,1470090.0
2015-02-18,29.831150180309063,29.967437815100396,29.443255448038688,29.65816879272461,1384963.0
2015-02-19,29.69486853956763,29.73156229976756,29.343667489198783,29.438018798828125,1031399.0
2015-02-20,29.752525161271404,29.752525161271404,29.029154960084906,29.12350845336914,1331758.0
2015-02-23,29.03439636880229,29.25455231727398,28.808997828621866,28.892866134643555,1351723.0
2015-02-24,29.09206115893311,29.19689765645495,28.588846848249617,28.803762435913086,1807966.0
2015-02-25,28.656986724619102,28.86665969873777,28.54690983901637,28.56263542175293,3732433.0
2015-02-26,28.693679420980065,28.693679420980065,28.143288432662555,28.394895553588867,1054217.0
2015-02-27,28.269101282401067,28.84045841680472,28.24289050884474,28.71989631652832,1668866.0
2015-03-02,28.751347890742814,29.244077098453534,28.725139310374878,28.945295333862305,1522855.0
2015-03-03,29.044879358666748,29.050121950375484,28.61505045158783,28.892866134643555,1537775.0
2015-03-04,28.835207230388505,28.98722045878902,28.69891958401401,28.96101188659668,1442226.0
2015-03-05,29.092055689819627,29.343662797860908,29.023910772786856,29.149715423583984,1055095.0
2015-03-06,29.296483464355696,29.296483464355696,28.604564526787723,28.75133514404297,1063871.0
2015-03-09,28.798512537444584,29.12350493924948,28.62029075622559,28.620290756225586,1168415.0
2015-03-10,28.489248362281867,28.677953150056133,28.0017597142924,28.096113204956055,1234235.0
2015-03-11,28.06990071396541,28.16949459673004,27.923130088769252,28.059417724609375,1040505.0
2015-03-12,28.001766109611374,28.1537771767721,27.813061278738843,28.075151443481445,952964.0
2015-03-13,27.902167600962162,28.09611499285506,27.875956833963414,28.033212661743164,688148.0
2015-03-16,27.896913616261475,28.656975097106688,27.886430629874948,28.49972152709961,1191452.0
2015-03-17,28.305791194985574,29.20214081078273,28.305791194985574,29.092063903808594,1482705.0
2015-03-18,28.966265689588624,29.41706076385357,28.735624461790387,29.217870712280273,1421273.0
2015-03-19,29.128743194923725,29.317450144845225,28.91907246204319,29.05011749267578,1466908.0
2015-03-20,29.118270369194384,29.2964921995083,28.866663208372003,29.1025447845459,3703472.0
2015-03-23,29.128741657330863,29.233578115013565,28.77754073054773,29.002939224243164,831526.0
2015-03-24,29.029156692046676,29.2912468198469,28.877143452759125,29.270280838012695,856976.0
2015-03-25,29.327942995516615,29.621484313814268,29.24931507327495,29.286008834838867,1443542.0
2015-03-26,28.992462621033642,29.354146615166492,28.672710586944724,28.87190055847168,1369934.0
2015-03-27,28.893071260948844,29.067699118640974,28.310976187515447,28.65494155883789,1168854.0
2015-03-30,28.903654252956922,29.52279059457709,28.755484758494337,28.97244644165039,1467238.0
2015-03-31,28.924826370089836,28.935409274204993,28.5914438530928,28.66023826599121,1947285.0
2015-04-01,28.62320007408278,28.660243567027376,28.34802680051264,28.448572158813477,970516.0
2015-04-02,28.549103712931675,28.893069058028868,28.459143511683802,28.808399200439453,1258259.0
2015-04-06,28.760779259064826,28.882490397975968,28.490898615686152,28.564983367919922,1019552.0
2015-04-07,28.602015923070997,29.083567773113376,28.559682108186006,28.893064498901367,2136737.0
2015-04-08,28.893068096347974,29.178824150474746,28.79781534015259,28.935401916503906,1411400.0
2015-04-09,28.93011602424118,29.506920823335907,28.93011602424118,29.22116470336914,1357208.0
2015-04-10,29.168239723670577,29.56512400273475,29.168239723670577,29.353452682495117,923235.0
2015-04-13,29.543958842465695,29.644501954243406,29.05182397181523,29.205286026000977,1127935.0
2015-04-14,29.22645806780899,29.676259209188483,29.22645806780899,29.3005428314209,1186954.0
2015-04-15,29.670963704116286,29.81913320557321,29.33758121860834,29.71858787536621,1314535.0
2015-04-16,29.723874979811484,29.723874979811484,29.353451294142065,29.565122604370117,1163149.0
2015-04-17,29.432833985381084,29.94613468161162,29.374624696565036,29.85617446899414,1042369.0
2015-04-20,29.961998450628446,30.247754438863293,29.771495196624837,29.898496627807617,824066.0
2015-04-21,29.993750503937843,30.157795409497787,29.729162518056373,29.8455810546875,766474.0
2015-04-22,29.898506878605748,30.20543098449707,29.776795747956402,30.20543098449707,1003426.0
2015-04-23,30.168377435722185,30.406507059015123,29.993749635829737,30.242462158203125,818801.0
2015-04-24,30.279506857980582,30.42238375198283,30.178963776480515,30.348299026489258,537969.0
2015-04-27,30.438268067270233,30.739899614016643,30.205430923513504,30.72931671142578,1669634.0
2015-04-28,30.612894320773975,30.755773463331153,30.16309551794899,30.184261322021484,1083397.0
2015-04-29,29.898508484596913,30.126055296970062,29.543960190676273,29.655088424682617,1062993.0
2015-04-30,29.686833578884194,29.840295621694185,29.27407604521262,29.6339168548584,1640673.0
2015-05-01,29.491039608058255,29.90379713724602,29.34816046871363,29.766210556030273,1045880.0
2015-05-04,29.697409631250434,29.972580498226193,29.607449456295917,29.93553924560547,1115210.0
2015-05-05,29.84558928578397,29.914381472458437,29.030657090157455,29.2846622467041,1052901.0
2015-05-06,29.136500192393147,29.252921014150445,28.326860286989334,28.575572967529297,1152728.0
2015-05-07,28.575565409860783,28.596733430343672,28.109891103834407,28.464439392089844,1280089.0
2015-05-08,28.57027390925255,28.665524461421153,28.279225265306035,28.65494155883789,942213.0
2015-05-11,28.654942227463497,28.79781916628006,28.37447869401562,28.52794075012207,1078570.0
2015-05-12,28.501477553782397,28.538521031975545,28.09930292411406,28.496187210083008,888131.0
2015-05-13,28.60202597346749,28.77136350696967,28.035806294692573,28.305686950683594,996515.0
2015-05-14,28.31096569295554,28.564970762014347,28.173379152536437,28.36917495727539,798397.0
2015-05-15,28.284522081136007,28.898368169173242,28.168103491818247,28.88778305053711,1434876.0
2015-05-19,28.6073050627948,28.887768490554148,28.374468001513577,28.670806884765625,1217341.0
2015-05-20,28.63376848399441,28.87189814406419,28.310971189287134,28.411514282226562,939471.0
2015-05-21,28.49618186997934,28.797811124861514,28.49618186997934,28.771352767944336,1757613.0
2015-05-22,28.70786035478445,28.73432093483869,28.422104248768967,28.586149215698242,675971.0
2015-05-25,28.57027473056133,28.57027473056133,28.321559904257686,28.45914649963379,144036.0
2015-05-26,28.50148017135705,28.554399114427405,28.236892099384313,28.52794075012207,817155.0
2015-05-27,28.52264730863669,28.967155787262662,28.33743433531272,28.834861755371094,1231163.0
2015-05-28,28.76606083978728,28.908939956290627,28.68668576730009,28.893064498901367,1197595.0
2015-05-29,28.760779485819185,28.86661516333896,28.43268954984583,28.52264976501465,1831771.0
2015-06-01,28.69728268231804,28.760784542887528,28.236898622109635,28.332151412963867,979292.0
2015-06-02,28.353308655861145,28.50147814277675,28.189263708600325,28.34272575378418,889557.0
2015-06-03,28.310976471411532,28.427395044373707,27.89821890746941,27.951135635375977,1236429.0
2015-06-04,27.840008654138146,27.94584432073539,27.136202467773284,27.39550018310547,1831112.0
2015-06-05,27.363752524066868,27.474878547844018,27.136205703031017,27.294958114624023,991030.0
2015-06-08,27.26319887795434,27.294949793485326,26.538227021527415,26.76577377319336,1622463.0
2015-06-09,26.675814085103568,26.940402100219735,26.591146451736602,26.839859008789062,1250690.0
2015-06-10,26.92453239358574,27.559546422862834,26.908656932130828,27.543668746948242,1922931.0
2015-06-11,27.855883711163774,28.00405319936073,27.453709069706385,27.501333236694336,2854284.0
2015-06-12,27.353164894853958,27.82413395629342,27.289665264722274,27.31083106994629,1261440.0
2015-06-15,27.220860485062563,27.55424282762275,27.109734513848363,27.4589900970459,818033.0
2015-06-16,27.501337945339753,27.517213408540368,27.342585527793492,27.469589233398438,986861.0
2015-06-17,27.49605235187077,27.728889566433985,27.300256414869747,27.61776351928711,1154922.0
2015-06-18,27.548955153616046,27.601874084801622,27.242033324792754,27.49603843688965,695717.0
2015-06-19,27.305535247830843,27.755333984888342,27.305535247830843,27.406078338623047,5606986.0
2015-06-22,27.27908264949261,27.998764382305954,27.27908264949261,27.866470336914062,2269035.0
2015-06-23,27.93524953869748,28.422091665035687,27.887623173037927,28.36917495727539,1385840.0
2015-06-24,28.26865098334084,28.707867040772268,28.226317145638326,28.575572967529297,1775275.0
2015-06-25,28.57556266489686,28.60731358534135,28.321557515800478,28.385059356689453,2367875.0
2015-06-26,28.320933806123914,28.320933806123914,27.626268919469293,27.791919708251953,2687431.0
2015-06-29,27.52474457246663,27.54077543996349,27.17741209155095,27.252222061157227,3194025.0
2015-06-30,27.305661272476595,27.455281236221122,27.04382745399245,27.123979568481445,3647525.0
2015-07-02,27.113288621563516,27.364438133635236,26.92626257947923,27.252222061157227,1265828.0
2015-07-03,27.236198013460136,27.380473620920522,26.904896317085118,27.15070152282715,330855.0
2015-07-06,26.904893061447034,27.102605628732057,26.776648341015857,26.86748695373535,1963630.0
2015-07-07,26.888864209082897,27.15604240712804,26.637716881811475,27.02245330810547,1530864.0
2015-07-08,26.856799181792017,27.113290846653914,26.52015540900522,26.67511749267578,1193207.0
2015-07-09,26.74992758253187,26.91023627134026,26.258319487840026,26.31175422668457,1621585.0
2015-07-10,26.488090302189526,26.733893199152956,26.39724946918604,26.696489334106445,910181.0
2015-07-13,26.86748933964201,27.129325408463117,26.76596198076757,27.033140182495117,860706.0
2015-07-14,27.107949418511314,27.107949418511314,26.910236855447714,27.07588768005371,700544.0
2015-07-15,27.11329933550504,27.567503700501607,26.851465456486835,27.4499454498291,1199240.0
2015-07-16,27.51940287011844,27.81864277752793,27.359096415759755,27.78658103942871,1158542.0
2015-07-17,27.786587533884912,27.829338018767384,27.55681541736574,27.749183654785156,842935.0
2015-07-20,27.615585409569768,27.786578348020008,27.08657125444781,27.252222061157227,903160.0
2015-07-21,27.20947656751963,27.498029975393624,26.79267620675168,26.840768814086914,819678.0
2015-07-22,26.77665035577914,26.803367728362087,26.29038433576387,26.36519432067871,923345.0
2015-07-23,26.269005508362312,26.290380745191964,25.89495563487346,26.151447296142578,1057069.0
2015-07-24,26.098009359685705,26.466714819744034,26.039230260779842,26.397249221801758,1523514.0
2015-07-27,26.183508054488815,26.38656497029885,25.996482006667396,26.338472366333008,1188819.0
2015-07-28,26.33313299465987,26.47206646487626,26.028548681222542,26.38656997680664,1101937.0
2015-07-29,26.24229817158432,26.49344556062271,26.02855466612526,26.322452545166016,1552804.0
2015-07-30,26.2689989703462,27.03312939572957,26.2689989703462,26.915571212768555,983461.0
2015-07-31,27.327035409711428,27.343066279190477,26.947641146890483,27.16138458251953,1218877.0
2015-08-04,26.926261111884,27.32168617373792,26.648396483978566,26.83542251586914,1314096.0
2015-08-05,26.985045162041757,27.209475081209348,26.397251877706463,26.418624877929688,1247728.0
2015-08-06,26.37053186617298,26.52015404611247,26.092667214599086,26.338472366333008,1335488.0
2015-08-07,26.317099815738136,26.429315903109135,25.814802961068523,25.846864700317383,1147901.0
2015-08-10,25.81480486680624,26.071296563594707,25.665187132828756,25.782745361328125,1981840.0
2015-08-11,25.649153982317383,25.772056579589844,25.18960757092649,25.772056579589844,2093076.0
2015-08-12,25.579679956624943,25.750675110021934,25.355250075618407,25.670520782470703,1290950.0
2015-08-13,25.67052111413477,25.67052111413477,25.077385791003053,25.178913116455078,1167098.0
2015-08-14,25.19495505347634,25.515568036435273,25.130831562429385,25.232358932495117,1058166.0
2015-08-17,25.098759315787706,25.478153497562836,25.08807281713033,25.34456443786621,771191.0
2015-08-18,25.2323423847736,25.44074135786733,25.136159447419196,25.408681869506836,1159858.0
2015-08-19,25.40334607537559,25.40334607537559,24.671275003319963,24.708681106567383,1849323.0
2015-08-20,24.580429687221507,24.580429687221507,24.094163894653317,24.09416389465332,1167866.0
2015-08-21,23.880419904539277,24.31859309557964,23.821640819463482,23.853702545166016,1269558.0
2015-08-24,22.448347753228813,23.93920495295505,22.416288255676687,23.207136154174805,2114468.0
2015-08-25,24.17966761454549,24.17966761454549,23.03614279198036,23.062862396240234,1842412.0
2015-08-26,23.447595710572045,23.506374807256318,22.806367778292792,23.159042358398438,1776592.0
2015-08-27,23.255231732825898,24.302571398825368,23.249887364480916,24.13157844543457,1844606.0
2015-08-28,23.92852272409863,24.398757841897737,23.853712744185422,24.31325912475586,1336475.0
2015-08-31,24.265166638422798,24.527000427246097,23.73615245649003,24.527000427246094,2530121.0
2015-09-01,24.179662460676827,24.2224129239255,23.36743943714076,23.522403717041016,1792388.0
2015-09-02,23.6613443821758,23.75218523117379,23.276605748010045,23.436914443969727,1676326.0
2015-09-03,23.458284945369964,24.019360849143602,23.458284945369964,23.698745727539062,1757723.0
2015-09-04,23.51172432947474,23.56515907048958,23.308667394115904,23.351415634155273,931024.0
2015-09-08,23.58118119814325,23.714770237294474,23.356751344032794,23.45827865600586,995966.0
2015-09-09,23.63462460769252,23.87508539103738,23.319353852554528,23.340726852416992,1169951.0
2015-09-10,23.24988601265839,23.6773728435547,23.244543880761398,23.340726852416992,803004.0
2015-09-11,23.319355422207202,23.346072791902287,22.763621610180017,22.822402954101562,966786.0
2015-09-14,22.822408375239537,23.233862227463547,22.81706400557608,23.094928741455078,1292266.0
2015-09-15,23.08958190138343,23.21782662192377,22.790341983985158,22.84912109375,1410413.0
2015-09-16,23.06820933199013,23.533100131455566,23.00943021542512,23.468978881835938,2073220.0
2015-09-17,23.501035677721692,23.805617698678873,23.244544024821725,23.559812545776367,1498612.0
2015-09-18,23.217826317419576,23.666688423767585,23.148360707555124,23.50103759765625,7404092.0
2015-09-21,23.666688644396075,24.494940546536533,23.565159058698722,24.452192306518555,1824969.0
2015-09-22,24.05676911453245,24.33463378931396,23.90180478974544,24.003332138061523,1721193.0
2015-09-23,24.024707682222093,24.206387143355037,23.330042632204325,23.351415634155273,779857.0
2015-09-24,23.201791162722067,23.57584098547797,22.977361269068524,23.33538246154785,1572879.0
2015-09-25,23.554471229555567,23.730808548238095,23.34607217363306,23.597219467163086,1747960.0
2015-09-28,23.52151749813179,23.575588943001613,22.467103958129883,22.467103958129883,1776262.0
2015-09-29,22.4833321027921,22.823987278420535,22.22378411704607,22.375186920166016,1527243.0
2015-09-30,22.58606271670577,22.823980692157996,22.44006800682049,22.818574905395508,2732298.0
2015-10-01,22.94293894370468,23.12678546893942,22.531990549394276,22.878053665161133,1967908.0
2015-10-02,22.759097059965843,23.20789732121758,22.73205907306609,23.170047760009766,1755310.0
2015-10-05,23.35930062855647,24.45156382048968,23.310634966357153,24.197423934936523,3086958.0
2015-10-06,24.213649222519475,24.592156210361626,24.07306026624017,24.305572509765625,1230286.0
2015-10-07,24.629999213857957,24.986876133307863,24.59755544612943,24.965246200561523,2170195.0
2015-10-08,25.08421350355014,25.105841178745553,24.52186000673182,24.786813735961914,1547648.0
2015-10-09,24.905775920798252,24.92740359679269,24.127132066564158,24.359642028808594,1543260.0
2015-10-13,24.40830497158264,24.532672014418402,24.170386985484555,24.294754028320312,1498173.0
2015-10-14,24.278528068052772,24.538075946965893,24.235268202582287,24.419116973876953,1668537.0
2015-10-15,24.462381210891706,24.54348838938615,24.078466205890578,24.27312660217285,1238403.0
2015-10-16,24.50563627057226,24.548893880482826,24.16497891550526,24.348825454711914,1991055.0
2015-10-19,24.24068177211909,24.305569322320576,23.845952946364164,23.948692321777344,1071111.0
2015-10-20,23.986543173647764,24.4840091387756,23.829732339825334,24.25149917602539,1143952.0
2015-10-21,24.262311484535612,24.60296659436592,24.18120204753675,24.197423934936523,1377174.0
2015-10-22,24.305569660913292,24.489416213856963,24.07846549482685,24.278533935546875,1285136.0
2015-10-23,24.570523389956225,24.57593144014251,24.083873545013137,24.278533935546875,1734138.0
2015-10-26,24.327199259981896,24.327199259981896,23.89461860901528,23.948692321777344,1477769.0
2015-10-27,23.8189185366036,24.0514307624761,23.656701914925105,23.921655654907227,2421847.0
2015-10-28,23.87839155931335,24.3434158848494,23.705358883777286,24.1920108795166,3844107.0
2015-10-29,24.11631785948458,24.27312870527925,23.91084360748991,24.132539749145508,1001671.0
2015-10-30,24.15415886735238,24.229860230924444,23.75402211870786,23.791873931884766,2423822.0
2015-11-02,23.629663106693524,23.948692814149084,23.54855593005662,23.91084098815918,1079887.0
2015-11-03,23.716181015051117,24.110909855890498,23.591813960006437,24.029800415039062,1176642.0
2015-11-04,24.018979960113427,24.565111431564773,23.970314309009638,24.386672973632812,1753993.0
2015-11-05,24.451566806908012,24.624599539378302,24.08928171536911,24.467788696289062,2347032.0
2015-11-06,24.467784170713387,24.592151212037525,23.180860673615673,23.42418670654297,3025197.0
2015-11-09,23.521516730249324,23.764840487002257,23.278188447932024,23.34848403930664,1667440.0
2015-11-10,23.359305419241284,23.45122871243143,22.87265322300709,23.105165481567383,1130349.0
2015-11-11,23.024046950953398,23.13760014127296,22.548208781870045,22.786128997802734,1118501.0
2015-11-12,22.68339883908313,22.688804626991264,22.212966312460726,22.234596252441406,1722400.0
2015-11-13,22.16970095558911,22.57524578347191,21.996670547281397,22.32110595703125,1570575.0
2015-11-16,22.353557763216088,23.01324272155762,22.331930083601396,23.013242721557617,1520332.0
2015-11-17,23.007825981594596,23.4349985146716,22.83479555888834,22.9699764251709,1689929.0
2015-11-18,23.13760617103128,23.683737806020087,23.013239113007568,23.326858520507812,2309843.0
2015-11-19,23.305239474260002,23.586415208762453,23.18628042263268,23.54315757751465,1215366.0
2015-11-20,23.69454998547398,23.721585710251993,23.364708712504314,23.532333374023438,1645610.0
2015-11-23,23.521516399178054,23.802691972372344,23.207894792682627,23.245746612548828,1757723.0
2015-11-24,23.153831316126006,23.640483515773106,23.153831316126006,23.418785095214844,2062579.0
2015-11-25,23.516106792380604,23.54855056075087,23.170043701067787,23.19167137145996,1616649.0
2015-11-26,23.359299977514816,23.36470802742483,23.14841770997768,23.153825759887695,362668.0
2015-11-27,23.13760238918947,23.202487670036792,22.88886831379764,22.94293975830078,1229956.0
2015-11-30,23.01323311565983,23.088934488278863,22.786128997802734,22.786128997802734,3528939.0
2015-12-01,22.818581922467647,23.440415037263065,22.780730089578995,23.418785095214844,1932036.0
2015-12-02,23.499887236979326,23.564774780150056,23.029457074555964,23.083528518676758,2483827.0
2015-12-03,23.240343451451853,23.25656534012337,22.337332524679407,22.50495719909668,3658276.0
2015-12-04,22.50495775434827,22.79694949485712,22.358963015485187,22.58606719970703,2160871.0
2015-12-07,22.796954003865846,22.796954003865846,21.94260855304824,22.337337493896484,3629534.0
2015-12-08,22.056159658911287,22.494146182414934,21.985864044923115,22.180526733398438,3035838.0
2015-12-09,22.402224385712177,23.69996441498319,22.358966761866988,23.68374252319336,3967081.0
2015-12-10,23.46203046300242,24.3704490872776,23.375515265559738,24.15956687927246,2852200.0
2015-12-11,23.835139150212743,24.289347476845002,23.672920274428023,23.8459529876709,2489751.0
2015-12-14,23.689145516072724,25.176137614977964,23.667515577377515,25.073400497436523,4183958.0
2015-12-15,25.05717560083897,25.516791985090325,24.938216598510976,25.41405487060547,3499430.0
2015-12-16,25.311321194067425,26.192702256390167,25.224803692891825,26.04670524597168,6110290.0
2015-12-17,25.895296094934896,26.019663133854902,25.165318010264187,25.17613410949707,4989705.0
2015-12-18,25.04096050405288,25.14910568830269,24.58134403668692,24.727338790893555,6741175.0
2015-12-21,24.754372196664733,24.90036919994423,24.094689576307157,24.1541690826416,2778153.0
2015-12-22,24.062245987328268,24.754372391643972,24.04602409794722,24.467788696289062,2486241.0
2015-12-23,25.046362605965076,25.414055725738308,24.711113262969786,25.370798110961914,1986667.0
2015-12-24,25.414056136385156,25.462721802338425,25.138286292099274,25.262653350830078,1377393.0
2015-12-29,25.26265208958615,25.503247948024722,25.04392733377784,25.13141632080078,942323.0
2015-12-30,25.344675316348955,25.382953183100142,24.655694309088744,24.737716674804688,906780.0
2015-12-31,24.584606458042348,24.830671233646747,24.36588170456045,24.710371017456055,1262866.0
2016-01-04,24.40415485186793,24.825199846052005,24.311196955291603,24.765050888061523,1190574.0
2016-01-05,24.688502641306876,24.765056084653924,24.333075449713185,24.62288475036621,1487203.0
2016-01-06,24.393224716186523,24.551800525132744,24.212777802162268,24.393224716186523,1666892.0
2016-01-07,23.928429953818807,24.021387850919368,23.354280390080714,23.48004722595215,1790414.0
2016-01-08,23.480042877666865,24.152619133162712,23.277722651548128,23.76984977722168,1689490.0
2016-01-11,23.791730602477777,24.10341327230636,23.6386237275183,24.021390914916992,1463398.0
2016-01-12,24.10341076293533,24.737711588124597,24.02138841408519,24.557262420654297,2363048.0
2016-01-13,24.95096775639753,25.027521186979765,24.092475549993146,24.20183563232422,2061263.0
2016-01-14,24.32760778943311,24.759588446748293,23.994053973626947,24.606481552124023,1840985.0
2016-01-15,23.611287743489488,24.1963753203681,23.22852049061349,23.41443634033203,5478089.0
2016-01-18,23.244919461988065,23.469110839794332,22.998854694230783,23.16289710998535,2711565.0
2016-01-19,23.32148145323284,23.709717677524047,23.15197005571851,23.523801803588867,1994675.0
2016-01-20,23.09181403749365,23.698772615421717,22.698109011573145,23.545665740966797,2671195.0
2016-01-21,23.74252103718704,24.693973672400368,23.425371684283515,24.518993377685547,1885743.0
2016-01-22,25.049400881883372,25.74385091478642,24.972847425037823,25.639957427978516,2161858.0
2016-01-25,25.125943670183503,25.7493089028515,24.989241290164344,25.10407257080078,1406683.0
2016-01-26,25.361083333917353,26.104746785005176,25.289998799196365,25.771190643310547,2020893.0
2016-01-27,25.705573101011463,26.443767575480027,25.311868008344064,25.86961555480957,1708797.0
2016-01-28,26.126613122819485,26.700765081733703,26.071933073518675,26.55859375,1585604.0
2016-01-29,26.684357328313574,26.684357328313574,26.19769671166969,26.60233497619629,2777714.0
2016-02-01,26.26331456742002,26.31252569039092,25.793056133413266,26.197696685791016,1382549.0
2016-02-02,25.678229874585643,26.24691295427108,25.49778295298147,25.98444366455078,1747521.0
2016-02-03,25.65088473362577,26.328930072858547,25.5743313013979,26.274250030517578,1845812.0
2016-02-04,26.465639939133457,26.870280604403835,26.296128556466297,26.804662704467773,2077060.0
2016-02-05,26.777314333131528,27.01244354248047,26.410951653047626,27.01244354248047,1785148.0
2016-02-08,26.520313264151415,26.755440178523585,26.192226164323017,26.56952667236328,1628935.0
2016-02-09,26.132076983808602,26.43829069241207,25.78211878658331,26.12114143371582,1913058.0
2016-02-10,26.07740241767478,26.564065433022567,25.95163783355256,26.3726806640625,1751799.0
2016-02-11,25.678217159071515,26.59686036231824,25.525112628155597,26.378135681152344,1841424.0
2016-02-12,26.520310560959686,26.640608465493024,26.23050134869742,26.607799530029297,1489287.0
2016-02-16,26.821056361645645,27.012441063183637,26.5913960927504,26.77184295654297,1667111.0
2016-02-17,26.821060361136368,27.45536122668268,26.821060361136368,27.31865882873535,2027914.0
2016-02-18,27.520987662721925,27.663156736288894,27.214773830036716,27.51004981994629,1737758.0
2016-02-19,27.19836208184207,27.466297969675264,27.0616596779627,27.3295955657959,1185528.0
2016-02-22,27.712362917953456,27.88187426588502,27.41161808529311,27.77798080444336,1844715.0
2016-02-23,27.510045142095688,28.024048152844923,27.42255614427714,27.794387817382812,1568820.0
2016-02-24,27.510029947732956,27.83811694072007,27.231158635181377,27.772499084472656,1525708.0
2016-02-25,27.285849410241067,27.542849730830458,26.241441369105573,26.646081924438477,3360111.0
2016-02-26,26.810136281332998,27.351479473310924,26.799200725528443,27.165563583374023,1589005.0
2016-02-29,27.171028059367767,27.400688423195124,26.968707724704053,27.149154663085938,1675119.0
2016-03-01,27.373339155085862,27.40068146555821,26.870274050858324,26.94135856628418,1605898.0
2016-03-02,26.957760189956293,27.017909147790768,26.307057203860413,26.74997329711914,2372153.0
2016-03-03,26.892148244709553,27.00697725676918,26.67889011556123,26.95229721069336,1274166.0
2016-03-04,27.127269259163178,27.14914264576295,26.815586657556857,26.9577579498291,1056850.0
2016-03-07,26.79918700757257,27.291314225890403,26.793718088343773,27.023378372192383,1835281.0
2016-03-08,27.012445189620653,27.280381066803194,26.996040718747135,27.094465255737305,1478317.0
2016-03-09,27.313196820939396,27.3897502746926,26.837471623455116,26.90308952331543,2251044.0
2016-03-10,27.001513007811678,27.832663053363323,25.612613171213194,26.044593811035156,5011206.0
2016-03-11,26.16489359013592,26.235978118946846,25.78759297473214,26.022722244262695,2267389.0
2016-03-14,25.92429016988931,26.011779147399892,25.59620307184856,25.9461612701416,1875431.0
2016-03-15,25.85320785624106,26.50937987784833,25.743845471264663,26.48750877380371,1538652.0
2016-03-16,26.640618337319584,26.832003102359828,26.323468990732955,26.328935623168945,1569588.0
2016-03-17,26.498439926752493,27.143676289220124,26.328928601417754,27.023378372192383,1532290.0
2016-03-18,26.246910768842234,27.094467541300034,26.246910768842234,26.837467193603516,12103091.0
2016-03-21,26.717169095778814,26.88668044925456,26.443764277463377,26.48750877380371,1687186.0
2016-03-22,26.542183239919645,27.07259058108944,26.383609760067852,26.86480140686035,3164626.0
2016-03-23,27.198359723060417,27.214764193163344,26.924952650761934,27.16008186340332,1981072.0
2016-03-24,27.02885073491149,27.52098030417762,26.864806019655436,27.3295955657959,2301177.0
2016-03-28,27.433490034652376,27.49910562944174,27.088998436941868,27.395212173461914,1920518.0
2016-03-29,27.20994566352182,27.552835315834812,27.160170911214855,27.409042358398438,2166027.0
2016-03-30,27.563888949336622,28.249668088485347,27.47540206504346,28.05057144165039,3214429.0
2016-03-31,28.000796304801735,28.509599353807687,27.718741761467264,28.23860740661621,3673853.0
2016-04-01,27.602606278638486,27.735338944363498,27.26524794383929,27.42563247680664,4707776.0
2016-04-04,27.48647103827542,27.558366365203238,27.34267807006836,27.34267807006836,3359233.0
2016-04-05,27.265245568556367,27.348203477407402,26.800685907692404,27.005313873291016,2318071.0
2016-04-06,27.066144701033007,27.342667935152505,26.97212652371031,27.198877334594727,2682714.0
2016-04-07,27.04955575171336,27.326079012717656,27.04955575171336,27.28736686706543,1403941.0
2016-04-08,27.40903482119641,27.901246280725967,27.40903482119641,27.812759399414062,2463423.0
2016-04-11,27.901242340424243,28.067158112391176,27.76298074001865,27.879121780395508,1538981.0
2016-04-12,27.87912733535188,27.967614221798527,27.563889620153414,27.74086570739746,2228556.0
2016-04-13,27.956550665378654,28.011854384343085,27.60812982998119,27.69108772277832,1938728.0
2016-04-14,27.740865280125465,27.962084807185555,27.663438677089506,27.91783905029297,1925893.0
2016-04-15,27.818303194950083,27.89019852902167,27.62473545147415,27.790651321411133,1902856.0
2016-04-18,27.64684876086594,28.32156766470434,27.480935262760138,28.25520133972168,2606472.0
2016-04-19,28.321576589212935,28.575977057893382,28.10588596505228,28.50408172607422,1951563.0
2016-04-20,28.63128234484718,28.66999450267373,28.481958070612293,28.603628158569336,1631239.0
2016-04-21,28.60361996776486,28.725290020881012,28.4598293491826,28.658926010131836,1602059.0
2016-04-22,28.537256037449318,28.692109253551944,28.111408535991654,28.18883514404297,1774836.0
2016-04-25,28.222021388489843,28.222021388489843,27.834888305958906,28.094820022583008,1104898.0
2016-04-26,28.18884043620787,28.658931471328057,28.144596982493844,28.177780151367188,3953040.0
2016-04-27,28.299452938676726,28.636811330621534,28.177782850719684,28.603628158569336,2108324.0
2016-04-28,28.49301282778309,29.007347266088644,28.343690896873863,28.752946853637695,2380819.0
2016-04-29,28.465362699760256,28.963105585659036,28.432179532120177,28.813783645629883,2955647.0
2016-05-02,29.305991670032068,29.305991670032068,28.481950821635238,28.896738052368164,1433231.0
2016-05-03,28.70317399882381,28.97969731137685,28.393467518468213,28.542789459228516,1539530.0
2016-05-04,28.64234340378897,28.73636162235719,28.421123793704734,28.50408172607422,1543150.0
2016-05-05,28.70317209280992,28.81378187335641,28.459831964218267,28.54831886291504,1831771.0
2016-05-06,28.609164229705996,28.68105957157438,28.410067478541936,28.44325065612793,1400211.0
2016-05-09,28.437703477954873,28.520661375603428,28.105874201711266,28.288381576538086,1591966.0
2016-05-10,28.43218070358041,28.78613064907266,28.304979327169566,28.515138626098633,1029864.0
2016-05-11,28.531729904225205,28.70317473268767,28.34922479099618,28.636808395385742,854453.0
2016-05-12,28.647868680152303,29.001820936195077,28.343693491437257,28.636808395385742,1180372.0
2016-05-13,28.609152271809858,29.001816623317893,28.504073796275602,28.62021255493164,1352162.0
2016-05-16,28.880142691800078,29.2119719966903,28.813778682302683,29.101362228393555,1646268.0
2016-05-17,29.101365452627128,29.527212992033053,29.040530420476436,29.14560890197754,1436192.0
2016-05-18,29.06818285476887,29.256216924622006,28.6699872058393,28.896738052368164,1457365.0
2016-05-19,28.8082489866032,29.22856520377465,28.658927063988067,29.223033905029297,1310586.0
2016-05-20,29.322581694996494,29.781612348049837,29.305990114074046,29.571453094482422,1370043.0
2016-05-24,29.726303248127945,29.86456486535452,29.283866535873006,29.67099952697754,1910096.0
2016-05-25,29.809262337615397,30.052602423380186,29.726304438218012,29.776079177856445,1439045.0
2016-05-26,29.85904898293224,29.936475615125183,29.637829372566237,29.787151336669922,831745.0
2016-05-27,29.809270980077212,30.22405596861949,29.687600901919588,30.15216064453125,1199021.0
2016-05-30,30.251700579185176,30.262763175891372,29.781611964045926,29.958585739135742,345445.0
2016-05-31,30.019421513047522,30.30700737627418,30.01389252890717,30.05260467529297,2255103.0
2016-06-01,29.92540036050516,30.616710771988103,29.92540036050516,30.54481315612793,1794473.0
2016-06-02,30.461856647929988,30.82686675668605,30.434204787754627,30.793685913085938,1159748.0
2016-06-03,30.848990189173495,30.848990189173495,30.583527235136593,30.738380432128906,1185857.0
2016-06-06,30.79922512134762,31.197418520248,30.743921382636962,31.075748443603516,1234344.0
2016-06-07,31.24719225768992,31.285906725009617,30.860059156249118,30.909833908081055,1756955.0
2016-06-08,30.970656246378663,31.03702255494423,30.268285652327187,30.34018325805664,2465398.0
2016-06-09,30.141094808742896,30.644368966375012,30.12450554018572,30.50057601928711,1505742.0
2016-06-10,30.38997358979519,30.52270396071152,30.06920447663232,30.218528747558594,1142855.0
2016-06-13,30.030476903884377,30.34018325805664,30.002822732415208,30.34018325805664,1393300.0
2016-06-14,30.334660178182816,30.600123170005485,30.257233568665825,30.489513397216797,1609738.0
2016-06-15,30.32359464885989,30.72178791052618,30.32359464885989,30.506099700927734,1331319.0
2016-06-16,30.34571438817844,30.699666516007444,30.279348074916697,30.67754364013672,1326712.0
2016-06-17,30.56694325442308,30.893241308795545,30.56141426952429,30.743919372558594,5499919.0
2016-06-20,31.025968551635742,31.285902560709236,30.832403183855412,31.025968551635742,1447382.0
2016-06-21,31.020437772436033,31.744929085133144,30.92088828778264,31.639850616455078,1632007.0
2016-06-22,31.70069195767206,31.7615269945205,31.479472379486147,31.5900821685791,2678326.0
2016-06-23,31.800242661434428,31.938504324427033,31.63432681436223,31.711755752563477,1225020.0
2016-06-24,30.804750414428938,31.761521570894615,30.500572967777106,31.678565979003906,1484241.0
2016-06-27,31.496058585272465,31.75046128817936,31.214004018402,31.678565979003906,1811915.0
2016-06-28,32.167306007607195,32.167306007607195,31.726045675579844,31.949466705322266,1607215.0
2016-06-29,32.150548292916596,32.54712207116216,32.117034554984656,32.340457916259766,1921176.0
2016-06-30,32.508026220658756,32.85991815266893,32.279016443507096,32.65325164794922,2828395.0
2016-07-04,32.988388597311776,33.06658655472786,32.480103042810775,32.93811798095703,778541.0
2016-07-05,32.91577215668823,33.56928306006389,32.83757421088071,33.519012451171875,2348787.0
2016-07-06,33.43523321227241,33.859736715763525,33.17829608157274,33.736854553222656,2638395.0
2016-07-07,33.870902736818316,34.038469087608775,33.31793074058106,33.55252456665039,2839036.0
2016-07-08,33.76477646810404,33.96027014871996,33.574866851992965,33.680992126464844,2325311.0
2016-07-11,33.72567965562376,34.083157990268376,33.61397030563006,33.84856414794922,11063464.0
2016-07-12,34.0273108371812,34.04406771201688,33.37938379748555,33.76478958129883,5024041.0
2016-07-13,33.59719741709868,34.0998986020188,33.59719741709868,33.91557312011719,2282089.0
2016-07-14,34.06081490207008,34.284238278079805,33.775950448268716,33.93234634399414,1413814.0
2016-07-15,33.99378267031427,34.31774722146838,33.99378267031427,34.17810821533203,1744888.0
2016-07-18,34.0384846602182,34.13343951450288,33.70893820994524,33.72569274902344,1523075.0
2016-07-19,33.6809912097622,33.960269224416145,33.6809912097622,33.83738708496094,1270875.0
2016-07-20,33.73684524506869,33.95468217081747,33.59720625003503,33.65306091308594,2059837.0
2016-07-21,33.68099862906853,33.79271032701946,33.53577552539871,33.75361251831055,1278115.0
2016-07-22,33.83179790028418,33.96026408464934,33.45756279939168,33.6474723815918,1573647.0
2016-07-25,33.519001227398206,33.904406762444495,33.440805645181165,33.69215393066406,1107202.0
2016-07-26,33.70333638602786,33.736850123667296,33.40171508467965,33.55252456665039,1253213.0
2016-07-27,33.513437969714246,33.54695171855916,33.03307735281384,33.20623016357422,1674351.0
2016-07-28,33.45198245305295,33.893242726914536,33.2676592512849,33.708919525146484,1575511.0
2016-07-29,33.61955598577629,33.88207951561244,33.37937572945638,33.8150520324707,1952879.0
2016-08-02,33.563701924094524,33.9714485583452,33.340278534459536,33.91000747680664,1541724.0
2016-08-03,33.93235933407879,34.22839436878757,33.72010868179997,33.72569274902344,1727556.0
2016-08-04,33.731270450975416,33.91000964157528,33.72568404778545,33.82622528076172,1093270.0
2016-08-05,34.11667577277604,34.2116282640404,33.943522987398985,34.04964828491211,1098316.0
2016-08-08,34.08874110165817,34.63054265352323,34.04964329773556,34.48531723022461,1084275.0
2016-08-09,34.5020791258022,34.79252767730351,34.47415178501677,34.55793380737305,845129.0
2016-08-10,34.56910794159369,34.5858648141901,34.13343159149437,34.267486572265625,1004742.0
2016-08-11,34.40711720689371,34.69756803594866,34.256307727804156,34.59702682495117,1091296.0
2016-08-12,34.59143403192638,34.759002685962486,34.4182813143599,34.66963195800781,1269010.0
2016-08-15,34.69198019113148,34.87630339955414,34.613782253854595,34.80369186401367,1161942.0
2016-08-16,34.742263550099366,34.742263550099366,34.12785029236984,34.27865982055664,1516603.0
2016-08-17,34.30658644742974,34.362443471914126,33.937939902943796,34.12784957885742,1237087.0
2016-08-18,34.12225613772673,34.18928361832113,33.92117603335045,34.105499267578125,802346.0
2016-08-19,34.15576010352209,34.3121559552146,34.032877982536014,34.189273834228516,873322.0
2016-08-22,34.07199016025049,34.61379180638232,34.03847641539623,34.518836975097656,1139235.0
2016-08-23,34.502076550003736,34.507662952706625,34.1613574080812,34.23955535888672,660175.0
2016-08-24,34.138997334460825,34.183681521873346,33.641882535563504,33.787105560302734,1079777.0
2016-08-25,33.79270152372842,33.842972125321474,33.47432338437887,33.708919525146484,1144500.0
2016-08-26,33.78711513222755,33.97702473558673,33.3570276613077,33.61954879760742,1002000.0
2016-08-29,33.608373488391074,33.8094535284374,33.4799049708207,33.630714416503906,1673144.0
2016-08-30,33.6307211515952,33.89324464004178,33.312345331681215,33.42405700683594,1795460.0
2016-08-31,33.39613879371497,33.45757754381289,32.820823392664884,33.21739959716797,8358592.0
2016-09-01,33.23973614380868,33.94910409548302,33.20622240279642,33.748023986816406,1372347.0
2016-09-02,33.831794228784396,34.055215180003486,33.748009911198494,33.88206481933594,1119379.0
2016-09-06,33.960263977372584,34.22837148449016,32.94369094564681,33.1671142578125,2717708.0
2016-09-07,33.22857734324634,33.59722628641528,33.111279208517395,33.49668502807617,1757504.0
2016-09-08,33.451989358558485,34.18928465523732,33.43523248790167,34.094329833984375,1959461.0
2016-09-09,33.893252371501035,34.15018951670801,33.68099943906763,34.04964828491211,1876089.0
2016-09-12,34.04405038710838,34.51882437016265,33.90441139281119,34.384769439697266,1830564.0
2016-09-13,34.166939531257505,34.166939531257505,33.764779332090754,33.926761627197266,2014202.0
2016-09-14,33.792702543265946,34.127837559924316,33.5748656005303,34.06081008911133,1617307.0
2016-09-15,34.122249275311745,34.513238937801255,34.044051342813844,34.345672607421875,1272849.0
2016-09-16,34.373607787773366,34.6249585094341,34.233968757673736,34.54676055908203,3750753.0
2016-09-19,34.59143403192638,34.708732089751656,34.4462086442305,34.66963195800781,1242901.0
2016-09-20,34.770186201840964,35.032707408496385,34.60820388793945,34.60820388793945,1139783.0
2016-09-21,34.675225633014826,35.105315485388864,34.574684419501914,34.893062591552734,1158103.0
2016-09-22,35.122080352969824,35.345501427091165,34.97685490173549,35.267303466796875,1020868.0
2016-09-23,35.26171048529056,35.41810636633617,34.932161854701114,35.16675567626953,1060360.0
2016-09-26,35.07739610969738,35.12766673121146,34.736676904003225,34.82046127319336,824176.0
2016-09-27,34.7589987989155,34.89305136974723,34.630530290989675,34.73107147216797,1035678.0
2016-09-28,34.880450296453326,35.3257568313205,34.880450296453326,35.20174789428711,1992920.0
2016-09-29,35.27503157544816,35.47232027157444,35.17920604170233,35.28630447387695,1162162.0
2016-09-30,35.50614689110892,35.54560322121449,35.12284469604492,35.12284469604492,1823214.0
2016-10-03,35.24121649357845,35.46105102381723,35.02701959292968,35.094661712646484,1054985.0
2016-10-04,35.1397592790302,35.365231461997865,34.58735172310709,34.925559997558594,1156896.0
2016-10-05,35.07211083060668,35.3257664010135,34.76772367435037,34.84100341796875,1152399.0
2016-10-06,34.84099892333317,34.965007877962705,34.71135234027852,34.71698760986328,694401.0
2016-10-07,34.694446490929074,34.78463440484672,34.45770144776476,34.643714904785156,910949.0
2016-10-11,34.68881925534538,34.869197496066974,33.88275834123451,34.07440948486328,1458681.0
2016-10-12,34.07439716704908,34.54224959524491,33.944750574538745,34.46333694458008,1185528.0
2016-10-13,34.27732821684233,34.51971092423499,34.040583139449836,34.4407958984375,1282942.0
2016-10-14,34.508442436979735,34.96502211900535,34.09131909347914,34.11386489868164,1039737.0
2016-10-17,34.130764020049824,34.48024511340789,34.03493848287614,34.46333694458008,851272.0
2016-10-18,34.55916460676235,35.201760023850724,34.55916460676235,34.99319839477539,1432792.0
2016-10-19,35.08337756241655,35.41594808828761,34.840997292924925,35.2130241394043,1077144.0
2016-10-20,35.196125929696706,35.42723574141688,34.953745575390606,35.1397590637207,1150424.0
2016-10-21,35.13975370779747,35.511780627754135,35.128478449247964,35.421592712402344,913582.0
2016-10-24,35.37085561681384,35.37649324521059,34.80717769539098,34.914276123046875,1253761.0
2016-10-25,34.8635506221925,34.8635506221925,34.35623946092994,34.45770263671875,1474807.0
2016-10-26,34.28295423718704,34.72262318076248,34.23222266088829,34.604251861572266,1335378.0
2016-10-27,34.70007788798155,34.7451741987473,34.474608128354824,34.60988998413086,1531851.0
2016-10-28,34.59297369711969,34.671888689558756,34.17585058329601,34.28295135498047,1324408.0
2016-10-31,34.294216023908824,34.46895649087652,34.164569490539336,34.2265739440918,1570904.0
2016-11-01,34.3336908612961,34.41824114205124,34.06312477343043,34.15331268310547,1161613.0
2016-11-02,32.834301593666474,32.890670803415055,32.41154313533409,32.5919189453125,7348584.0
2016-11-03,32.59192400605656,32.69338718405454,32.33826841990241,32.43973159790039,2880503.0
2016-11-04,32.42845376539238,32.885033279256284,32.33262823147178,32.65956115722656,2209468.0
2016-11-07,32.811758639710796,32.924492351294546,32.72156836806691,32.9132194519043,1850639.0
2016-11-08,32.91885313314204,32.986495239052644,32.777933651721845,32.82866287231445,1609409.0
2016-11-09,32.97522742183316,33.89402425199729,32.89067712920956,33.79819869995117,5651086.0
2016-11-10,33.96165891907344,34.22095208742615,33.668547056398545,33.933475494384766,2958938.0
2016-11-11,33.70800666051985,33.77001114440694,33.13869104749062,33.20633316040039,2528695.0
2016-11-14,33.25706489336024,33.31343174847597,32.653925862346405,32.975223541259766,2132020.0
2016-11-15,33.44870060314871,33.53889083862305,33.059763321177066,33.53889083862305,4388878.0
2016-11-16,33.25707306516099,33.82075119018555,33.189430935328865,33.82075119018555,2806675.0
2016-11-17,33.882750218247836,34.294235843545195,33.55581488274638,34.034942626953125,10874671.0
2016-11-18,34.034942626953125,34.20968319490848,33.944754707634495,34.034942626953125,1360390.0
2016-11-21,34.2153118617579,34.570430534168274,34.13639686331562,34.43514633178711,2145622.0
2016-11-22,34.587342635665856,34.75081027919426,34.412604452443674,34.50279235839844,1383317.0
2016-11-23,34.43516453465885,34.64372621768475,34.41261872823744,34.525352478027344,1072866.0
2016-11-24,34.468978588803026,34.795911586115054,34.45206805800749,34.615535736083984,465896.0
2016-11-25,34.64371401653889,34.784633512987355,34.48588399180935,34.70008087158203,984887.0
2016-11-28,34.69444704643175,34.69444704643175,34.24914038121736,34.35060119628906,1338998.0
2016-11-29,34.15895117600186,34.215318031264296,33.59527082917443,34.08003616333008,3355613.0
2016-11-30,34.36187841365108,34.51407082435477,33.91093409345508,34.00675964355469,3142027.0
2016-12-01,34.38441673540666,34.38441673540666,33.18941879272461,33.18941879272461,2256529.0
2016-12-02,33.25706404952991,33.35852485793198,32.98086033348537,33.06541061401367,1945749.0
2016-12-05,33.16124328001045,33.23452067210756,32.777941071537526,33.042869567871094,1776043.0
2016-12-06,32.98650118190077,33.341617584228516,32.76102902747126,33.341617584228516,1516712.0
2016-12-07,33.29652940166894,33.82075119018555,33.13869933795477,33.82075119018555,1365326.0
2016-12-08,33.843292272522866,33.843292272522866,33.44307956653521,33.52762985229492,1520991.0
2016-12-09,33.583997142878076,33.61218056984884,33.04286496614096,33.166873931884766,1665465.0
2016-12-12,33.426170090336676,33.51072037875921,33.20069793686173,33.24015426635742,1703860.0
2016-12-13,33.47125402184317,34.24349343936224,33.369790875523854,34.15894317626953,2200692.0
2016-12-14,34.158943826446624,34.2096730417318,33.88837778995191,33.96729278564453,2092308.0
2016-12-15,33.99547603694199,34.17021655216045,33.79818736927853,33.86582946777344,1594599.0
2016-12-16,33.98985000177047,34.779002582734265,33.94475604034072,34.722633361816406,9583063.0
2016-12-19,34.80717795018425,35.043922961975696,34.598616362902185,34.76771926879883,1256394.0
2016-12-20,34.90300850584939,34.925554305166855,34.446426584162154,34.58171081542969,1639247.0
2016-12-21,34.58171017000114,35.04956498261513,34.49715752703701,34.80718231201172,1359073.0
2016-12-22,34.91992030134644,35.24685327403343,34.76208790619597,35.18484878540039,1176094.0
2016-12-23,35.252483483989344,35.421586384776,35.0213737487793,35.0213737487793,924990.0
2016-12-28,35.07542230948326,35.25176651829538,34.671536725335145,34.688602447509766,1729750.0
2016-12-29,34.69428315796757,34.86493795664264,34.60895456838607,34.75116729736328,834927.0
2016-12-30,34.75686184237603,34.80805900375346,34.4269261671581,34.43830490112305,953622.0
2017-01-03,34.60327314558275,34.87063532748295,34.29040554611035,34.50088119506836,1201764.0
2017-01-04,34.53499994208917,34.67721265142804,34.318835005162526,34.483802795410156,1236868.0
2017-01-05,34.5179487174308,34.768242810064585,34.432620103810834,34.756866455078125,1811915.0
2017-01-06,34.825126368258545,34.825126368258545,34.495190677464805,34.61465072631836,903270.0
2017-01-09,34.50656837851787,34.8706331204493,34.39279770032273,34.677223205566406,970845.0
2017-01-10,34.802372554809175,34.92751959501045,34.36435553361623,34.449684143066406,998270.0
2017-01-11,34.51225435215139,34.59189358650168,34.33591016319801,34.557762145996094,829661.0
2017-01-12,34.586205455308075,34.70566550134579,34.301779948250335,34.5748291015625,1415240.0
2017-01-13,34.61464927191459,34.808059184463474,34.39848427180594,34.79668045043945,976879.0
2017-01-16,34.847877193370635,34.9161400747414,34.70566444417373,34.819435119628906,293228.0
2017-01-17,34.876321286376324,35.30864892594156,34.819437135599394,35.155059814453125,1240817.0
2017-01-18,35.03559432668831,35.439479828171386,35.02990734078643,35.2574462890625,1102704.0
2017-01-19,35.25745072197283,35.43948428396875,35.17212449832427,35.21763229370117,872225.0
2017-01-20,35.27452205678266,35.75235752277411,35.2688326891559,35.5703239440918,1800177.0
2017-01-23,35.51912512555766,35.723911404248966,35.285896771031965,35.576011657714844,1228969.0
2017-01-24,35.95714351999595,36.67958608076338,35.701160066680096,36.543060302734375,5219855.0
2017-01-25,36.79903617724966,37.111906100471224,36.66251280782632,36.67388916015625,3038800.0
2017-01-26,36.634071771366216,36.71939798698255,35.900250605844235,36.15054702758789,2246217.0
2017-01-27,36.13348247201583,36.207432337362434,35.43948208915558,35.67271041870117,2019248.0
2017-01-30,35.66701947685974,35.67270646249374,34.96733218533216,35.08110046386719,2103717.0
2017-01-31,35.08110531168963,35.12661548597815,34.813745535307895,34.92182922363281,2278250.0
2017-02-01,35.01284913361412,35.26314322065885,34.75117631134841,35.02991485595703,1400540.0
2017-02-02,35.092486296403145,35.26883049649539,35.04128913241087,35.155059814453125,1129691.0
2017-02-03,35.30864323809815,35.71821810356986,35.18349622215803,35.541873931884766,1606337.0
2017-02-06,35.46224072777797,35.58169839764867,35.103862957189016,35.183502197265625,1226227.0
2017-02-07,35.18350929061485,35.29727999658853,34.64878959107636,34.9445915222168,1340095.0
2017-02-08,34.9559588817385,35.24607375022858,34.58620477761321,35.16074752807617,1104679.0
2017-02-09,35.2574462890625,35.536184773871724,35.06403877814984,35.2574462890625,1083288.0
2017-02-10,35.44518163357002,35.52482088853698,35.17213241932777,35.2460823059082,1454841.0
2017-02-13,35.268840379149715,35.519134521484375,35.10387248688965,35.519134521484375,1670621.0
2017-02-14,35.484993293242226,35.490682660542085,35.22900985256302,35.41673278808594,2465617.0
2017-02-15,35.473617051705475,35.56463264586163,35.280207128757326,35.365535736083984,887363.0
2017-02-16,35.723922986713106,35.769433179389615,35.19489020661849,35.39398956298828,1366094.0
2017-02-17,35.393977192194285,35.49068215197573,35.103862312849955,35.40535354614258,1163149.0
2017-02-21,35.46793410129346,35.632901978475076,35.1835085327305,35.34847640991211,2969469.0
2017-02-22,35.26881656886383,35.67269959305907,35.26881656886383,35.302947998046875,3133361.0
2017-02-23,35.39397753259536,35.39966689986841,34.88201065364938,35.155059814453125,1767706.0
2017-02-24,35.03559137235597,35.17211711029727,34.48949318156638,34.506561279296875,4086544.0
2017-02-27,34.586197390884664,34.67152597530135,34.36434545188905,34.41554260253906,4938584.0
2017-02-28,34.33591555164695,35.0185373274201,34.33022856432904,34.73411178588867,2954221.0
2017-03-01,34.933207879699474,35.00715775193853,34.62033790840535,34.69429016113281,1683895.0
2017-03-02,34.62602582376098,34.95595912209312,34.614649470160096,34.77961730957031,1320898.0
2017-03-03,34.7739308659744,34.7739308659744,34.56914458150052,34.60896301269531,1158542.0
2017-03-06,34.67721796687644,35.064037738205336,34.455366011082035,35.041282653808594,3601670.0
2017-03-07,35.024227148979996,35.445178479412824,34.95027726898013,35.433799743652344,1346019.0
2017-03-08,35.48498427507255,35.64426271410548,35.05265674334206,35.086788177490234,1581106.0
2017-03-09,35.1550455691103,35.200553347389096,34.739783819146005,35.092472076416016,1474149.0
2017-03-10,35.17211976480651,35.26882470965084,34.88769429661307,35.22900390625,1152289.0
2017-03-13,35.26882881788122,35.54187796568924,35.143681787737606,35.439483642578125,1649120.0
2017-03-14,35.25744606798792,35.2688248006964,34.70566084870727,34.717037200927734,1766938.0
2017-03-15,34.887699970359385,34.933207767012654,34.603272075421756,34.745487213134766,1368727.0
2017-03-16,34.80236435772749,35.041282027426675,34.722725134494425,34.984397888183594,1332745.0
2017-03-17,34.98441228433123,35.331411389675765,34.80806804742863,34.81375503540039,8432200.0
2017-03-20,34.8763195961766,35.01284536020627,34.44399197756312,34.66584396362305,1059263.0
2017-03-21,34.78529873319588,34.93888781395466,34.438299769710994,34.75116729736328,1369385.0
2017-03-22,34.80236435772749,35.07541346316769,34.557757321908824,34.984397888183594,1833636.0
2017-03-23,34.92751886733819,35.66133775185607,34.68860114634373,35.13230514526367,1558618.0
2017-03-24,35.70684805510958,35.72391377784179,35.132307610932074,35.166439056396484,1474587.0
2017-03-27,34.95026842076923,35.57600589012293,34.88769491188266,35.46792221069336,1315961.0
2017-03-28,35.46792860643047,35.68978299124723,35.37122602293088,35.450862884521484,1143074.0
2017-03-29,35.62611381668045,35.62611381668045,35.28134418210112,35.539920806884766,1067491.0
2017-03-30,35.626114614975414,35.660591819666244,35.17216876088534,35.20664596557617,1006278.0
2017-03-31,35.22964097832885,35.51120330797769,35.183672158195314,35.26411819458008,8116703.0
2017-04-03,35.40202324068849,35.67209153271786,34.925091673466575,35.28135299682617,2158567.0
2017-04-04,35.154934858801234,35.53417935189884,35.154934858801234,35.52843475341797,1070124.0
2017-04-05,35.62612154348692,35.99387445736993,35.539928514997165,35.66059875488281,1621805.0
2017-04-06,35.82147683732158,36.246690001327416,35.82147683732158,36.00535202026367,1473600.0
2017-04-07,35.965145573453825,36.401852926205876,35.9364153644342,36.17775344848633,1034471.0
2017-04-10,36.17200171099601,36.48229417977037,36.10304729468976,36.39035415649414,1882891.0
2017-04-11,36.19498780269623,36.602962493896484,36.19498780269623,36.602962493896484,2344618.0
2017-04-12,36.424836970507,36.6144616445328,36.37312355492224,36.46506118774414,1351833.0
2017-04-13,36.48228277996334,36.52250457383786,36.34437399044393,36.45929718017578,1204177.0
2017-04-17,36.539768251103865,36.77536179336165,36.47081621362283,36.62596130371094,806953.0
2017-04-18,36.47654901080805,36.59147224222854,36.26394115291034,36.51677322387695,3071381.0
2017-04-19,36.602967585593696,36.66617500864554,36.28118346656466,36.378868103027344,2094722.0
2017-04-20,36.35012691816228,36.7063881430359,36.31564971516117,36.52251052856445,1153825.0
2017-04-21,36.442073464353754,36.614459521655135,36.292675420831166,36.401851654052734,1396591.0
2017-04-24,36.61444844880442,36.73511624781938,36.36736344446458,36.511016845703125,1402734.0
2017-04-25,36.67766997734653,37.00520110872856,36.66617596950565,36.89027786254883,1763428.0
2017-04-26,36.83281452262755,36.92475456104949,36.57423782348633,36.57423782348633,1538543.0
2017-04-27,36.70639118854087,36.70639118854087,35.965138476325905,36.37311553955078,2410987.0
2017-04-28,36.45356748246699,36.61445953292851,36.172005191857345,36.419090270996094,1131665.0
2017-05-01,36.41333978918961,36.539754616104545,36.21797054591971,36.42483139038086,1020978.0
2017-05-02,36.47654445281076,37.01093633006833,36.46505285248582,36.91899871826172,2497650.0
2017-05-03,36.86153960453709,37.04541725119626,36.67191735944105,36.76385498046875,1693549.0
2017-05-04,36.57423226115176,36.72363269683747,35.94790271738949,35.99961853027344,2076182.0
2017-05-05,36.29841165942615,36.8270589072538,35.924911827436205,36.769596099853516,1750702.0
2017-05-08,36.84429568067689,37.14884351499456,36.74086647310413,37.0511589050293,2147597.0
2017-05-09,37.09139128260941,37.17183731348299,36.57998488732827,36.677669525146484,1192329.0
2017-05-10,36.77535037352685,36.919003813526906,36.66617173925955,36.7293815612793,1449795.0
2017-05-11,36.7178852552857,36.79258667453814,36.29841656346592,36.42483139038086,1329345.0
2017-05-12,36.50528926588546,36.79259620229338,36.45357344022698,36.5512580871582,1576608.0
2017-05-15,37.0511617073927,37.12586071876753,36.56848321866649,36.608707427978516,1798312.0
2017-05-16,36.723633481747974,36.867286917537925,36.137525732410246,36.149017333984375,1735015.0
2017-05-17,36.258195963068125,36.28117916621513,35.55141798112738,35.56291198730469,1939825.0
2017-05-18,35.48821059005449,35.6663412352838,35.24112793073279,35.597389221191406,2357892.0
2017-05-19,35.64335965120819,36.16625760446335,35.55141962056898,36.034095764160156,1545344.0
2017-05-23,36.22947012218781,36.72938490841835,36.01111523835847,36.49953842163086,1825079.0
2017-05-24,36.45931841437364,36.68916492770179,36.355889166599034,36.64319610595703,1077803.0
2017-05-25,36.6374397277832,36.763854556389,36.25244823899145,36.6374397277832,1286891.0
2017-05-26,36.66042655311326,36.677665158005325,36.31565685987582,36.36162567138672,849846.0
2017-05-29,36.30990608890005,36.545499529776556,36.252445681624955,36.41333770751953,268107.0
2017-05-30,36.26968761581725,36.419088054898786,36.19498859857838,36.21797180175781,1180921.0
2017-05-31,36.20073481537756,36.344388257784175,35.901936328460884,36.034095764160156,2025172.0
2017-06-01,36.14327284553175,36.39035550544869,36.016858014020045,36.30416488647461,782490.0
2017-06-02,36.26394487006001,36.46506114681178,36.22947006124356,36.3961067199707,1027450.0
2017-06-05,36.200720604429854,36.66615795985193,36.03408161862822,36.45929718017578,927184.0
2017-06-06,36.32140275601444,36.77534866333008,36.3156557530243,36.77534866333008,1448698.0
2017-06-07,36.706392736044684,36.82706296164782,36.09155481633249,36.10304641723633,1571891.0
2017-06-08,36.20072825225495,36.74086711764499,36.20072825225495,36.54549789428711,2166246.0
2017-06-09,36.62595372426309,36.74087696908853,36.43058444852026,36.7121467590332,2009704.0
2017-06-12,36.6202024489327,36.97646374495507,36.43058019916062,36.51677322387695,1866875.0
2017-06-13,36.45931085844474,36.763856343417714,36.344387625597676,36.69490432739258,2220109.0
2017-06-14,36.631703162678335,36.75811801900668,35.97089385986328,35.97089385986328,3132813.0
2017-06-15,36.02260595975189,36.18924501928535,35.689330245289,36.12603759765625,1978330.0
2017-06-16,36.18349888089644,36.46506118774414,36.13178546531167,36.46506118774414,5632876.0
2017-06-19,36.49378416653181,36.72363060764879,36.44781535922914,36.55699157714844,1535361.0
2017-06-20,36.396097777760126,36.42482798035044,35.94215192026051,36.01685333251953,1972187.0
2017-06-21,36.10879679475775,36.20073441978839,35.8502201203307,35.94215774536133,1491042.0
2017-06-22,35.85596802769183,35.913428443633805,35.64910475925124,35.67783737182617,1825627.0
2017-06-23,35.69507293451912,36.02260160575363,35.69507293451912,35.827232360839844,1320349.0
2017-06-26,35.907677205255276,36.18349245937587,35.80424798783734,36.13752365112305,2768938.0
2017-06-27,36.08580952110645,36.27543417031271,35.86171006755737,36.05707931518555,1201873.0
2017-06-28,36.164451599121094,36.30374541210886,35.96131205611974,36.164451599121094,1052023.0
2017-06-29,35.87424949946214,36.059974558417906,35.58985466334366,35.926483154296875,1471955.0
2017-06-30,35.78718813288619,35.984522822855695,35.6943256065927,35.88005065917969,1468335.0
2017-07-04,36.27471995670633,36.27471995670633,35.60726538930005,35.83942413330078,499025.0
2017-07-05,35.792994951648346,36.05417539315566,35.51440733829667,35.949703216552734,1294789.0
2017-07-06,35.792988911174646,36.419817007418374,35.70012638906236,36.30373764038086,1856343.0
2017-07-07,36.129624327346654,36.14703635602184,35.69432846805633,36.141231536865234,1482157.0
2017-07-10,36.16445426468049,36.26892402492271,35.9613147067064,36.15864944458008,1388583.0
2017-07-11,36.147047736565504,36.21669587319427,35.79300466123287,36.100616455078125,1426100.0
2017-07-12,36.40822371600447,36.640382538819715,36.09480954808342,36.39661407470703,1525488.0
2017-07-13,36.47205838932072,36.51268483785337,36.158644295633785,36.3443717956543,1237087.0
2017-07-14,36.501078608691316,36.81449271079803,36.33276313317582,36.76225662231445,1274495.0
2017-07-17,36.71002228334545,36.942181068473445,36.56492364983917,36.74484634399414,1256614.0
2017-07-18,36.85512519831962,36.98281424513008,36.65198805933028,36.953792572021484,1404160.0
2017-07-19,36.87833586081704,37.35426061709269,36.87833586081704,37.2672004699707,1422370.0
2017-07-20,37.325246808411045,37.61544410264791,37.19175537299946,37.48195266723633,1425113.0
2017-07-21,37.3658691506075,37.47034133085429,37.20916330903214,37.44712448120117,1235990.0
2017-07-24,37.42391609480626,37.45873773170856,37.035048980380886,37.32524871826172,1187393.0
2017-07-25,37.27881865435801,37.60384003972643,37.23238494605228,37.371681213378906,1397468.0
2017-07-26,37.16273673057889,37.51677733812398,37.052459716796875,37.052459716796875,1728324.0
2017-07-27,37.22658080965176,37.22658080965176,36.46626105331193,36.889949798583984,2031534.0
2017-07-28,37.23238289204979,37.325247874742885,36.739048449271245,36.855125427246094,1507827.0
2017-07-31,36.93638259840387,37.33685693591338,36.93638259840387,36.97120666503906,1845154.0
2017-08-01,37.087277785115084,37.38908467594149,36.75064926423461,37.2672004699707,1535581.0
2017-08-02,37.19175370548272,37.58061835378053,37.16853685431487,37.53998947143555,1410194.0
2017-08-03,37.58062087501094,37.78956283435925,37.23238265690033,37.360069274902344,1726897.0
2017-08-04,37.49356764273836,37.539998927975375,37.16274382462626,37.20917510986328,1530425.0
2017-08-08,37.13951373144701,37.302024386257145,36.6926106451165,36.82029724121094,1741049.0
2017-08-09,36.73904945328548,36.96540345259453,36.62877243512345,36.68681335449219,1004304.0
2017-08-10,36.73903587397013,36.831898396082416,36.27471840582006,36.30373764038086,1612700.0
2017-08-11,36.26893288053306,36.46046527386689,36.14705105902533,36.29795455932617,1020210.0
2017-08-14,36.47206124992949,36.866730700431454,36.2805313444076,36.605552673339844,1402624.0
2017-08-15,36.59975426417462,36.71002885677839,36.36179304552488,36.46626281738281,1125741.0
2017-08-16,36.49527743052132,36.640376061933075,36.10060798725982,36.1296272277832,1348871.0
2017-08-17,36.11802703562179,36.164458315240495,35.943906701057564,36.05998611450195,946053.0
2017-08-18,35.98453065004139,36.210884625113756,35.74656703506124,36.14704132080078,988068.0
2017-08-21,36.118020451646125,36.15864690310843,35.856842426205375,35.93229293823242,735868.0
2017-08-22,35.92069331307529,36.41403022726324,35.88006442423846,36.33857727050781,867837.0
2017-08-23,36.216687900942034,36.84931852594019,36.19347105091129,36.74484634399414,888680.0
2017-08-24,36.71581690377,36.83770108218221,36.47785579383365,36.79126739501953,808489.0
2017-08-25,36.77387490532546,36.82610857729246,36.454655908752635,36.5010871887207,745741.0
2017-08-28,36.4952755519053,36.55911884928831,36.286331201784876,36.37919616699219,626497.0
2017-08-29,36.17605854706429,36.53590393066406,35.98452864479838,36.53590393066406,873102.0
2017-08-30,36.53591192953556,36.66940337990209,36.3501843774436,36.61136245727539,1130568.0
2017-08-31,36.50108762568674,36.89575715333297,36.28634082806775,36.802894592285156,1697827.0
2017-09-01,36.80869569298525,36.80869569298525,36.4430478536905,36.53010559082031,888899.0
2017-09-05,36.547522115592926,36.58234618624273,35.92649852286103,36.1934814453125,1397578.0
2017-09-06,36.26312102821276,36.66359288857971,36.176060872135174,36.18186569213867,1088334.0
2017-09-07,36.170256360642476,36.48367049640005,36.12382508660339,36.21669006347656,1327699.0
2017-09-08,36.03096886056909,36.30955898248041,35.99614479173075,36.036773681640625,1081971.0
2017-09-11,36.10061977327022,36.38501230931866,36.10061977327022,36.29795455932617,978305.0
2017-09-12,36.263127474140795,36.59395369724645,36.21669619224438,36.58234405517578,1120476.0
2017-09-13,36.593946817941266,36.6113564201836,36.37920005434465,36.41982650756836,996076.0
2017-09-14,36.448839233743186,36.53589937336591,36.30954543914136,36.332759857177734,1137918.0
2017-09-15,36.41982695299034,36.41982695299034,36.15864891303168,36.22249221801758,7583561.0
2017-09-18,36.25731911058868,36.47787071404195,35.967121805493214,36.077396392822266,1515286.0
2017-09-19,36.13544179575321,36.350186176594256,36.04838162190179,36.280540466308594,838218.0
2017-09-20,36.2747335862139,36.675205505609235,36.19928305902212,36.263126373291016,1864461.0
2017-09-21,36.25151020068017,36.431432898149964,35.717546928084126,35.76978302001953,1713514.0
2017-09-22,35.70013119440165,35.83942742511407,35.177775186819375,35.537620544433594,2446529.0
2017-09-25,35.58406088071645,36.08320259625467,35.53182720968164,35.984535217285156,2072672.0
2017-09-26,36.083197087828786,36.083197087828786,35.798802206921735,36.04256820678711,1456048.0
2017-09-27,36.1180275778968,36.17026125025501,35.92069281495808,36.08900833129883,1728872.0
2017-09-28,36.01570990300683,36.22091200781194,35.95708213217989,36.17987060546875,1365107.0
2017-09-29,36.23851976774832,36.33818653954818,36.12712301943331,36.156436920166016,1403063.0
2017-10-02,36.08020374855044,36.3850750460976,36.06261492548212,36.14469528198242,1355782.0
2017-10-03,36.07434864912529,36.203331738178534,35.863282735995256,35.898460388183594,1527134.0
2017-10-04,35.933643277060426,35.933643277060426,35.64636071129334,35.699127197265625,1450892.0
2017-10-05,35.47046330447589,36.11538108675243,35.47046330447589,36.08606719970703,1453854.0
2017-10-06,35.892594561697834,36.20918848461099,35.88086704347461,36.20332717895508,929049.0
2017-10-10,36.349904693904364,36.43784637343669,36.162291361347805,36.29713821411133,1188051.0
2017-10-11,36.379221013744065,36.68995369975562,36.36163218597313,36.619598388671875,1290511.0
2017-10-12,36.602005574562924,36.85410797249746,36.52578651648018,36.59614181518555,1028767.0
2017-10-13,36.77789157777611,36.8599719422489,36.648908498383996,36.742713928222656,798287.0
2017-10-16,36.795484690425745,36.924467784848595,36.78375962369352,36.824798583984375,647120.0
2017-10-17,36.81893650593267,37.14139671017722,36.67236457798741,37.129669189453125,1014067.0
2017-10-18,37.13553287149945,37.17071052668512,36.22092365049685,36.326454162597656,1237197.0
2017-10-19,36.22677543270026,36.57268567980486,36.203325304379426,36.531646728515625,807502.0
2017-10-20,36.537511557136355,36.72512486907218,36.20919010134052,36.273681640625,1198911.0
2017-10-23,36.232635513778824,36.35575726206043,35.89258905999802,36.02157211303711,986642.0
2017-10-24,36.04503312878013,36.10366336825536,35.58772854677123,35.704986572265625,1537775.0
2017-10-25,35.58771547259303,35.681520877143996,34.72587065123372,35.013153076171875,3155850.0
2017-10-26,34.93108203943025,35.28871738632774,34.901765695924965,35.19491195678711,1905489.0
2017-10-27,35.265268984744516,36.039169950038996,35.106969554495414,35.822242736816406,1982937.0
2017-10-30,35.78706946674102,36.039174361993034,35.72843922313402,35.816383361816406,1291937.0
2017-10-31,35.822233671281495,36.138829998202716,35.822233671281495,35.91017532348633,1632665.0
2017-11-01,35.93949727422365,36.291268844895086,35.93949727422365,36.20332717895508,1542492.0
2017-11-02,36.29127163885204,36.31472422364834,35.816378264465975,35.927772521972656,1471735.0
2017-11-03,35.93949842321095,35.9570872476524,35.64635216700525,35.857418060302734,918408.0
2017-11-06,35.892597606316286,36.279546857569294,35.892597606316286,36.18574142456055,1135944.0
2017-11-07,36.19160436318077,36.89515250284849,36.17401799047229,36.70167541503906,1587798.0
2017-11-08,36.53750921664692,36.59027568726028,36.12710742319129,36.30885696411133,1100181.0
2017-11-09,35.90431962646536,36.484745907565646,35.78119785931137,36.20332717895508,1487422.0
2017-11-10,36.29126446111288,36.871690672100925,36.261950576007166,36.754432678222656,2212320.0
2017-11-13,36.59028242613588,36.97137040169917,36.5433797058822,36.912742614746094,1257820.0
2017-11-14,36.87169934626592,37.1296655214121,36.83652169448126,37.029998779296875,1771765.0
2017-11-15,37.0065433090127,37.04758226392522,36.74271339464893,36.87169647216797,1499709.0
2017-11-16,36.88342367176601,37.10621464410992,36.82479588893946,37.01240921020508,1439703.0
2017-11-17,36.8423858991439,37.06517687865164,36.08607373700908,36.666500091552734,2373030.0
2017-11-20,36.525785787997236,37.528338960730146,36.355763757458,37.23519515991211,2518493.0
2017-11-21,37.49316386877402,38.21430080838478,37.381769609420004,37.66905212402344,2748643.0
2017-11-22,37.65146284664108,37.79803475528596,36.85410930829528,36.930328369140625,1997966.0
2017-11-23,36.86583647987036,36.98895580245058,36.74271470383427,36.8834228515625,621121.0
2017-11-24,36.93619443240421,37.270379702952376,36.87170288243263,37.217613220214844,962288.0
2017-11-27,37.17069850011438,37.28795649497575,36.936182510391646,37.22346496582031,1698814.0
2017-11-28,37.39349092617572,37.72181234357379,37.164836232279086,37.258644104003906,1158322.0
2017-11-29,37.38177265363628,37.38763641377409,36.10366431317162,36.314727783203125,2193122.0
2017-11-30,36.367492776208074,36.80720852523874,36.261959818781826,36.27954864501953,3109995.0
2017-12-01,36.26782029954118,36.35576442277829,35.91604626004852,36.15056228637695,2606362.0
2017-12-04,36.150566396829205,36.29127455655182,35.91018658380096,36.20919418334961,1366862.0
2017-12-05,36.23263773853304,36.40852350770832,36.05675196935778,36.285404205322266,990810.0
2017-12-06,36.23851312132108,36.742720463200854,36.05676353527321,36.55510711669922,1484899.0
2017-12-07,36.537511640404446,37.04758264992512,36.467158795042,37.04172134399414,1236538.0
2017-12-08,36.95964226017843,37.1062141688233,36.56682925059544,36.930328369140625,1850091.0
2017-12-11,36.9244683568804,37.059315213486464,36.70167736477993,36.81893539428711,1176642.0
2017-12-12,36.85996612532048,36.912732591323504,36.543369782757786,36.625450134277344,1410852.0
2017-12-13,36.66063291213987,36.97136553973128,36.63718032836914,36.63718032836914,2057094.0
2017-12-14,36.57268522779984,36.71339580980805,36.1681472114373,36.238502502441406,1745766.0
2017-12-15,36.3616286443845,36.49061173317104,36.062621054857885,36.10952377319336,5139994.0
2017-12-18,36.144694629950756,36.52578251828228,36.144694629950756,36.238502502441406,1368069.0
2017-12-19,36.338172876517206,36.5316499462111,36.10365930537517,36.21505355834961,2083093.0
2017-12-20,36.232635513778824,36.349893503847625,35.93949176533448,36.02157211303711,1222497.0
2017-12-21,36.00399363857013,36.379217842547874,35.81051900341136,36.27954864501953,1054546.0
2017-12-22,36.291275577206015,36.344042058632034,36.07435079821488,36.16229248046875,1311025.0
2017-12-27,36.05675796265521,36.22091869542679,35.833966994776134,36.015716552734375,790279.0
2017-12-28,36.0719824315514,36.178600117421,35.90021031943061,36.17267608642578,786001.0
2017-12-29,36.20229950842025,36.24968433112463,35.96537291622377,36.23783874511719,884621.0
2018-01-02,36.12529314673922,36.610991831971674,36.08382988497189,36.54583740234375,933218.0
2018-01-03,36.63468725162366,36.865689797782466,36.52806954785446,36.69392013549805,1134188.0
2018-01-04,36.6583784078076,36.83015053708443,36.46883666244438,36.6524543762207,1110274.0
2018-01-05,36.551761758220245,36.56953137481558,36.1845263201491,36.37998962402344,1301920.0
2018-01-08,36.38591477075453,36.539917293075106,36.154912226610904,36.285221099853516,860597.0
2018-01-09,36.40959973868747,36.44513896449355,36.02459476402005,36.16082763671875,923345.0
2018-01-10,36.05422427484745,36.16676354880187,35.17759877869878,35.28421401977539,2218353.0
2018-01-11,35.485590531487716,35.60405380205868,35.017661480268316,35.43820571899414,1522636.0
2018-01-12,35.47967048144932,35.68698184787858,35.27828562542361,35.35528564453125,1370702.0
2018-01-15,35.27235957981148,35.55074691772461,35.18351150231826,35.55074691772461,1792717.0
2018-01-16,35.65143800752829,35.66920762174509,35.21904819270974,35.373050689697266,1938838.0
2018-01-17,35.34344351096789,35.46190680639885,35.14205615660272,35.432289123535156,1643635.0
2018-01-18,35.44414138793945,35.65145032050179,35.29013883776393,35.44414138793945,2291194.0
2018-01-19,35.46190680639885,35.66921571439707,35.349365064600946,35.432289123535156,2135530.0
2018-01-22,35.45005758540116,35.521136056076074,35.30197909061144,35.39082717895508,2021003.0
2018-01-23,35.43228810998756,35.47967293106957,35.082822265998885,35.21905517578125,2217586.0
2018-01-24,35.242746879309415,35.242746879309415,34.792587385879465,35.10651397705078,2604607.0
2018-01-25,35.15981662456553,35.21312298676315,34.141034531935375,34.188419342041016,3508096.0
2018-01-26,34.35427712546068,34.372046744106335,33.77380869994348,33.904117584228516,3164735.0
2018-01-29,33.80342245077028,33.93373132945019,33.329569278834725,33.453956604003906,2870630.0
2018-01-30,33.40657226632453,33.40657226632453,32.97418235607521,33.116336822509766,3648074.0
2018-01-31,33.15779963520614,33.78565285767424,33.07487557792404,33.54280471801758,3168136.0
2018-02-01,33.643490794170326,33.667181960228646,32.855711188588145,32.88532638549805,2411425.0
2018-02-02,32.630630880934845,32.89125106342158,32.245625877509895,32.642478942871094,2800312.0
2018-02-05,32.48255549667095,32.53586434441974,31.88431754439667,32.26340103149414,2776507.0
2018-02-06,31.872471803447244,32.57732744775674,31.315694638596387,32.3463249206543,3343656.0
2018-02-07,32.38186378343724,32.6839447935373,32.23970932621779,32.37594223022461,2766524.0
2018-02-08,32.411481739079726,32.411481739079726,31.392699445006222,31.434160232543945,2079254.0
2018-02-09,31.42824286476305,31.570397342119648,30.830002313030704,31.380855560302734,2212978.0
2018-02-12,31.540768461062456,32.002773410508595,31.38084195486469,31.89615821838379,2503903.0
2018-02-13,31.742165275108146,32.079785522023386,31.63554757229035,32.03239822387695,1870714.0
2018-02-14,31.813248440318983,32.18048645107329,31.57632428952186,31.771787643432617,2411755.0
2018-02-15,32.399638711937236,33.65534777726833,32.31079309111287,33.3651123046875,3484401.0
2018-02-16,33.596108657262626,34.229883340537256,33.29402767592168,34.123268127441406,2830370.0
2018-02-20,34.00480909775432,34.158811623316055,33.56057361725747,33.69680404663086,1680823.0
2018-02-21,33.75012245591266,34.39574794394085,33.726431278302115,34.075897216796875,1863255.0
2018-02-22,34.188436507134966,34.29505424240803,33.97520351526405,34.075897216796875,2161748.0
2018-02-23,34.22396629681317,34.51419925374546,34.08773338782781,34.50235366821289,1591089.0
2018-02-26,34.579354460221,34.72743294741348,34.31281020886526,34.53196716308594,1512763.0
2018-02-27,34.4905073382918,34.798509906212765,33.821190872017596,33.94557571411133,1912729.0
2018-02-28,34.004811017889274,34.111428728992614,32.83202611045108,32.87348937988281,2642234.0
2018-03-01,32.8675593617163,33.353258048274945,32.790559347947834,33.15187072753906,2025172.0
2018-03-02,32.94455661894429,33.39471600340605,32.94455661894429,33.27625274658203,1723168.0
2018-03-05,33.24071267869064,33.89225933536279,33.19332787289746,33.77379608154297,2002574.0
2018-03-06,33.83896041989731,33.83896041989731,33.63757307723034,33.720497131347656,1530534.0
2018-03-07,33.578349038640376,33.702733904062086,32.89126282625281,32.96234130859375,3249204.0
2018-03-08,32.974187102871674,33.18742007255673,32.93272382835447,33.104496002197266,1128155.0
2018-03-09,33.222949788261275,33.28218018781765,32.72540550876045,33.21702575683594,1691574.0
2018-03-12,33.21110984230234,33.72642382488927,33.205185809871296,33.679039001464844,1568710.0
2018-03-13,33.72642938322259,33.99889278248542,33.613887620532985,33.963356018066406,1681811.0
2018-03-14,33.99887206479451,34.14695298034301,33.696791161247155,33.8211784362793,2083093.0
2018-03-15,33.92781515134298,34.188432949994166,31.78363243089477,33.104496002197266,4579865.0
2018-03-16,33.12817915322185,33.43618168319155,32.96233106508259,33.0926399230957,8448765.0
2018-03-19,33.169635364099,33.21109861975595,32.192316585031826,32.45293426513672,1952112.0
2018-03-20,32.447026678824926,32.67210523057759,31.256472035967754,31.404550552368164,3317438.0
2018-03-21,31.39269648096614,32.15678250970907,31.037306650447064,32.10347366333008,2628851.0
2018-03-22,31.700694253477568,31.884311933181852,31.297919668490895,31.321613311767578,2382794.0
2018-03-23,31.108386993408207,31.286080680075763,30.930690828066282,31.108386993408203,2375554.0
2018-03-26,31.374930026208656,31.694780658030073,30.687843942791257,30.841846466064453,1772313.0
2018-03-27,30.90107657055217,31.671086700754113,30.889230985392363,31.096542358398438,2596160.0
2018-03-28,30.98850108077563,31.450658650744796,30.98850108077563,31.288604736328125,2109092.0
2018-03-29,31.438654910124267,32.008847578588664,31.24658887440518,31.978837966918945,2628631.0
2018-04-02,31.834789346186593,31.834789346186593,31.156561540693417,31.312612533569336,2173376.0
2018-04-03,31.39663966888128,31.39663966888128,30.352286086503877,30.69440269470215,2691051.0
2018-04-04,30.37629474088417,31.25259146704823,30.178225780276264,31.192569732666016,2419324.0
2018-04-05,31.384642817122423,32.158905029296875,31.210583013500564,32.158905029296875,2690831.0
2018-04-06,32.04486340290276,32.23092653069142,31.63072167733193,31.798778533935547,1979646.0
2018-04-09,31.924823149387223,32.158902168365934,31.630722387881637,31.86480140686035,2155057.0
2018-04-10,32.18891350159116,32.18891350159116,31.69674874970616,31.822790145874023,1443104.0
2018-04-11,31.864792323361538,32.05685832833711,31.738750969849868,31.762760162353516,1650107.0
2018-04-12,31.846785331531052,32.00283627604712,31.74475066920978,31.91280746459961,1286123.0
2018-04-13,31.97284337311084,32.20692242383943,31.870808657492166,32.04486846923828,1483912.0
2018-04-16,32.0268616155905,32.555041458156836,32.02085868712665,32.453006744384766,1327589.0
2018-04-17,32.65106919085321,33.13123308116807,32.56704076121663,32.93916702270508,1703312.0
2018-04-18,33.197263288579514,33.69543105946953,33.1312411144058,33.64741516113281,3575342.0
2018-04-19,33.64139566057826,33.851467937968685,32.987174658591584,33.15523147583008,2449382.0
2018-04-20,33.329294663158784,33.37130761596725,32.87314003899405,33.19725036621094,1295118.0
2018-04-23,33.143236503248374,33.389318865020904,33.02919845811892,33.377315521240234,1352930.0
2018-04-24,33.335297858950696,33.419328794946736,32.59104789482863,33.023193359375,2459803.0
2018-04-25,32.98118076503021,33.05920626285919,32.70508629139901,32.85513687133789,1931927.0
2018-04-26,32.9271658790964,33.25127376386157,32.73509980779984,32.861141204833984,3408050.0
2018-04-27,33.58137585782247,33.58137585782247,32.26092802450846,32.759098052978516,2229214.0
2018-04-30,32.711088073565165,32.885147858706745,32.35096767134252,32.67507553100586,2134872.0
2018-05-01,32.69907395282734,33.07720301338932,32.62704889144708,33.01118087768555,1329674.0
2018-05-02,32.861139323561986,33.0952208549259,32.78911674867374,33.01719284057617,1886950.0
2018-05-03,32.96918046521895,33.08321852331722,32.76511103931387,33.06521224975586,1635079.0
2018-05-04,32.99917878779401,33.323289089264996,32.921153303527795,33.1312255859375,1337792.0
2018-05-07,33.28128615005973,33.455343438342226,33.09522300544467,33.371315002441406,1788000.0
2018-05-08,33.383315785046406,33.56937890138286,33.27527816458587,33.557373046875,2026598.0
2018-05-09,33.6113979890726,33.95951508792431,33.46735031386394,33.54537582397461,1911961.0
2018-05-10,33.59938649285682,33.59938649285682,33.23926362467266,33.521358489990234,2469128.0
2018-05-11,33.569380813858345,33.62940004307685,33.43133357263356,33.58738708496094,1895726.0
2018-05-14,33.71342356007771,33.74943609703706,33.50935419176456,33.65940475463867,2205738.0
2018-05-15,33.67141376982068,33.72543258436155,33.24527120459716,33.377315521240234,2240732.0
2018-05-16,33.31129091979013,33.38931641616976,32.7951170348559,32.82512664794922,2503683.0
2018-05-17,32.93915681338618,32.945159739244374,32.26092665878868,32.38697052001953,2682714.0
2018-05-18,32.38097205889154,33.12522445380981,32.32695325377299,33.09521484375,2598464.0
2018-05-22,33.293290877637936,33.44334148285893,32.95717712007322,33.06521224975586,1776043.0
2018-05-23,32.771108374108145,32.87314306964463,32.26093489642572,32.54302978515625,2252251.0
2018-05-24,32.645062417469745,32.68107495616952,32.17690443774253,32.38097381591797,1846800.0
2018-05-25,32.17690654329683,32.5790423989506,32.17690654329683,32.42298889160156,1704409.0
2018-05-28,32.447001299839265,32.55503893369747,32.2909477770503,32.392982482910156,426733.0
2018-05-29,32.296949492865046,32.428993810390004,32.18291144697397,32.33296203613281,2961242.0
2018-05-30,32.34496800946826,32.609059177672655,32.236930370882085,32.525028228759766,2389376.0
2018-05-31,32.37497872914342,32.615060704159205,32.248937324855746,32.57904815673828,3833467.0
2018-06-01,32.699081291283534,32.74709717241816,32.20691411420498,32.26093292236328,1565748.0
2018-06-04,32.33296023705637,32.585045514218876,32.218922197510615,32.36897277832031,1625206.0
2018-06-05,32.46500650780324,32.819126502703945,32.45300316388541,32.65106964111328,1755310.0
2018-06-06,32.56703085792219,32.56703085792219,31.96682868922908,32.152889251708984,2132678.0
2018-06-07,32.24293708317087,32.525032045894136,31.98485132462408,32.398990631103516,2420201.0
2018-06-08,32.40498624667677,32.47700881958008,32.218923119279935,32.47700881958008,1351504.0
2018-06-11,32.555039712244785,33.155242105760934,32.35097029564479,33.05320739746094,2588042.0
2018-06-12,33.131226936564964,33.13722735148564,32.66906940343411,32.705081939697266,1238842.0
2018-06-13,32.72909316758955,32.81912452074941,32.344963580249306,32.36897277832031,1286452.0
2018-06-14,32.477002593541556,32.84912877699637,32.29694242827412,32.729087829589844,1172364.0
2018-06-15,32.68709020291804,33.02920693782449,32.66308099750749,32.92116928100586,5622454.0
2018-06-18,32.9211637523993,33.98352381929849,32.9211637523993,33.95951461791992,3569857.0
2018-06-19,33.79745737823706,34.11556482331405,33.46134366180212,33.9835205078125,2128509.0
2018-06-20,34.09154885500787,34.883817044018365,34.09154885500787,34.823795318603516,4264258.0
2018-06-21,34.71577109847084,34.8598187635249,34.319635624122846,34.54771423339844,2490739.0
2018-06-22,34.889823434494375,35.11189908436701,34.49369052797966,34.61973190307617,2600219.0
2018-06-25,34.4997056016335,34.58973446934675,33.94151607273076,33.96552276611328,2645086.0
2018-06-26,34.07354205362859,34.57170955715997,34.02552618106124,34.307621002197266,2886536.0
2018-06-27,34.499698004676524,34.50569842085791,34.0795533344553,34.28362274169922,2354601.0
2018-06-28,34.241082023997585,34.429420183715585,34.05274386427959,34.235008239746094,1937083.0
2018-06-29,34.41728305360129,34.660300617615476,34.210718378428936,34.5570182800293,2393435.0
2018-07-03,34.64207047173984,34.77572935494727,34.447655932821995,34.52663803100586,1595038.0
2018-07-04,34.52665186044176,34.69676369673332,34.332237243652344,34.332237243652344,435399.0
2018-07-05,34.563086181408245,34.70282138404311,34.101356447757304,34.180335998535156,1889144.0
2018-07-06,34.16211237474297,34.73927713180501,34.07705648904544,34.678524017333984,1276579.0
2018-07-09,34.78787569006517,34.78787569006517,34.38082275637165,34.57523727416992,1171596.0
2018-07-10,34.678534013947726,34.6846078017076,34.44159273137389,34.4841194152832,1162710.0
2018-07-11,34.38691008162164,34.80611326224819,34.174269055323045,34.666378021240234,2797240.0
2018-07-12,34.66029876667865,35.018748764618586,34.32614899840423,34.88508987426758,1530754.0
2018-07-13,34.945845072363426,35.0430510816093,34.654224502228736,34.75143051147461,956913.0
2018-07-16,34.629931831356046,34.714985201216834,34.386914212789854,34.70283508300781,825163.0
2018-07-17,34.629919386703854,34.69067249831428,34.30791975949916,34.38690185546875,1321666.0
2018-07-18,34.38690471382419,34.44765783048461,34.18034004934367,34.247169494628906,1566845.0
2018-07-19,34.660300873245895,36.154854072401534,34.65422454426176,36.09410095214844,3707312.0
2018-07-20,35.84500529396293,35.84500529396293,35.24353778068056,35.2739143371582,2400236.0
2018-07-23,35.371124982675056,35.44403076171875,35.15848651699374,35.44403076171875,1570026.0
2018-07-24,35.29821486381584,35.589835401739606,35.12202930931789,35.389347076416016,1684334.0
2018-07-25,35.38934392933359,35.49870257472882,35.12809997137604,35.41364669799805,1815096.0
2018-07-26,35.33467267858406,35.66274614731917,34.976222648876494,35.54731369018555,1450344.0
2018-07-27,35.52908746477338,35.52908746477338,34.79396095575059,35.00659942626953,1541943.0
2018-07-30,35.13418604728583,35.194939172208386,34.8243390084274,35.07343292236328,1017468.0
2018-07-31,35.01875186815565,35.601993025374256,35.01875186815565,35.54731369018555,1776701.0
2018-08-01,35.41365057030978,35.553385785017525,35.09165346907708,35.46225357055664,1348103.0
2018-08-02,35.23139124355125,35.92399108896173,34.8486409721798,35.814632415771484,2154727.0
2018-08-03,35.626293412380164,36.00904621797124,35.571614076953274,35.69312286376953,1719328.0
2018-08-07,35.79639938463672,35.96043736424338,35.207084533922604,35.23746109008789,3816902.0
2018-08-08,35.279993221609544,35.37719922633971,34.80003444185928,35.146331787109375,1643964.0
2018-08-09,35.12810357600658,35.62628877437794,35.006594805008916,35.395423889160156,2033948.0
2018-08-10,35.316443385772764,35.352896272959185,35.06735204652814,35.12810516357422,1467457.0
2018-08-13,35.158479958331725,35.16455374385427,34.824330228313706,34.994441986083984,1312451.0
2018-08-14,35.08557866975225,35.24354033423649,34.9762200076331,35.146331787109375,1673693.0
2018-08-15,34.90331764278277,35.024828974162006,34.53879381823383,34.93369674682617,1939935.0
2018-08-16,34.951923115854115,35.182788034737065,34.872941004870064,35.01267623901367,1604033.0
2018-08-17,35.05519836679763,35.25568668353814,34.55093686852697,35.19493103027344,1905270.0
2018-08-20,35.17670905398516,35.53515649553696,35.055200283209736,35.474403381347656,1859196.0
2018-08-21,35.52908064365093,35.57768364065562,34.94583959480127,34.97014236450195,1462082.0
2018-08-22,35.158484444498356,35.26784056422056,34.99444645131963,35.146331787109375,1390777.0
2018-08-23,35.09773039363444,35.45618041270497,35.03697727349238,35.31037139892578,1439264.0
2018-08-24,35.38934611063304,35.47440199260642,35.030896140716926,35.12202835083008,1684992.0
2018-08-27,35.115958710042484,35.328599726668834,34.97014968849083,34.9822998046875,1394287.0
2018-08-28,35.08558525744045,35.09166158727583,34.587399940464124,34.733211517333984,1404489.0
2018-08-29,34.739274085336774,34.76357685443204,34.198562261333926,34.28969192504883,1580996.0
2018-08-30,34.36867790856862,34.5205632410178,34.09528380168072,34.210716247558594,2992287.0
2018-08-31,34.03452585975692,34.27146706417623,33.67607588905138,33.767208099365234,2169427.0
2018-09-04,33.913018966446096,34.034525187937156,33.68822788037363,33.74290466308594,1300384.0
2018-09-05,33.71253073567741,34.32007460247541,33.183968969881434,34.22286605834961,2336281.0
2018-09-06,34.04060734747382,34.289698703557725,33.9190985627704,33.94340133666992,4166187.0
2018-09-07,33.74897802799766,33.82796011590831,33.238642789914046,33.785430908203125,2629509.0
2018-09-10,33.73682984111861,33.87048871457037,33.42698288408231,33.5545654296875,2236893.0
2018-09-11,33.49381334967393,33.870489755006886,33.45736046626794,33.74290466308594,3272570.0
2018-09-12,33.888723324838736,33.888723324838736,33.25687914515891,33.384464263916016,1671938.0
2018-09-13,33.46343945717886,33.524192572758864,33.23257202470173,33.45736312866211,1031729.0
2018-09-14,33.475588066168825,33.530267393169616,33.038158534956025,33.1353645324707,1389021.0
2018-09-17,33.17181243904268,33.64569478380713,33.098906680649264,33.566715240478516,2396177.0
2018-09-18,33.60316923941834,33.876563300107456,33.14751077667217,33.21434020996094,1585275.0
2018-09-19,33.22042809835351,33.232578215253454,32.83767526323045,33.007789611816406,2236235.0
2018-09-20,33.0867627126402,33.15359215611236,32.64933062344434,32.6554069519043,2566432.0
2018-09-21,32.625031955934745,32.63110574228857,32.15114950048817,32.2119026184082,8486173.0
2018-09-24,32.35163886603688,32.41846831482618,32.01748907969334,32.27265930175781,2424699.0
2018-09-25,32.363793208726406,32.497452123762876,32.25443452784345,32.35771942138672,1698485.0
2018-09-26,32.29087731673408,32.52782105116736,31.938503692596854,32.0235595703125,2879077.0
2018-09-27,32.16515754765734,32.44217544990688,32.048191399277414,32.36214828491211,2512788.0
2018-09-28,32.257502162269745,32.448338585577375,32.06666573896212,32.17131805419922,2552061.0
2018-10-01,32.177460339425664,32.682250902616374,32.017403475523636,32.63916015625,1641770.0
2018-10-02,32.86077906320307,33.1193312941338,32.528354030257994,33.07008361816406,2083971.0
2018-10-03,33.06391657433463,33.384030234355286,32.8361464646922,33.10700988769531,2547892.0
2018-10-04,33.24244891584563,33.24244891584563,32.46063536468775,32.84846496582031,2807004.0
2018-10-05,32.81768961827968,33.1254895374246,32.74997373911258,33.10086441040039,1952221.0
2018-10-09,33.1377936921284,33.1377936921284,32.45447812150437,32.565284729003906,2216050.0
2018-10-10,32.46063857214504,32.916184088945364,32.263647865727215,32.380611419677734,2329260.0
2018-10-11,32.20824678753109,32.20824678753109,31.56186484309066,31.57417869567871,2666259.0
2018-10-12,32.005099138240986,32.005099138240986,31.013980843576867,31.568021774291992,2208042.0
2018-10-15,31.611102611567187,32.02971164140652,31.481827808892675,31.765005111694336,1681372.0
2018-10-16,31.85119705081872,32.128220096305526,31.666517596614007,31.9804744720459,2186102.0
2018-10-17,31.998941055445147,32.282118436863136,31.814261610588026,32.251338958740234,1743462.0
2018-10-18,32.085125327185686,32.516045751781306,32.01740944447207,32.39292526245117,2076073.0
2018-10-19,32.49757682797145,33.180895142162754,32.44217222258518,32.891563415527344,2629619.0
2018-10-22,32.95927494544228,33.045459017069646,32.42985666536038,32.460636138916016,2646293.0
2018-10-23,31.869662854624483,31.955846929947995,31.21712407621554,31.549549102783203,4599502.0
2018-10-24,31.86351052106706,31.86351052106706,31.026292196632788,31.069385528564453,2882038.0
2018-10-25,31.27869049111221,31.27869049111221,30.71849262588777,30.816987991333008,2472748.0
2018-10-26,30.780054587461176,30.921643299173766,30.238327448553978,30.644622802734375,2990422.0
2018-10-29,30.82314051629986,31.001665594781556,30.18906992947426,30.361440658569336,3889194.0
2018-10-30,30.2629424041729,30.65692895767806,30.11519937869804,30.595367431640625,2565883.0
2018-10-31,30.743113630949704,31.075536088761034,30.546120350367136,30.55843162536621,2761807.0
2018-11-01,31.069377009815742,31.845033586834415,30.767731497360046,31.346397399902344,3094198.0
2018-11-02,31.531072806979754,31.543384078545195,30.915473163045007,31.241741180419922,3155959.0
2018-11-05,31.254058590659785,31.672667667292295,31.254058590659785,31.54339027404785,2759504.0
2018-11-06,31.629581195492598,32.04819036280054,31.611112992457258,31.97431755065918,1608970.0
2018-11-07,32.165150678986464,32.22055270193367,31.635732389398488,31.93122100830078,2493920.0
2018-11-08,31.925075712479202,32.15284854086701,31.82658032900567,32.14053726196289,1518687.0
2018-11-09,31.62342388336673,31.765012568003154,31.254062433374273,31.592641830444336,2336829.0
2018-11-12,31.826570445608475,31.894286322733134,31.52492746134763,31.77732276916504,1891886.0
2018-11-13,31.875818945903223,32.0235645551716,31.28484166106883,31.389493942260742,1830893.0
2018-11-14,31.67883338885983,32.17746974902451,31.45106058826115,32.03588104248047,2515202.0
2018-11-15,32.042026781722186,32.282113371318886,31.906595038336903,32.26364517211914,2085397.0
2018-11-16,32.319054959195014,32.39908211783103,32.17746626796846,32.35599136352539,2434792.0
2018-11-19,32.34982737900152,32.910022519463716,32.34982737900152,32.76227951049805,2228775.0
2018-11-20,32.68225780811437,33.20551925674776,32.57760809450747,33.125492095947266,3066883.0
2018-11-21,33.24245446241213,33.427136482394204,32.959279658639076,33.199363708496094,4626598.0
2018-11-22,33.31631947352308,33.31631947352308,32.934646823040985,33.08854675292969,492663.0
2018-11-23,33.03314708545249,33.06392656079593,32.25133604635587,32.971588134765625,1219316.0
2018-11-26,32.86077986218328,33.16242542699644,32.64532095256205,32.70072555541992,2469018.0
2018-11-27,32.70688146398028,33.08855420036773,32.68225633616317,32.934654235839844,2187637.0
2018-11-28,32.971593086142825,32.990061289346166,32.58376339499251,32.85462951660156,1505194.0
2018-11-29,32.91618416522708,33.62412499231067,32.817688811789914,33.48869323730469,2227568.0
2018-11-30,33.46406561662014,33.55640661365948,33.15626572798143,33.51947021484375,3349470.0
2018-12-03,33.85805288440983,34.11660510558413,33.420975590477305,34.09197998046875,2265744.0
2018-12-04,34.07351276635314,34.22741271844806,33.79033798799105,33.876522064208984,4141175.0
2018-12-05,34.09197484619918,34.51058387728227,33.90113852768301,34.05503845214844,1376735.0
2018-12-06,33.611814658865434,33.778025894462345,32.97158969134761,33.217830657958984,3055364.0
2018-12-07,33.63028254470967,33.7595573764903,32.743816618895664,32.95927810668945,4954271.0
2018-12-10,32.6330042745893,32.866933941020264,32.12205677010265,32.47294998168945,3882064.0
2018-12-11,32.78074994257218,33.082392905811425,32.4544818547676,32.51604080200195,2881819.0
2018-12-12,32.79305267115985,32.96542076984133,32.75611628199687,32.79920959472656,3352103.0
2018-12-13,32.87924340333533,33.56256158950028,32.786904987778385,33.01467514038086,2951369.0
2018-12-14,32.86693205852023,33.316320590170534,32.79921619014436,32.96542739868164,2566322.0
2018-12-17,32.903877794037484,32.965436755080525,32.078970713669506,32.208248138427734,2636310.0
2018-12-18,32.183608136006384,32.195921983420575,31.37717220795642,31.611099243164062,4409392.0
2018-12-19,31.93121113923984,32.6699311701178,31.728063581569145,32.11589050292969,3590042.0
2018-12-20,32.0112471336374,32.20208347357988,31.032442885872584,31.155563354492188,3348154.0
2018-12-21,31.229433065551984,31.54338726697745,30.656924102285974,30.773887634277344,7323133.0
2018-12-24,30.63230932149598,30.675400078936768,29.653502263885173,29.788936614990234,1456268.0
2018-12-27,30.1644517656368,30.459940438862194,29.487290330166932,30.324508666992188,3563056.0
2018-12-28,30.368209499753405,30.76779055051836,30.24958432436824,30.524295806884766,2081887.0
2018-12-31,30.580493626001672,30.767796709509657,30.15593753151419,30.436893463134766,1807308.0
2019-01-02,30.14968749086111,31.49827518752817,29.95614004948813,31.473302841186523,2637627.0
2019-01-03,30.93635810987744,31.860392245394237,30.90514137595988,31.548219680786133,2468689.0
2019-01-04,31.841670140100337,32.2287650591015,31.723044952075327,32.17881774902344,3135994.0
2019-01-07,32.17881678084242,32.559667294856105,31.9852693271652,32.484745025634766,2420750.0
2019-01-08,32.70326665900704,33.059144816593204,32.60961382471679,32.95924758911133,2218353.0
2019-01-09,33.171528361970424,33.2152338925106,32.53469426130188,32.9904670715332,2517725.0
2019-01-10,32.92179335164465,33.72095827531963,32.76570700360945,33.602333068847656,3463119.0
2019-01-11,33.65227140637045,33.68348814510364,33.29639326920551,33.627296447753906,3050867.0
2019-01-14,33.5211597765152,33.7958738895306,33.439995727622495,33.67724609375,1665246.0
2019-01-15,33.7584142440859,34.21418704207154,33.63354466224801,34.0643424987793,2832783.0
2019-01-16,34.120524693368914,34.18920255233218,33.8770299910962,34.13301086425781,2049854.0
2019-01-17,34.008151051173805,34.33280985128157,33.90201204460233,34.31407928466797,2634665.0
2019-01-18,34.37027676797308,34.63874652613206,34.23292099817177,34.520118713378906,2262563.0
2019-01-21,34.57629922767444,34.5950297913753,34.29534338487791,34.52635192871094,596768.0
2019-01-22,34.301589442691956,34.72614542357261,34.245397748860725,34.58878707885742,1676874.0
2019-01-23,34.701171945466236,34.80106655250155,34.0019044707858,34.23915481567383,1758930.0
2019-01-24,34.27661901182655,34.476410856481046,34.05185481953827,34.41397476196289,1512653.0
2019-01-25,34.482653625371995,34.79482888147662,34.23915885902091,34.54508972167969,1618624.0
2019-01-28,34.33280570787631,34.55132808775733,34.15174445670156,34.47016143798828,4260090.0
2019-01-29,34.588776906450335,35.362966382084274,34.501371114262746,34.99460220336914,2558533.0
2019-01-30,35.12573132590558,35.13821749980785,34.62625301721228,34.719905853271484,1909548.0
2019-01-31,34.85725677395397,35.082020936632205,34.688684305124426,34.88847351074219,2920763.0
2019-02-01,34.95091520317047,35.144462660105546,34.50762858643846,34.54508972167969,1982169.0
2019-02-04,34.613764571709574,34.88223427564919,34.314078128704516,34.80731201171875,2135859.0
2019-02-05,34.87598454278763,35.03207082693277,34.76360377681561,35.01958465576172,1581984.0
2019-02-06,34.91969673556738,35.21313879683191,34.91969673556738,35.02583312988281,1268461.0
2019-02-07,34.99461471849819,34.99461471849819,34.520111406081206,34.96339797973633,1588675.0
2019-02-08,34.92593414938697,34.92593414938697,34.22042232175754,34.47016143798828,2747107.0
2019-02-11,34.339060185002985,34.53884944648895,34.09556538961869,34.114295959472656,1922163.0
2019-02-12,34.3390489044187,34.57005483553536,34.22042113007446,34.52635192871094,2624134.0
2019-02-13,34.59503520752983,34.832285567929176,34.55757407426324,34.751121520996094,1329345.0
2019-02-14,35.30679155036231,35.50033899729361,34.838529996766624,35.18816375732422,2496004.0
2019-02-15,35.4254150390625,35.681395954134096,35.31303164451399,35.4254150390625,2078047.0
2019-02-19,35.46911500904618,35.6439318664787,35.37546480073932,35.525306701660156,2277482.0
2019-02-20,35.5190670702383,36.26828451341499,35.46911976323654,36.25579833984375,2850884.0
2019-02-21,36.21834260824539,36.692846014607674,36.03728130723221,36.617923736572266,3239331.0
2019-02-22,36.79897945354394,36.823951800621536,36.48056243292866,36.66162109375,2350323.0
2019-02-25,36.580458700081245,36.836442251856006,36.54299756505484,36.780250549316406,3169452.0
2019-02-26,36.717805855332486,37.16733414495156,36.71156407610097,36.948814392089844,4089835.0
2019-02-27,36.94257374480756,36.98627926743987,36.4743148445965,36.81146240234375,2228007.0
2019-02-28,36.7427864074707,36.948820020538385,36.66161975065008,36.7427864074707,4291574.0
2019-03-01,36.9051118356304,37.342153958203426,36.86140631701494,37.09241485595703,1821349.0
2019-03-04,37.29221331040474,37.33591622409717,36.986282463690564,37.26099395751953,3602109.0
2019-03-05,37.360894058534484,37.54195273307266,37.2235356883344,37.32343292236328,4214674.0
2019-03-06,37.31718284251022,37.84163344355932,37.310938449860856,37.69179153442383,3710054.0
2019-03-07,37.69803613623939,37.82915010267448,37.41708024945241,37.5606803894043,2501928.0
2019-03-08,37.21103871968409,37.49199454675157,37.0362218767406,37.41707229614258,2090553.0
2019-03-11,37.46701941686999,37.81665571383603,37.4545332460657,37.60437774658203,7316332.0
2019-03-12,37.7854489899614,37.985240853151474,37.65433762092814,37.71052932739258,3052403.0
2019-03-13,37.72301109598976,37.91031414960882,37.53570804237071,37.5606803894043,2018041.0
2019-03-14,37.68555271182593,37.74798880939809,37.510735818971035,37.59189987182617,2013105.0
2019-03-15,37.673056004998145,37.91030631637925,37.573161412070974,37.58564758300781,7061279.0
2019-03-18,37.58565880227512,38.153812408447266,37.52946709721185,38.153812408447266,2290426.0
2019-03-19,38.091370277641786,38.19126487771646,37.779197692871094,37.779197692871094,2892789.0
2019-03-20,37.81042890770743,38.14757657796035,37.641856378939686,37.95402908325195,2982633.0
2019-03-21,37.86036735373461,38.10386211054028,37.76671451930288,37.87285614013672,1570465.0
2019-03-22,37.78544034747939,38.14756285339004,37.685545745091304,37.879093170166016,6849229.0
2019-03-25,37.772958703315204,38.047670199171144,37.65433352216985,38.00396728515625,3882941.0
2019-03-26,37.81666423004691,38.378576008091734,37.81666423004691,38.00396728515625,8772599.0
2019-03-27,38.01645615268612,38.08513403151674,37.71676967564477,37.897830963134766,4235956.0
2019-03-28,37.796682895330775,38.19494036110241,37.7840378696153,38.05586624145508,5706923.0
2019-03-29,38.100120483264746,38.13805027417295,37.56278883314034,37.942081451416016,3932087.0
2019-04-01,38.19494258341349,38.612167612033915,37.9610439843054,38.57423782348633,5968667.0
2019-04-02,38.58687947730398,38.700668840802194,38.35930339571052,38.62480926513672,2686224.0
2019-04-03,38.66905663469088,38.7449162058718,38.47308783940872,38.68170166015625,3950955.0
2019-04-04,38.66273978162968,38.75124173977304,38.30873194905625,38.57423782348633,3047795.0
2019-04-05,38.56791451085675,38.95985212385401,38.42884038600024,38.91559982299805,1441019.0
2019-04-08,38.751241376526146,38.9661750793457,38.66273941921239,38.9661750793457,2493700.0
2019-04-09,38.89663749997341,38.934564642259154,38.56791443693986,38.75756072998047,1521210.0
2019-04-10,38.85238571476958,39.079961798518816,38.73227648243013,38.9661750793457,1965605.0
2019-04-11,39.0167356667413,39.42763805631214,38.95984100134185,39.162132263183594,2045576.0
2019-04-12,39.21271086171217,39.2885677826426,38.94720502494903,39.2253532409668,1365765.0
2019-04-15,39.2380083688565,39.402369934179234,39.13686401115182,39.25697326660156,1176203.0
2019-04-16,39.27593816434663,39.408692448562086,39.193758704387015,39.25697326660156,1711759.0
2019-04-17,39.25696950910876,39.560405198582856,39.193754952944815,39.415008544921875,2116113.0
2019-04-18,39.573040231707296,39.61729252912666,39.2000701869583,39.59832763671875,5163689.0
2019-04-22,39.69316188890706,40.13567174523004,39.61730230056501,40.11670684814453,3031121.0
2019-04-23,40.141977271620355,40.38852084564423,40.07876273419024,40.382198333740234,3567663.0
2019-04-24,40.36956171301836,40.74885428250037,40.318989546780955,40.717247009277344,3089481.0
2019-04-25,40.7235727940002,40.7235727940002,40.40117223225538,40.57185363769531,2492384.0
2019-04-26,40.59081599421777,40.68564046097924,40.318990265173014,40.66667556762695,1967908.0
2019-04-29,40.58449688266851,40.71724849320445,40.363240671238025,40.552886962890625,3934500.0
2019-04-30,40.6224306502897,40.70461010079713,40.205205593290486,40.42013931274414,2291085.0
2019-05-01,40.40748645467727,40.54023804380274,40.21151768159477,40.331626892089844,1811257.0
2019-05-02,40.2367976832541,40.34426450241723,39.90807735989771,40.06611633300781,6109522.0
2019-05-03,39.95866722078897,40.2052082339069,39.18111174241312,39.59201431274414,3986169.0
2019-05-06,39.528793704247164,39.88280152997359,39.3833970660946,39.87015914916992,2860537.0
2019-05-07,39.56040401369623,39.86383969408203,39.49718945942564,39.69947814941406,2318290.0
2019-05-08,39.63625853367877,40.10405569899585,39.58568636763962,39.889122009277344,1924028.0
2019-05-09,39.26329667342174,40.26210582601932,39.26329667342174,39.838558197021484,1359732.0
2019-05-10,39.75005042326895,39.86383714275417,39.212716164746226,39.7943000793457,2738331.0
2019-05-13,39.78165363546507,39.95233501996264,39.43396570852922,39.83222579956055,2016944.0
2019-05-14,40.00290493985638,40.578168895650364,39.9965850730757,40.40116500854492,2714636.0
2019-05-15,40.2431283468288,40.818392335990104,40.236805834278805,40.565528869628906,1695743.0
2019-05-16,40.66667439735374,41.32411784204053,40.64138699181075,41.01436233520508,2312586.0
2019-05-17,40.90689512829694,41.722380273676414,40.88161036674588,41.40629959106445,2654411.0
2019-05-21,41.2672223083539,41.70973205566406,41.19136273869994,41.70973205566406,3203021.0
2019-05-22,41.44423398702714,41.595953154815184,41.12815591467305,41.513771057128906,2220328.0
2019-05-23,41.05861207115339,41.41894238980324,40.82471348966845,41.172401428222656,2230640.0
2019-05-24,41.2545773345472,41.67812216281229,41.24825482233933,41.646514892578125,5752558.0
2019-05-27,41.64652376376873,41.77927538519089,41.29251591277208,41.52009201049805,564297.0
2019-05-28,41.77294489229122,42.310279045672466,41.77294489229122,42.13959503173828,3093101.0
2019-05-29,41.80456353048607,41.943637667912974,41.24194446711243,41.469520568847656,2184017.0
2019-05-30,41.4695126254285,41.60226422376102,41.23561405483015,41.28618621826172,2255213.0
2019-05-31,40.995399948047556,41.66548850240355,40.76782385117708,41.6528434753418,4110459.0
2019-06-03,41.659166818892395,41.690774096370205,40.989080896588725,41.31148147583008,3354297.0
2019-06-04,41.33675262385372,41.94362379130618,41.33675262385372,41.81719207763672,2941057.0
2019-06-05,41.93731024251712,41.98788505511555,41.59594745259656,41.84880828857422,2039872.0
2019-06-06,41.87410024335592,42.14592864763692,41.73502610711086,41.798240661621094,2240403.0
2019-06-07,41.8171927681965,42.15855813620102,41.64651140689542,42.120628356933594,1415569.0
2019-06-10,42.120634503769985,42.120634503769985,41.48847847813264,41.77294921875,1851188.0
2019-06-11,41.82351828411258,41.95626987568194,41.57065483443443,41.722373962402344,1397249.0
2019-06-12,41.48848997535581,41.62124161355036,40.944833103063736,41.26091384887695,1903295.0
2019-06-13,41.39998041831688,41.52641216440335,41.0143653122651,41.4189453125,2449272.0
2019-06-14,41.406303112743906,41.57066465841689,41.12183232598047,41.507450103759766,1250470.0
2019-06-17,41.45687812671184,41.602272132190414,41.24826427547125,41.31148147583008,2617223.0
2019-06-18,41.55802920941168,41.96260930475893,41.55802920941168,41.716068267822266,2894764.0
2019-06-19,41.741335263889056,41.84248222871411,41.43157979363156,41.747657775878906,2139699.0
2019-06-20,41.842485462754304,42.0574191421915,41.558014727664215,41.66548156738281,2290426.0
2019-06-21,41.671814482087214,41.7287065269846,41.53906020471877,41.59595489501953,6293599.0
2019-06-24,41.76031174272559,41.86145873561841,41.29251715153386,41.39366149902344,4570870.0
2019-06-25,41.34940885651991,41.50112802192063,40.99540099778918,41.05229568481445,3904772.0
2019-06-26,41.153439803846936,41.44423044155872,40.793109456579096,41.027008056640625,2318071.0
2019-06-27,41.40433926125994,41.4107356931685,40.89909607776138,41.09735870361328,1373883.0
2019-06-28,41.12293509542045,41.557828191126525,41.084561860348614,41.51945495605469,2513666.0
2019-07-02,41.915977336472224,41.915977336472224,41.26363765369765,41.321197509765625,2251922.0
2019-07-03,41.31480731663087,42.350876853307284,41.28283050609724,42.197383880615234,2205628.0
2019-07-04,42.210168699310366,42.27412230818605,41.70492555440031,41.88399887084961,539614.0
2019-07-05,41.85202073451187,42.04388423136421,41.30840437104401,41.68573760986328,1394945.0
2019-07-08,41.51306353860194,41.62178682565977,41.38515363169089,41.48108673095703,3500417.0
2019-07-09,41.4746885193091,42.19098450254262,41.37236166870344,41.986328125,2380709.0
2019-07-10,42.10144549151062,42.798552140510665,42.03748920619995,42.60029220581055,1538323.0
2019-07-11,42.59390409725461,42.94565704436815,42.45960042162214,42.72821044921875,2209907.0
2019-07-12,42.75377775136597,42.817734029613206,42.08864798031366,42.23574447631836,2489422.0
2019-07-15,42.254939817695394,42.42122296387822,41.9671431969807,42.13982009887695,800262.0
2019-07-16,42.22296535505962,42.2677323528654,41.8584222348871,42.1014518737793,1453744.0
2019-07-17,42.133420701647935,42.382844049359576,41.813647316188444,41.92876434326172,1154154.0
2019-07-18,41.90318719010225,42.069467650462705,41.64097095987087,42.03749084472656,1430159.0
2019-07-19,42.031094744386756,42.29331097668525,41.941560758152235,42.21017074584961,1493566.0
2019-07-22,42.299719512622275,42.75379671078583,42.24855339680224,42.51716613769531,1594051.0
2019-07-23,42.67703843219572,42.79855189435662,42.190981907221,42.30609893798828,1887718.0
2019-07-24,42.24215117168661,42.28691816864008,41.4874845687724,41.736907958984375,3342559.0
2019-07-25,41.70492712701442,41.90318706886867,41.32119743029714,41.80085754394531,4568895.0
2019-07-26,41.922377031223185,42.133427176901854,41.18050062893068,41.250850677490234,3109776.0
2019-07-29,41.32119774026466,41.66015777055854,41.25084769678845,41.61539077758789,2770803.0
2019-07-30,41.47468094494376,41.6665471002037,41.22525761943665,41.32758712768555,2314889.0
2019-07-31,41.44910057512964,41.8712007640399,40.937461062877546,41.32758712768555,1952550.0
2019-08-01,41.55783430196325,42.14621774814395,41.04619466087988,41.56422805786133,3411889.0
2019-08-02,41.788061597195956,42.063067975755054,40.61768872603849,41.052581787109375,2600877.0
2019-08-06,40.45780994097897,41.0781728524453,40.106057029725406,40.8287467956543,4135800.0
2019-08-07,40.52815781078857,40.76479099081126,40.27233801204343,40.6624641418457,3049879.0
2019-08-08,40.73920843407298,40.905491572905426,40.60490477771963,40.675254821777344,1707371.0
2019-08-09,40.74560393704501,41.06537734389657,40.54094756496778,40.611297607421875,1802700.0
2019-08-12,40.98863399371656,41.21887074211041,40.720021331537275,40.84153747558594,1784161.0
2019-08-13,40.75200124292682,41.90318767335417,40.75200124292682,41.87120819091797,2725606.0
2019-08-14,41.346781132537934,41.743301022498464,40.63688158386745,40.675254821777344,1890680.0
2019-08-15,40.53455473366192,40.9118880046675,40.432227883456385,40.675254821777344,2633458.0
2019-08-16,40.96945623284153,41.12934565935825,40.62410235118846,41.078182220458984,2292730.0
2019-08-19,41.34038434988718,41.51945767439256,41.2124744500503,41.436317443847656,2146610.0
2019-08-20,41.46828861207693,41.506661844444245,40.905485664574414,41.0078125,1340424.0
2019-08-21,41.20608170018014,41.57062481347128,41.122941462206505,41.55783462524414,2217476.0
2019-08-22,41.49387730022394,41.66655419302154,41.1932878312582,41.436317443847656,1173132.0
2019-08-23,41.19328476978996,41.7560877519787,41.00142127245949,41.167701721191406,2021113.0
2019-08-26,41.35956922707044,41.564222917126685,41.18689234154409,41.365962982177734,2023417.0
2019-08-27,41.442710310667316,42.01830350942658,41.32119684514354,41.90958023071289,2165259.0
2019-08-28,42.08865994861709,42.79855958394214,41.979936653378076,42.66425323486328,1859415.0
2019-08-29,42.81774059705524,43.45728741963704,42.68983069727263,43.169490814208984,1662065.0
2019-08-30,43.16950188733424,43.65555856065086,42.964848136252684,43.62997817993164,2513227.0
2019-09-03,43.36136052120279,44.41021750241412,43.32938103641328,44.34626388549805,2845947.0
2019-09-04,44.58929378938621,44.928253869380896,43.873000386177566,43.924163818359375,3429661.0
2019-09-05,44.06486408153058,44.307893730666855,43.374153730139845,43.44450378417969,2391241.0
2019-09-06,43.29100919530228,43.438103045137375,42.76657938199762,43.07356262207031,2060605.0
2019-09-09,43.0735661131624,43.38054937811594,42.89449008863552,43.079959869384766,3324788.0
2019-09-10,42.98402393743429,43.04158111772676,42.51075757363635,42.92646408081055,2691599.0
2019-09-11,42.8752995788505,43.02239609441664,42.19098310095419,42.26772689819336,2264866.0
2019-09-12,42.21656570044359,42.49796855959474,42.03749237022529,42.17179870605469,3687895.0
2019-09-13,42.31249044381888,42.657846848580306,41.97992422402467,42.22295379638672,4028623.0
2019-09-16,42.849713106276134,43.04157659854582,42.07586002980273,42.31888961791992,2748314.0
2019-09-17,42.39563666496992,43.06076652242788,42.344473241524106,42.785762786865234,3368339.0
2019-09-18,42.74738967495008,43.335773060790835,42.7282030565605,43.022396087646484,5623880.0
2019-09-19,43.111930465515634,43.278213600967185,42.939253574763285,43.156700134277344,3327640.0
2019-09-20,43.2206535123529,43.93694675367555,43.19507046387806,43.87938690185547,5022176.0
2019-09-23,43.82823109404963,44.26312158301233,43.74508817931308,44.058467864990234,2379174.0
2019-09-24,44.14161012508669,44.32707990732882,43.73229999396454,44.026493072509766,5191772.0
2019-09-25,43.80264213583142,44.1096253478098,43.67473224114617,44.03287887573242,4738162.0
2019-09-26,44.00090998690154,44.39103349625948,43.834626826263275,44.384639739990234,5777899.0
2019-09-27,44.61092455276213,44.66264694192566,44.0872316423221,44.26179504394531,3571284.0
2019-09-30,44.151876635494126,44.79194684465686,44.151876635494126,44.35230255126953,2259601.0
2019-10-01,44.38463631156608,44.55920241976323,43.84154716387128,44.04197311401367,4279068.0
2019-10-02,43.951460568222046,44.02257919566839,43.427767627221435,43.68638229370117,2247095.0
2019-10-03,43.53120429520428,43.83507768916761,43.10449261008648,43.81568145751953,2615797.0
2019-10-04,43.84801929837253,44.294127334071646,43.74457450571753,44.24240493774414,2113151.0
2019-10-07,44.19067709892659,44.475151596477566,43.96439130466662,44.34584426879883,3309759.0
2019-10-08,44.03550788320662,44.27472630771764,43.621726051777785,43.75749969482422,3014117.0
2019-10-09,43.822150677699724,44.50101346120073,43.822150677699724,44.26179504394531,5378591.0
2019-10-10,44.04197271266632,44.1260239621484,43.54414235126794,44.048439025878906,3114493.0
2019-10-11,44.229471063285715,44.34584576823217,43.602330638117294,43.692848205566406,1580996.0
2019-10-15,43.628184974902844,44.02257050480464,43.49887766719061,43.56352996826172,3031998.0
2019-10-16,43.60879734212612,43.73163836172468,43.41483769509836,43.712242126464844,1683676.0
2019-10-17,43.73163524479526,44.07429843586854,43.53120929844254,43.74456787109375,2962010.0
2019-10-18,44.261778706408315,44.261778706408315,43.557056341231956,43.67989730834961,2462107.0
2019-10-21,43.74457194673697,43.89327281289076,43.62819453262989,43.86094665527344,999477.0
2019-10-22,43.97731129646736,44.20359703963604,43.589389401017016,43.595855712890625,876722.0
2019-10-23,43.595860617214335,43.86093885030505,43.51180937568133,43.67344284057617,927294.0
2019-10-24,43.789822393452226,43.80921862664174,43.34371444123404,43.44069290161133,1265060.0
2019-10-25,43.35017951658859,43.46655691966663,42.96872385837103,43.14975357055664,3017847.0
2019-10-28,43.22732955917594,43.31784439653488,42.807081520244495,42.910526275634766,2351090.0
2019-10-29,42.7424430847168,42.99459144872649,42.49029201513643,42.7424430847168,1528121.0
2019-10-30,42.76183265767089,43.13035567541589,42.419169480344706,42.91699981689453,1802152.0
2019-10-31,42.83941448425826,43.072169279274526,42.55494000888757,42.923465728759766,1820910.0
2019-11-01,43.09802743601272,44.074294534328665,43.02690881994799,43.434226989746094,2103607.0
2019-11-04,43.473013248225946,43.50534210293702,42.82001583663652,43.1174201965332,1992042.0
2019-11-05,43.16268285667668,43.214407949886684,41.766167568123805,42.34804916381836,2633897.0
2019-11-06,42.393306934355635,43.22733684091207,42.348048155267335,42.91699981689453,2830809.0
2019-11-07,42.95578709826533,42.99457955978149,41.64978685321406,42.34157943725586,1986448.0
2019-11-08,42.30278337502397,43.18207187969425,42.20580222948837,42.98810958862305,4441643.0
2019-11-11,42.93638861690064,43.427755261066125,42.90406246918826,43.104488372802734,1046648.0
2019-11-12,43.14328507338265,43.83507768916761,43.10449261008648,43.81568145751953,1782077.0
2019-11-13,43.75103420525437,44.0743011825964,43.608796951669525,43.692848205566406,2892460.0
2019-11-14,43.81567321143298,43.94498049622798,43.31784030025073,43.66050338745117,866191.0
2019-11-15,43.699311131493104,44.23593398083685,43.60232995757596,43.970855712890625,1091625.0
2019-11-18,43.96439483318994,44.10016577952864,43.731640001345355,43.91913604736328,969748.0
2019-11-19,43.93205793016002,44.24886125626136,43.751028231122156,43.951454162597656,1103911.0
2019-11-20,43.95791515792811,44.05489630838505,43.64111187014866,43.906192779541016,2310831.0
2019-11-21,43.83508587016502,43.99671936035156,43.5312124194894,43.99671936035156,1243998.0
2019-11-22,44.113094187652486,44.22947159958057,43.576471323426475,43.58940124511719,1956280.0
2019-11-25,43.73809271952384,43.91912239541742,43.58938919170345,43.84153747558594,982364.0
2019-11-26,43.783352120815515,44.0484330485751,43.46008520431994,43.56352996826172,1945859.0
2019-11-27,43.621726326895214,43.84801483154297,43.337251823288206,43.84801483154297,1320020.0
2019-11-28,43.82861217831618,43.951453177287256,43.699304866820796,43.80274963378906,336231.0
2019-11-29,43.783351832158594,43.951451601633245,43.4471549987793,43.4471549987793,1009898.0
2019-12-02,43.68638530509287,43.7057815416944,42.96872996197773,43.41484069824219,1329893.0
2019-12-03,43.2208768304926,43.363114090247876,43.013987254692424,43.110965728759766,1199789.0
2019-12-04,43.207942119811605,43.4665567664711,42.92346763182836,42.936397552490234,1493566.0
2019-12-05,43.059242803702126,43.272601396274055,42.79416452338873,43.214412689208984,1198253.0
2019-12-06,43.42775865980705,43.718699423127646,43.421292347530596,43.54413604736328,1154373.0
2019-12-09,43.51826618584754,43.6798996154489,43.20792924345346,43.66050338745117,1518577.0
2019-12-10,43.589399221607785,44.19714339084638,43.589399221607785,44.03550720214844,2249947.0
2019-12-11,44.08076790946599,44.44282736037515,43.84154947820733,43.99671936035156,1663820.0
2019-12-12,43.964387030115354,44.28765396509653,43.692842480062744,43.705772399902344,2843753.0
2019-12-13,43.73810535792019,43.802757672748236,43.36311327409164,43.4600944519043,2528695.0
2019-12-16,43.51828519802167,44.07430433054001,43.51828519802167,43.94499969482422,2029779.0
2019-12-17,44.04842698795139,44.604445899598325,44.009634530418175,44.300575256347656,2460023.0
2019-12-18,44.22299393544984,44.57858968802517,44.22299393544984,44.546260833740234,3115590.0
2019-12-19,44.53334074079176,44.7014405389959,44.38463717721004,44.59799575805664,2484047.0
2019-12-20,44.423416659141985,45.18632778306329,44.423416659141985,45.134605407714844,5767039.0
2019-12-23,45.17987550346704,45.399697682983366,44.95358701082246,45.2574577331543,2646513.0
2019-12-24,45.21219947133406,45.25745554433201,44.99237730244917,45.15401077270508,516468.0
2019-12-27,45.45141179501811,45.671233947592135,45.21219611657697,45.48373794555664,3234614.0
2019-12-30,45.87585280139368,45.87585280139368,44.74529537275223,44.95441436767578,3034521.0
2019-12-31,44.81717873830633,45.2354194476602,44.699547256897986,45.19620895385742,3933623.0
2020-01-02,45.1962041086104,45.37918457025669,44.457746268850315,44.73221969604492,2692806.0
2020-01-03,44.55577919030901,44.980555911851305,44.41854519080837,44.91520690917969,1743791.0
2020-01-06,44.634197783366396,45.21581372090918,44.62112579575388,45.11779022216797,1908999.0
2020-01-07,45.078575128655956,45.300766078689534,44.60151873234273,44.86945343017578,2288232.0
2020-01-08,44.82370165553637,45.18312927598283,44.82370165553637,45.098175048828125,2149901.0
2020-01-09,45.16353137571405,45.202741866844356,44.77796519256642,45.13739013671875,3048234.0
2020-01-10,45.02628057971884,45.0720270499771,44.62764526906575,44.692996978759766,3712577.0
2020-01-13,44.75181733655253,45.05242923428611,44.55576764461426,44.94133377075195,2408244.0
2020-01-14,44.9936133740605,45.098175579548524,44.71914271226358,45.06549835205078,1551487.0
2020-01-15,44.98054843453567,45.57523629278241,44.94787393863148,45.562164306640625,1652082.0
2020-01-16,45.61444747203612,45.8497076747216,45.50988525494521,45.82356643676758,1405915.0
2020-01-17,45.87583412285926,46.37249837039772,45.74513343688458,46.30061340332031,1899894.0
2020-01-20,46.26794913177267,46.47706808772742,46.15031766800432,46.42478561401367,559470.0
2020-01-21,46.37250211038632,46.73192697476133,46.29408114553189,46.63390350341797,1454183.0
2020-01-22,46.5816313417043,46.87570729023848,46.32676588427138,46.535884857177734,1555985.0
2020-01-23,46.46400714252061,47.15018810949169,46.34637565080116,47.09136962890625,2288342.0
2020-01-24,47.05215724784492,47.31355872916085,46.934525760835065,47.26127624511719,2327395.0
2020-01-27,46.725393621161764,47.411568898209325,46.725393621161764,47.28740692138672,1393190.0
2020-01-28,47.372362304592336,47.83635216604971,47.14364083975643,47.73832321166992,1619282.0
2020-01-29,47.89517380019712,47.99320277225477,47.71219331366091,47.75140380859375,1371469.0
2020-01-30,47.54881266954473,47.712185145921616,47.26126726611112,47.574951171875,1913387.0
2020-01-31,47.378894178747174,47.67297007742178,47.30047320984066,47.42464065551758,2038884.0
2020-02-03,47.44424844146167,47.54881339127022,47.00640254089549,47.30701446533203,2193232.0
2020-02-04,47.55534445806433,47.73179439447536,47.43118246660509,47.48345947265625,1977013.0
2020-02-05,47.63375371585842,47.71217467508926,47.11748695879619,47.4769172668457,1373225.0
2020-02-06,47.470390437289126,47.908236319626326,47.352758975739576,47.81020736694336,1135395.0
2020-02-07,47.73179601641885,48.38529690041675,47.72526002307778,47.8690299987793,2059837.0
2020-02-10,47.842891829384435,48.234991268634644,47.8298198426109,48.07161331176758,1660419.0
2020-02-11,48.18924616649675,48.35262412804967,47.96705520167717,48.03240966796875,2086494.0
2020-02-12,48.27419182661314,48.3199383014572,47.88209246804124,48.2611198425293,1310586.0
2020-02-13,47.71872426308293,48.30687615544723,47.49653330510307,48.29380416870117,1645390.0
2020-02-14,48.20231463829363,48.79700249896721,48.104291150181055,48.76432800292969,1198911.0
2020-02-18,48.59442210892091,49.28713357244133,48.52907310602206,49.051876068115234,1858318.0
2020-02-19,49.1172176773523,49.718441540201766,48.934237215109036,49.47664260864258,1482376.0
2020-02-20,49.58773277071905,49.91448317046328,49.528919777156005,49.70536422729492,3738905.0
2020-02-21,49.587730407714844,50.045184227227594,49.50930944040126,49.587730407714844,1616759.0
2020-02-24,49.24138165647518,49.417826113040796,48.489851881075325,49.11721420288086,2138163.0
2020-02-25,49.143358199445764,49.313272151726785,48.39183380946245,48.555206298828125,2185334.0
2020-02-26,48.58134102874214,48.999578897497415,48.261121165505024,48.58787155151367,3179435.0
2020-02-27,48.24806708514709,48.79700853145038,47.117504223012666,47.620704650878906,2359647.0
2020-02-28,45.94119379440619,46.359437180789406,44.706077083628706,45.7190055847168,6822572.0
2020-03-02,45.7451423350516,46.76460679006659,45.4902769049791,46.405181884765625,3908172.0
2020-03-03,46.98026524322834,47.60762761092048,46.30715639250281,46.34636688232422,4481684.0
2020-03-04,46.954127667292134,48.104292942354775,46.954127667292134,47.8690299987793,3929673.0
2020-03-05,47.52920596748349,48.39836725517733,47.24820201889656,47.901702880859375,3236589.0
2020-03-06,46.75807169136664,47.43771649752156,46.326761796758746,47.31354904174805,2938315.0
2020-03-09,40.51713253174449,44.150603457048945,39.86362889444763,41.954837799072266,6363149.0
2020-03-10,42.96775900590167,43.37292763629298,40.26879341277876,42.57565689086914,7864393.0
2020-03-11,41.39935293020273,42.38614009975149,40.850411614636876,41.41242218017578,4266233.0
2020-03-12,37.24962185748809,37.93579724549676,32.36142349243164,32.36142349243164,8478494.0
2020-03-13,34.63560816741979,38.81801986694336,33.97557137236482,38.81801986694336,8816479.0
2020-03-16,32.93650972482867,37.84431113547065,31.832090802476863,35.354469299316406,5125952.0
2020-03-17,35.779238079632066,41.76531903495947,34.798986779735415,34.9296875,8945157.0
2020-03-18,33.11294809563831,34.93621649417976,30.74726890274323,32.03466796875,6770355.0
2020-03-19,32.28300739281948,36.001432738640936,32.06735241279747,35.16495132446289,3724864.0
2020-03-20,35.125735961790106,38.58276209567602,34.04745847642397,34.49184036254883,7359334.0
2020-03-23,33.91676342166744,35.22376806117486,30.877977429708274,31.662181854248047,6512011.0
2020-03-24,32.707775948156225,36.51769058528685,31.570680121393597,36.347782135009766,7928787.0
2020-03-25,36.34779207606658,40.19038499047726,35.26297842085974,38.39978790283203,15713099.0
2020-03-26,38.18412465666039,40.51712669981717,37.85083825982014,39.87015914916992,3382270.0
2020-03-27,38.42592567907063,39.26240703827713,37.80509655098854,38.04035949707031,12772810.0
2020-03-30,38.17289218830984,39.25976012036962,37.33786072635368,38.61691665649414,2732956.0
2020-03-31,40.09479687689708,42.029950201726805,39.78994566544059,41.4533805847168,8830740.0
2020-04-01,39.92911337095241,41.00272491992567,37.82165130125442,38.3452033996582,16545722.0
2020-04-02,38.34520277115297,40.83704359293661,38.34520277115297,39.69053268432617,5016252.0
2020-04-03,39.783321067428915,40.57858890776983,38.82236976925559,40.194210052490234,2679203.0
2020-04-06,41.30095487337105,42.24865243630227,40.4592978231878,42.07634353637695,4231348.0
2020-04-07,42.75895644673362,43.043928593529195,41.30759112605023,42.401084899902344,4252301.0
2020-04-08,42.8451042175293,43.85907017340102,42.672795316624615,42.8451042175293,3304603.0
2020-04-09,43.1830894989908,44.985700509584845,42.89812018931152,43.92534255981445,2902004.0
2020-04-13,43.87895449183378,44.62120484635613,43.673509999184475,44.0048713684082,3645770.0
2020-04-14,44.52842980294393,44.66760315061215,43.71990817040303,44.16393280029297,3217830.0
2020-04-15,43.43493161772732,43.73978564235596,42.68605300822921,43.037296295166016,2403746.0
2020-04-16,43.216230907576595,43.68676559572227,41.50640106201172,41.50640106201172,3417155.0
2020-04-17,42.42759624634345,42.42759624634345,41.32084598751916,41.93717956542969,5969874.0
2020-04-20,41.01599036920267,42.48060925717596,40.58521945548902,42.043212890625,2989325.0
2020-04-21,40.68462222304199,41.943796397567915,40.29361241125249,41.61906051635742,2920433.0
2020-04-22,42.016702759326584,42.633036272179986,41.360605436183754,42.043212890625,2745572.0
2020-04-23,42.043207077435774,42.513738963063425,41.797998796766095,42.44746780395508,2668343.0
2020-04-24,42.420959027054224,43.10356640884838,42.28841393130114,42.60652160644531,3631070.0
2020-04-27,42.672788807898556,43.030660232633885,42.255271683488054,42.666160583496094,3129302.0
2020-04-28,43.0770564384825,43.534337436506455,42.666167472134646,43.26261901855469,2932391.0
2020-04-29,43.806057783716774,44.886297799382646,43.79280410466486,44.72724533081055,1486216.0
2020-04-30,44.25007278663495,44.654333483278336,42.4540901184082,42.4540901184082,3490654.0
2020-05-01,41.784748157525556,43.35540192108294,41.751609802246094,41.751609802246094,2867339.0
2020-05-04,40.79728762888094,43.070430755615234,40.79728762888094,43.070430755615234,2218024.0
2020-05-05,43.58735810972097,44.26996277065216,43.3288961238022,44.08440017700195,2555900.0
2020-05-06,44.157300527550184,44.48203646014345,42.58001844729405,44.256710052490234,1656799.0
2020-05-07,44.780270446876486,44.99234044109031,42.460734778615404,42.533634185791016,2902772.0
2020-05-08,43.368670849534304,43.388549985778454,42.28180237124798,42.56014633178711,1459559.0
2020-05-11,42.38120358779496,43.73979039414402,42.215522878724336,43.640380859375,1126838.0
2020-05-12,43.627119097407494,44.07776910047362,42.65291415708896,42.67942428588867,1272301.0
2020-05-13,42.63966944566804,42.7854682514349,41.08226630410835,41.2413215637207,2027256.0
2020-05-14,40.79729107428015,40.97622822787068,39.89598817316983,40.962974548339844,1966373.0
2020-05-15,41.00273374423161,41.851021889095726,41.00273374423161,41.55942153930664,1480402.0
2020-05-19,41.970303520468704,41.970303520468704,40.54544868730047,40.67799377441406,2490519.0
2020-05-20,41.08888510293149,41.08888510293149,39.49834673835035,39.54473876953125,3143454.0
2020-05-21,39.47847118841468,39.511606774124104,38.3253317285214,38.4114875793457,2815780.0
2020-05-22,38.31207069975972,39.491717292610446,38.03372684122367,39.03443908691406,2705751.0
2020-05-25,39.412187689601744,40.01526459015816,38.86212549094518,38.974788665771484,643610.0
2020-05-26,39.763443490187136,40.16107884028346,39.33267255424525,39.97551345825195,2212539.0
2020-05-27,39.96225320321542,40.320124682086536,39.08082957018984,40.26047897338867,3052732.0
2020-05-28,40.43278959022834,40.99610557409107,40.359890200942125,40.697879791259766,2349993.0
2020-05-29,40.69124608144801,41.36059694618568,40.05503079404439,41.12201690673828,4724340.0
2020-06-01,41.20155938351827,41.73836535937471,40.29362537828047,40.36652755737305,2624134.0
2020-06-02,40.52557415362683,41.03587269312704,40.40628272154114,40.770782470703125,3578414.0
2020-06-03,41.115386586977856,41.38710496323017,40.89668845973746,41.12864303588867,2307540.0
2020-06-04,40.95634325243861,41.42024973441533,40.856933730116346,41.08226013183594,3234066.0
2020-06-05,41.751604654965924,42.367938051426954,41.32083382260181,41.87752151489258,2860537.0
2020-06-08,42.082961805411024,42.81858653723269,41.957044957976336,42.81195831298828,4138323.0
2020-06-09,42.4143321020376,42.473977809052634,41.367227823271385,41.473262786865234,2825433.0
2020-06-10,41.29432845644474,41.42024532242971,40.29361343383789,40.29361343383789,3213552.0
2020-06-11,39.44533099641305,39.57787609708907,38.51088983930262,38.54402542114258,2519151.0
2020-06-12,39.3989412905698,39.59113211390061,38.4976384353735,39.02119064331055,6640141.0
2020-06-15,38.43799247612821,39.75681255339735,38.11988477240043,39.39894104003906,2966617.0
2020-06-16,40.26048098975265,40.6581162943371,39.80320274679932,40.286991119384766,2671524.0
2020-06-17,40.34663537113565,40.4261629893046,39.61764144897461,39.61764144897461,2396616.0
2020-06-18,39.43207625439157,40.300243451081165,39.352548641468516,39.98213577270508,2983182.0
2020-06-19,40.419537939620675,40.419537939620675,39.299534141402134,39.31941604614258,9666874.0
2020-06-22,39.140481111157335,39.624272304918364,38.842255296545865,39.538116455078125,3210041.0
2020-06-23,39.97550463407476,40.37976812142984,39.68390710569449,40.041778564453125,2444994.0
2020-06-24,39.80982732304864,40.01527180989822,38.29219107458788,38.93503189086914,4516788.0
2020-06-25,38.822373857851225,39.27302669838773,38.444623188563135,38.809120178222656,6672941.0
2020-06-26,38.80911693955487,38.875388105483815,37.66923125370987,37.87467575073242,29527181.0
2020-06-29,37.982232571780926,38.82254870890877,37.89484088631134,38.54020309448242,6922948.0
2020-06-30,38.41246999463199,39.28639803128885,38.23096311905627,38.99060821533203,10810167.0
2020-07-02,39.38051424989834,39.80403405481036,39.08472442626953,39.08472442626953,3646099.0
2020-07-03,39.16539686683362,39.239344325508156,38.76204479054598,39.05783462524414,315168.0
2020-07-06,39.373790789328446,39.528409209293926,38.61414572649813,38.64103698730469,26115072.0
2020-07-07,38.31163743236076,38.6208714996821,37.84778492478473,38.23768997192383,5847339.0
2020-07-08,38.18391127494924,38.59398407798095,37.894842131683745,38.1368522644043,1721083.0
2020-07-09,38.13013637635316,38.17046905924648,37.28309658501276,37.605777740478516,2607788.0
2020-07-10,37.47132569157632,38.20408248901367,37.47132569157632,38.20408248901367,5122332.0
2020-07-13,38.17046464152741,38.889774340962255,38.01584900869322,38.6007080078125,6171612.0
2020-07-14,38.51331036704771,40.05276836900641,38.452807134857665,39.92504119873047,4514484.0
2020-07-15,40.33511945228711,40.97375820361465,40.30150747867793,40.46957015991211,8480907.0
2020-07-16,40.24100165540673,41.034258810247366,40.22755742946362,40.74518966674805,2983292.0
2020-07-17,40.75190970197598,41.17542669507129,40.46284058319243,40.58384704589844,2663845.0
2020-07-20,40.55696078629442,40.98720135145561,39.89815430550642,39.945213317871094,3110434.0
2020-07-21,40.03933323561089,40.88637023904138,40.032609715000454,40.523353576660156,1766060.0
2020-07-22,40.33512313145338,40.64436006851675,40.05277746364322,40.523353576660156,3037922.0
2020-07-23,40.516624704622025,40.516624704622025,40.046048653758675,40.214111328125,2564457.0
2020-07-24,40.16033490871496,40.53007507324219,40.08638743844719,40.53007507324219,2256968.0
2020-07-27,40.30149661999223,40.308217324990295,39.851085604870825,40.29477310180664,2251922.0
2020-07-28,40.07293833350492,40.711577033459385,40.039326362599546,40.4897346496582,1644403.0
2020-07-29,40.69812646113914,41.37037702716608,40.1536030525473,41.24937057495117,1706713.0
2020-07-30,40.563684066254154,41.168710824467894,40.308226886045496,41.1619873046875,1140770.0
2020-07-31,41.01409765272537,41.114936396466334,40.27462009606489,41.04098892211914,1911852.0
2020-08-04,41.101493768596,42.78212080845476,41.0611582695292,42.5871696472168,2159993.0
2020-08-05,42.701447999706645,43.06446182562258,42.46615855169086,42.674556732177734,1916240.0
2020-08-06,42.86278978624006,43.09135572805261,42.600611867852365,43.024131774902344,2349993.0
2020-08-07,43.15857663822984,43.313192272133456,42.88967523573878,43.124961853027344,1248496.0
2020-08-10,43.23924275140813,43.87116073588109,43.158574585048946,43.8106575012207,1201325.0
2020-08-11,43.91822402228407,44.46275040895166,43.54176314120277,43.790496826171875,2218024.0
2020-08-12,44.09972977094411,44.30812794079779,43.6762099114005,44.03922653198242,1960229.0
2020-08-13,43.77032134204945,43.92493977942092,43.50141995646324,43.55520248413086,1053010.0
2020-08-14,43.28629865095216,44.06611149978302,43.198906971512734,43.582088470458984,1233906.0
2020-08-17,43.58881321875544,43.89805008473481,43.37369155374528,43.76359939575195,1132762.0
2020-08-18,43.756873522951274,43.86443294307666,43.5148634210753,43.7367057800293,777773.0
2020-08-19,43.6157095104095,43.92494359885348,43.52159148540125,43.84427261352539,988507.0
2020-08-20,43.7031016716042,43.91149984381374,43.501424206118685,43.629154205322266,948357.0
2020-08-21,43.52831721752839,44.11317626450553,43.293030582614186,43.92494583129883,1375967.0
2020-08-24,44.07284080499681,44.2476270111679,43.64260021635043,43.7299919128418,1774398.0
2020-08-25,43.703100385013556,43.877886578892664,42.98379067673046,43.01740264892578,919944.0
2020-08-26,42.96363199271111,42.97035551384357,42.23087790363423,42.32499313354492,1329564.0
2020-08-27,42.35187578545458,42.66111270413282,41.753572508730215,42.136756896972656,1463508.0
2020-08-28,42.324985797808615,42.324985797808615,41.699791276076866,41.827518463134766,983022.0
2020-08-31,41.706507299978604,41.74012208285175,40.83930272824827,41.00064468383789,2834648.0
2020-09-01,40.832587162929904,41.316607464259626,40.68468941395687,41.02753829956055,2355478.0
2020-09-02,41.02081433758216,41.65945304407766,40.899807865257756,41.04770278930664,3486376.0
2020-09-03,40.940146604739105,41.35021943817646,40.785528148895686,41.02753829956055,1567613.0
2020-09-04,41.02753672404712,41.19559940036577,39.763703485162836,39.998992919921875,3473760.0
2020-09-08,39.857815341281494,40.496454020170766,39.66958493459438,40.07293701171875,3820741.0
2020-09-09,40.46283714582739,41.37037709946229,40.46283714582739,40.906524658203125,3975309.0
2020-09-10,40.94686180387824,41.034253480940585,40.34855584907565,40.38216781616211,2683920.0
2020-09-11,40.46284181816379,40.852749667769444,40.267887893360964,40.66451644897461,2382794.0
2020-09-14,40.6981345137896,40.87291789509967,40.28133818016433,40.35528564453125,2580912.0
2020-09-15,40.496454807554976,41.00064561706055,40.20066496649209,40.27461242675781,3242293.0
2020-09-16,40.48301228630809,40.69141045033612,40.046048212495236,40.14016342163086,2458596.0
2020-09-17,39.83093320908412,40.35528902329257,39.66287052025291,40.281341552734375,3740002.0
2020-09-18,40.43595838778655,40.7519160050261,40.093109503612695,40.65107727050781,9788202.0
2020-09-21,40.32167099752992,40.523345631226576,39.17884150914357,40.00571060180664,4673878.0
2020-09-22,40.07965791205101,41.296434855368986,40.06621368670476,41.12837219238281,3419239.0
2020-09-23,41.2090395851367,41.33676674778227,39.414127349853516,39.414127349853516,2336610.0
2020-09-24,39.37380206328509,39.72337167473717,39.13851260671682,39.427581787109375,3638420.0
2020-09-25,39.31329428516703,40.160331167387646,39.239346821788196,40.14016342163086,4527868.0
2020-09-28,40.469571057925016,40.69813698464053,39.70320228877574,39.79731750488281,7429652.0
2020-09-29,39.763237701061534,39.920001054661846,39.10210604080284,39.46334457397461,1692890.0
2020-09-30,39.572400208310384,39.749611098258264,38.10019302368164,38.10019302368164,6919547.0
2020-10-01,38.14789090866954,38.29783744416832,37.575366217376235,37.684417724609375,3585874.0
2020-10-02,37.48676474575663,38.1478934746199,37.30273710618293,38.106998443603516,4434184.0
2020-10-05,38.35237435096805,38.434164431284565,37.425430565497805,38.10019302368164,7766541.0
2020-10-06,38.50231262596578,38.55002159085059,37.14597131184342,37.50720977783203,5055634.0
2020-10-07,37.52084970611174,38.02521519046288,37.418612110263865,37.93661117553711,2117759.0
2020-10-08,38.18197181196209,39.545127156329926,38.17515787491769,39.47697067260742,3925066.0
2020-10-09,39.41562644210832,39.63373231468648,39.07483833362797,39.13618087768555,3809223.0
2020-10-13,38.843115165941015,39.31340246189896,38.78177260067329,39.06121826171875,4376482.0
2020-10-14,39.183892635562074,39.59965404344151,38.85673522949219,38.85673522949219,6249390.0
2020-10-15,38.7204129820942,39.59964747372235,38.54320500787452,39.41562271118164,3390388.0
2020-10-16,39.29294773875876,39.41562998569045,38.65226364135742,38.65226364135742,2979123.0
2020-10-19,38.8226595873115,38.90444965736121,37.8139258481473,37.916160583496094,4300679.0
2020-10-20,38.20924088525341,38.6250023331587,37.89571417569068,38.48187255859375,3554609.0
2020-10-21,38.270585355576436,38.270585355576436,37.72532198159753,37.74576950073242,3331918.0
2020-10-22,37.786650287471005,38.216045175140415,37.69122951823474,37.92978286743164,2835745.0
2020-10-23,38.16833700829015,38.31146960191545,37.58899554968525,37.73212814331055,2663187.0
2020-10-26,37.5481056057616,37.61626494364262,36.9210550992073,37.30955505371094,2635981.0
2020-10-27,37.043744680707846,37.582191250637486,36.825638766182365,37.377716064453125,2508620.0
2020-10-28,36.866526401262206,37.2891045649122,36.396236419677734,36.396236419677734,2692587.0
2020-10-29,36.33490118126734,36.750662606961114,35.946401210123135,36.00092697143555,3207957.0
2020-10-30,35.885050204387824,35.98728776539427,35.40794634004541,35.741920471191406,4214345.0
2020-11-02,36.123615530070744,36.123615530070744,35.08761740936459,35.13532638549805,2067626.0
2020-11-03,35.626053637829344,35.90549917968381,35.442026020518895,35.78963088989258,2871727.0
2020-11-04,36.05544967607551,36.8392634894453,35.71466155760396,35.89187240600586,2793840.0
2020-11-05,36.30763594960501,36.587084391005725,35.55108639582101,35.63969039916992,2053584.0
2020-11-06,35.72829384963178,35.932769011446936,34.4946403503418,34.4946403503418,2357014.0
2020-11-09,36.123619887919915,36.996037962069224,35.510199949085155,36.389434814453125,3263904.0
2020-11-10,36.764299387033326,38.03885103293029,36.55301024452822,37.9706916809082,3572271.0
2020-11-11,38.270574634913416,38.35917862486841,37.759389651952084,37.82754898071289,2512569.0
2020-11-12,37.8071084063802,37.81392519617126,36.450769745103635,36.57345199584961,2734163.0
2020-11-13,36.7779215038787,37.51402345163935,36.730209687115206,37.302734375,2246875.0
2020-11-16,37.97750182714116,38.69315921098438,37.71168696085423,38.33873748779297,3817231.0
2020-11-17,38.304658654116665,38.46823593384664,37.58900128129163,38.37281799316406,2035593.0
2020-11-18,38.611364703589125,38.75449730478335,37.27547373610335,37.28910446166992,1885085.0
2020-11-19,37.28911072589404,37.96387311188049,36.98921759977269,37.80029296875,1975697.0
2020-11-20,37.76621049196315,38.46142031795488,37.46631739943954,38.304656982421875,1730518.0
2020-11-23,38.52276704533519,39.06802753202495,38.48187200969612,38.97942352294922,2022649.0
2020-11-24,39.67462703215965,40.30167748909954,39.23160135373282,39.91999435424805,2513227.0
2020-11-25,39.899553651017584,40.13129028705355,39.72234277895241,39.933631896972656,1846032.0
2020-11-26,39.97452626995858,40.21307969211412,39.88592226150235,40.144920349121094,609493.0
2020-11-27,40.10402631118273,40.451631268116245,39.89955398154502,40.42436981201172,1586481.0
2020-11-30,39.97452415361811,40.185813256947654,38.82947463320509,38.93852615356445,4980051.0
2020-12-01,39.36110676034689,39.55876514873744,38.77494838519335,39.25886917114258,1905599.0
2020-12-02,39.238422684267746,39.64055340941927,39.088476117637256,39.63373947143555,2072123.0
2020-12-03,39.58602449862769,39.99497198147784,39.511051221270485,39.60647201538086,2728020.0
2020-12-04,39.817756007448885,40.33575494499206,39.72233522559127,40.11764907836914,3237576.0
2020-12-07,39.933627122872515,40.05631221629978,39.1566272355927,39.66099548339844,3893363.0
2020-12-08,39.56557763752364,39.87228754169049,39.36792210858527,39.39518356323242,4064166.0
2020-12-09,39.53150106568949,39.80413273697582,39.177082174787984,39.46334457397461,3358027.0
2020-12-10,39.3747272161081,39.756410313279694,39.29294001829465,39.729148864746094,2755335.0
2020-12-11,39.59965209853376,39.72233718936431,39.183890711074135,39.4906005859375,3511278.0
2020-12-14,39.68826139261419,39.74278715227057,38.41370999526681,38.44778823852539,9695615.0
2020-12-15,38.61137470237557,38.97261041503207,38.37282410822746,38.781768798828125,3916619.0
2020-12-16,38.95897329625703,39.054394088708996,38.28421095955624,38.44778823852539,4282249.0
2020-12-17,38.563658760110556,38.64544883039474,37.75258340383691,37.834373474121094,3254689.0
2020-12-18,37.90252878775966,37.997949582724154,37.35045153490889,37.35726547241211,11118863.0
2020-12-21,36.85971266355303,37.002845276991884,35.95321656988861,36.13724136352539,8652697.0
2020-12-22,36.23266587138338,36.25993017985828,35.74874507450159,35.850982666015625,11340018.0
2020-12-23,35.98729250585719,36.362158858572805,35.75555590519191,36.00774002075195,7150904.0
2020-12-24,36.03501287413903,36.25311881795535,35.91914453714503,36.09635543823242,3267744.0
2020-12-29,36.03500665985563,36.24629577604208,35.74874426233335,35.8646125793457,7171089.0
2020-12-30,35.89230021591481,35.947678432389,35.483882610512325,35.49772644042969,7167579.0
2020-12-31,35.41465674604237,36.20380427648381,35.373122360566015,35.82307434082031,7567106.0
2021-01-04,36.30072451809815,36.369946577259824,35.48388915660288,36.12766647338867,5048943.0
2021-01-05,36.245340503768325,37.615963816460805,36.203809009666934,37.12447738647461,6235567.0
2021-01-06,37.297533263502785,37.442903623280415,36.37686493986238,36.5706901550293,4248023.0
2021-01-07,36.466862877199354,37.78902867374104,36.29380481503058,37.615970611572266,4722146.0
2021-01-08,37.87900582656576,37.94822786528222,37.20753814635486,37.35982894897461,6702122.0
2021-01-11,37.131400620928105,37.42213845945315,36.96526305788234,37.34599304199219,5787443.0
2021-01-12,37.24216055921814,37.51213122769162,36.82682240624601,37.339073181152344,6429078.0
2021-01-13,37.51212611096769,38.07975793252924,37.345991451800984,38.00361251831055,3278494.0
2021-01-14,37.93438524416848,38.82736579413486,37.93438524416848,38.74429702758789,5923361.0
2021-01-15,38.77890754068256,39.166557917090564,38.335878952902625,39.159637451171875,5113007.0
2021-01-18,36.86142217981114,38.24588902615566,36.86142217981114,37.38059616088867,2293608.0
2021-01-19,37.11754961230669,39.45037523347788,37.10370578366483,39.159637451171875,7126002.0
2021-01-20,38.924286334871454,39.194256984451975,38.52971251003601,38.709693908691406,4806506.0
2021-01-21,38.76507355620569,39.83803572652338,38.619703179734486,39.616519927978516,5472385.0
2021-01-22,39.152721617177875,39.339626375403355,38.87582761026942,39.03504180908203,5301253.0
2021-01-25,39.028118263637516,39.15964189266384,38.550475704871914,38.827369689941406,4954052.0
2021-01-26,38.97967297904924,39.09735281549955,38.19744852462143,38.3774299621582,1206042.0
2021-01-27,38.46048835752498,38.64739021340945,37.602118699616405,37.80978775024414,2817754.0
2021-01-28,37.975920161939044,38.827366340615725,37.70594956366617,38.67507553100586,2277153.0
2021-01-29,38.252818799586166,38.60585531192984,37.83055444327642,37.94131088256836,3211797.0
2021-02-01,38.25281413593419,38.654308352022355,37.885928043999904,38.37049102783203,1593502.0
2021-02-02,38.70969084635347,38.90351606132411,38.10052464352934,38.15590286254883,2355588.0
2021-02-03,38.086681748951094,38.11436941073881,37.33214806475886,37.80978775024414,3039019.0
2021-02-04,37.95515315424715,38.25973477494535,37.560579402484784,38.2320442199707,1356331.0
2021-02-05,38.36357482264572,38.45356406649345,37.98976822308495,38.17667007446289,2628851.0
2021-02-08,38.28743345401293,38.70969495354373,37.80287036517303,38.05899429321289,3711700.0
2021-02-09,38.07975107603951,38.121285457553896,37.4705878719735,37.57442092895508,2505329.0
2021-02-10,37.69210433959961,37.885929540790066,37.42213373057037,37.69210433959961,2501709.0
2021-02-11,37.747482063481314,38.16282301640098,37.6713366566334,38.14897918701172,2857575.0
2021-02-12,38.211289579425916,39.173492431640625,38.03823153332115,39.173492431640625,2766086.0
2021-02-16,39.45730271731836,39.554212424737614,39.06272893697594,39.125030517578125,1579022.0
2021-02-17,39.04196176177311,39.547291976664624,38.92428196395976,39.14579772949219,2404624.0
2021-02-18,39.28424442963908,40.22568287458842,38.855062493811864,39.526527404785156,2405392.0
2021-02-19,39.498837677410926,39.73419729360261,39.03504180908203,39.03504180908203,2189393.0
2021-02-22,39.05580895820914,39.62344080265805,38.79276167972101,39.36039352416992,4027306.0
2021-02-23,39.450376006477114,39.588822986021945,38.57816264246877,38.68891906738281,3611982.0
2021-02-24,38.69583790000128,39.159633633935975,38.23896263131067,38.875816345214844,2931513.0
2021-02-25,39.03503718271007,39.03503718271007,37.6298030161606,37.63672637939453,4232007.0
2021-02-26,37.643651235759805,37.699029453413715,36.82681600755373,36.89603805541992,4512290.0
2021-03-01,37.221386598336466,37.66441812965063,36.96525980902181,37.25600051879883,3008413.0
2021-03-02,37.442896788778285,38.23896469839256,37.31137318038039,37.94822692871094,8503286.0
2021-03-03,37.92054183111235,38.82044285695462,37.636724507899885,38.550472259521484,2599342.0
2021-03-04,38.77891514324974,39.374237550020446,38.55740225433464,38.834293365478516,5388793.0
2021-03-05,39.249633922807845,39.62344053952892,38.87582730608676,39.415771484375,4287844.0
2021-03-08,39.76880640901011,40.287983371213535,39.16656356617026,40.07339096069336,11968270.0
2021-03-09,40.149537562050774,40.2464501729974,39.595749558467176,39.65113067626953,4382515.0
2021-03-10,39.75495829164436,40.37796826166616,39.45730003258387,40.18414306640625,2674596.0
2021-03-11,40.322597599087096,40.523346194914396,40.031859751753665,40.447200775146484,5691455.0
2021-03-12,40.530262418523634,40.530262418523634,40.03185556008373,40.315670013427734,5486975.0
2021-03-15,40.412588472578584,40.765625,40.274141469148304,40.765625,5568153.0
2021-03-16,40.5648802262946,40.9040729300988,40.23260798989542,40.37797546386719,5280848.0
2021-03-17,40.343357554145555,40.43334678950014,40.14260899434924,40.19106674194336,2638285.0
2021-03-18,40.08031983099452,40.35721096583247,39.41577531377282,39.43654251098633,7929994.0
2021-03-19,39.415771030713934,39.74111988929827,39.18041141907271,39.609596252441406,16915301.0
2021-03-22,39.47807665357218,39.63728796878637,39.31886244155271,39.51268768310547,8497581.0
2021-03-23,39.519600264794924,40.01800999847673,39.14579658553946,39.568058013916016,7161216.0
2021-03-24,39.76188805364096,40.79331577229493,39.69958646725144,40.647945404052734,14150642.0
2021-03-25,40.42642828957182,41.18788528442383,40.39873773291339,41.18788528442383,16212234.0
2021-03-26,41.20864083944704,41.866264625140914,41.13249834259895,41.568603515625,11811728.0
2021-03-29,41.57553799420255,41.769363211107695,41.04251719931094,41.540924072265625,18582412.0
2021-03-30,41.57604701458862,41.653312592116805,40.775290390140995,41.000064849853516,9665338.0
2021-03-31,41.00006526027658,41.11947623390992,40.31169732850413,40.46622848510742,7898949.0
2021-04-01,40.69802955640254,41.25293908836336,40.332774323642084,41.2388916015625,5166980.0
2021-04-05,41.28805625833587,41.40746723596765,40.775292163662805,41.33722686767578,12151688.0
2021-04-06,41.37234989232194,41.55497897760687,41.224843933013894,41.449615478515625,7210910.0
2021-04-07,41.56902676369434,41.93428493689451,41.55497927685425,41.77975082397461,10949376.0
2021-04-08,41.61818405257092,41.78676265894022,41.379362155650334,41.55496597290039,8202927.0
2021-04-09,41.456633514789125,41.583066752391304,41.077327923144196,41.217811584472656,2942812.0
2021-04-12,41.238888588415456,41.723554772120075,41.1054301250092,41.33722686767578,4996067.0
2021-04-13,41.274010812996494,41.55497817889297,41.18972001534362,41.35127639770508,13411593.0
2021-04-14,41.53390198440652,41.87808448016009,41.45663640619983,41.6814079284668,4718307.0
2021-04-15,41.64628300037012,42.243337799774814,41.64628300037012,42.20821762084961,3650487.0
2021-04-16,42.25036917323954,42.31358432875676,41.84999084472656,41.84999084472656,2627315.0
2021-04-19,42.025588788890666,42.081781663340465,41.653308423669074,41.88510513305664,4979393.0
2021-04-20,41.83594273859103,41.948328501643346,41.42151399106928,41.89213562011719,2293827.0
2021-04-21,41.77974740790587,42.229296344229226,41.688434341781786,42.01154708862305,2733505.0
2021-04-22,42.123931451814364,42.123931451814364,41.512829101817125,41.540924072265625,3435585.0
2021-04-23,41.590091705322266,41.75867033421537,41.3723424725317,41.590091705322266,2632910.0
2021-04-26,41.540917264389144,41.688426123037345,41.37233865106725,41.63925552368164,5387148.0
2021-04-27,41.73760261247084,42.48216340369924,41.6743845212716,42.4189453125,6354263.0
2021-04-28,42.57348064478699,42.952786289805246,42.496215061096926,42.69991683959961,1546331.0
2021-04-29,42.92468388763373,43.03004737228925,42.7420577667899,42.79122543334961,2420860.0
2021-04-30,42.53835489668229,42.83336970658009,42.390848961443,42.713958740234375,2047660.0
2021-05-03,42.84741408114221,43.10730869135017,42.68586067318175,42.97385025024414,1691574.0
2021-05-04,43.19160396053399,43.472571294798925,42.81932356537163,42.88254165649414,2548550.0
2021-05-05,43.079219965663135,43.39530749479261,42.98088168858773,43.26887130737305,2005865.0
2021-05-06,43.27589905051447,43.423405005043755,43.11434267028174,43.4023323059082,2057862.0
2021-05-07,42.85444647340238,43.732468713979166,42.79122837825838,43.507694244384766,3002050.0
2021-05-10,43.606022518410846,44.20307726985695,43.37422582882076,43.51470947265625,5604354.0
2021-05-11,43.21267588346372,43.51471590935875,42.95980646292289,43.13541030883789,4723682.0
2021-05-12,43.07921750774853,43.19160326387406,42.53835554498334,42.62264633178711,2868436.0
2021-05-13,42.40489755195186,42.54538121834166,42.208221006890014,42.39085006713867,4444496.0
2021-05-14,42.57347515497055,43.17052998778549,42.56645288244399,43.01599884033203,1924796.0
2021-05-17,42.742053748222986,43.12135931790161,42.63669027347364,43.11433410644531,2914948.0
2021-05-18,43.04409663762687,43.12136515585,42.61562334800276,42.77717971801758,1543040.0
2021-05-19,42.404894120475625,42.61561813329852,42.00451585063496,42.25738525390625,2890266.0
2021-05-20,42.236315518549326,42.756104784613576,41.88510782609262,42.62264633178711,1793485.0
2021-05-21,42.749071395815264,42.833362166496464,42.313572999854024,42.50322723388672,1737538.0
2021-05-25,42.78419883555732,43.01599553894762,42.566449615561254,42.671810150146484,2511691.0
2021-05-26,42.896589669210634,43.40935373781486,42.706935393509475,43.3531608581543,2103168.0
2021-05-27,43.24780162582086,43.563889176996106,43.0862452437678,43.170536041259766,4101902.0
2021-05-28,43.339115727286355,43.57091247075969,43.2267270224409,43.34613800048828,1734138.0
2021-05-31,43.486618553237435,43.486618553237435,42.66479219118228,42.79122543334961,1410194.0
2021-06-01,43.36018963488876,43.85890629323886,43.3180442339668,43.62710952758789,3705337.0
2021-06-02,43.816751341527315,43.88699464089282,43.5076890546927,43.802703857421875,2268925.0
2021-06-03,43.901045788013185,44.0485517319758,43.6832965388241,44.013431549072266,1614784.0
2021-06-04,44.15391011895108,44.67369934778137,44.15391011895108,44.61048126220703,2241610.0
2021-06-07,44.76502354888819,45.137306943510374,44.67371047326413,44.98277282714844,4916535.0
2021-06-08,45.03193249345417,45.207536328144066,44.715845003128535,45.1021728515625,4393266.0
2021-06-09,45.16539432856667,45.418263751929004,45.04598335928178,45.28480529785156,3329834.0
2021-06-10,45.47445293590464,45.565768928185385,45.01788473217712,45.07407760620117,3051086.0
2021-06-11,45.13027402851926,45.55172208654479,45.13027402851926,45.44636154174805,3620319.0
2021-06-14,45.411240161610564,45.65708436573368,44.750967243648866,45.067054748535156,5554001.0
2021-06-15,45.10919373405173,45.65005266995353,45.095146251662,45.495521545410156,2677887.0
2021-06-16,45.53769098346148,45.88889880463225,45.4814980848046,45.523643493652344,8702172.0
2021-06-17,45.57982413976466,45.96615499073722,45.32695469407365,45.7765007019043,7138398.0
2021-06-18,45.502547369151564,45.502547369151564,44.84227453607864,44.94061279296875,6432808.0
2021-06-21,45.165401959720086,45.242667548262844,44.86336187942214,44.9336051940918,5489717.0
2021-06-22,44.99682048423171,44.99682048423171,44.30143018536589,44.470008850097656,8267870.0
2021-06-23,44.49810052937528,44.51214801461314,44.09772221503143,44.17498779296875,5249584.0
2021-06-24,44.294401928014175,44.38571499770778,43.99236186761287,44.26630401611328,2000380.0
2021-06-25,44.2101111317311,44.32249983991507,43.92914670982016,44.26630401611328,20743941.0
2021-06-28,44.329514550410316,44.35761245751751,43.66924459729165,43.70436477661133,18102255.0
2021-06-29,43.853960818200974,43.91095353884416,43.469279331026776,43.65449523925781,12032664.0
2021-06-30,43.61888527219098,43.88246547586877,43.40517296322938,43.69724655151367,6914281.0
2021-07-02,44.167408840112245,44.33125620441655,43.58325879311991,43.910953521728516,9060891.0
2021-07-05,43.910957814613965,44.096173740880154,43.67587101710189,44.06768035888672,1510459.0
2021-07-06,44.017815887128144,44.11754869405623,43.497780323781456,44.103302001953125,5816733.0
2021-07-07,44.03918408386274,44.644705716221104,44.01069070181233,44.2600212097168,4947251.0
2021-07-08,43.93944802302704,44.33837919094545,43.8254685410797,44.11042022705078,2348896.0
2021-07-09,44.26714681152103,44.68032470722297,44.22440375660307,44.56634521484375,4648208.0
2021-07-12,44.63757471756057,44.723060814115655,44.39536609805618,44.42386245727539,3927918.0
2021-07-13,44.516479700119945,44.6660804003188,44.29564553976024,44.47373962402344,10728879.0
2021-07-14,44.38825297279999,44.48086094154385,43.7898561414478,43.79697799682617,2938644.0
2021-07-15,43.73998497354304,44.131794309732,43.675870393319066,44.02493667602539,4359917.0
2021-07-16,44.16741549005307,44.459489066973134,43.896710460204844,43.90383529663086,2222961.0
2021-07-19,43.504899741004834,43.63312591616607,42.5004469602449,42.92074966430664,3415400.0
2021-07-20,42.57168960767588,43.10597485566911,42.27249118048509,43.02048873901367,3855736.0
2021-07-21,43.17008541967785,43.54764509157953,43.162960583586184,43.39092254638672,2346044.0
2021-07-22,43.440787878812834,43.73998628103217,43.31255871453183,43.47640609741211,4280933.0
2021-07-23,43.66162099054192,43.72573556678349,43.362422615850626,43.46928024291992,2400675.0
2021-07-26,43.36243289124801,43.76848898922985,43.34106136076984,43.64738464355469,2872275.0
2021-07-27,43.52627560701103,44.07480454092729,43.37667490978644,43.90383529663086,2048428.0
2021-07-28,43.982195061820626,44.23865041000586,43.633128767691424,44.11754608154297,1044015.0
2021-07-29,44.416745481397605,44.42387031773873,43.50490356047504,43.675872802734375,1762331.0
2021-07-30,43.56901758871647,43.63312919055685,42.849516447147415,43.32680892944336,3437450.0
2021-08-03,43.15583344970674,43.72573683581267,43.048978800638984,43.55476760864258,2544053.0
2021-08-04,43.45503655518736,43.768484644048044,43.15583813929975,43.41941833496094,1841095.0
2021-08-05,43.576134440779875,43.66162054155623,43.255564543971246,43.433658599853516,2797789.0
2021-08-06,43.62600726473734,43.71861523032579,43.34818038686896,43.63312911987305,1070672.0
2021-08-09,43.455038196840064,43.49778125516779,42.99199535419736,43.02048873901367,1681811.0
2021-08-10,43.21994279455379,43.2555610065969,42.85662987706816,43.20569610595703,1884427.0
2021-08-11,43.205699639253496,43.55476589668848,43.141585063671236,43.433658599853516,1350736.0
2021-08-12,43.51202354373775,43.618878190318235,42.85663406875098,42.91362380981445,1642648.0
2021-08-13,42.92787687350499,42.95637025573719,42.45770625564389,42.82814407348633,1510679.0
2021-08-16,42.73553383834332,43.09884682611112,42.49332517983145,43.063228607177734,1312561.0
2021-08-17,43.04185476434492,43.09171967194879,42.57168416396475,42.84951400756836,1628497.0
2021-08-18,42.78539951725806,42.92787536672706,42.25111731757644,42.28673553466797,1826615.0
2021-08-19,42.03028213223645,42.0445288235081,41.367770743214066,41.780948638916016,1718560.0
2021-08-20,41.38201289069045,41.93054174600146,41.175422474971846,41.85218048095703,1568929.0
2021-08-23,42.10863996760647,42.22261945067898,41.845059804536376,42.122886657714844,2264318.0
2021-08-24,42.151385450664,42.25824309295548,41.83081550489272,42.10152053833008,1074731.0
2021-08-25,42.18699886991571,42.46482570751961,41.98040845996302,42.215492248535156,4899860.0
2021-08-26,42.08727890100126,42.30099123014755,41.90918479652878,42.18701171875,2002683.0
2021-08-27,42.26536377107168,42.74265622450852,42.26536377107168,42.585933685302734,1628387.0
2021-08-30,42.585934738986104,42.84951491649149,42.45058074168406,42.71416091918945,2306443.0
2021-08-31,42.56455497429492,42.74977086330956,42.229735444940516,42.671409606933594,4536753.0
2021-09-01,42.813896963407466,43.08460199743122,42.70704230198767,42.74266052246094,1325066.0
2021-09-02,42.899381222760525,43.07747529853048,42.699915619409936,43.063228607177734,1116527.0
2021-09-03,43.098848080060336,43.17720935643489,42.82814603096697,43.14871597290039,2443019.0
2021-09-07,43.255565617089765,43.61175671879368,43.22707223685922,43.51202392578125,4068554.0
2021-09-08,43.69723827215653,44.203027054673356,43.597505482723825,43.910953521728516,2493591.0
2021-09-09,43.88245809908331,43.88245809908331,43.33392625493124,43.46928024291992,2303261.0
2021-09-10,43.58326035746037,43.62600340890895,43.17720434980163,43.51202392578125,3589713.0
2021-09-13,43.74710900831155,44.80855154668172,43.70436595561169,44.73019027709961,6501919.0
2021-09-14,44.480861196022026,44.744441393004834,44.23865252750286,44.32413864135742,6017703.0
2021-09-15,44.41674240142227,44.78005536977121,44.38112418439266,44.73731231689453,6476140.0
2021-09-16,44.765807950919445,45.07925302544543,44.48798109284362,44.502227783203125,2411645.0
2021-09-17,43.946579300032425,44.69457684006857,43.946579300032425,44.666080474853516,7563157.0
2021-09-20,44.38112319740343,44.544970569419306,43.390920091825194,43.66874694824219,19535157.0
2021-09-21,43.86821952471498,44.47374122162349,43.861094687891374,44.003570556640625,3576988.0
2021-09-22,44.281394828714966,44.45948890880382,43.99644310813156,44.01781463623047,5132753.0
2021-09-23,43.9964406968448,44.487982835076984,43.811224771609396,44.366878509521484,21013693.0
2021-09-24,44.40250213610627,44.8441764382741,44.345512384391604,44.7943115234375,5424007.0
2021-09-27,45.06501360370804,45.6847819980953,45.00089901509488,45.36421203613281,18900652.0
2021-09-28,45.501429681341634,45.501429681341634,44.33861765085015,44.35306167602539,7627660.0
2021-09-29,44.51917861270439,44.634736859074586,44.12194222941512,44.33139419555664,5889903.0
2021-09-30,44.446954210245494,44.59862705923621,43.92693905849593,44.028053283691406,9122323.0
2021-10-01,44.714191732558284,44.714191732558284,43.83305163078422,44.40362548828125,5097430.0
2021-10-04,44.266395808133126,45.06808915325636,44.266395808133126,44.64918518066406,10312019.0
2021-10-05,44.894745223939985,44.99585944691294,44.17972213920449,44.31694793701172,17647658.0
2021-10-06,44.093054589162456,44.25194793499819,43.52248083101056,44.20138931274414,4844791.0
2021-10-07,44.38918102685016,44.65641216258103,44.26639923536288,44.53363037109375,2213856.0
2021-10-08,44.63473665656759,44.95252334384129,44.38917311734886,44.8658561706543,1933133.0
2021-10-12,45.046412339164874,46.25255933747941,44.88751598979662,46.115333557128906,7855946.0
2021-10-13,45.95645385120655,46.36091081152386,45.84811608598032,46.35368728637695,3594650.0
2021-10-14,46.483686814830584,46.99648147650252,46.40424013769206,46.9459228515625,7393670.0
2021-10-15,47.133714520259076,48.00040760005647,47.133714520259076,47.949851989746094,7357579.0
2021-10-18,47.95705545548948,48.18095141565541,47.78371811006802,48.02928161621094,7382920.0
2021-10-19,48.18818816731601,48.6793153144286,48.00762724953555,48.64320373535156,6856579.0
2021-10-20,48.585420838796274,49.127103550155205,48.397636410796295,49.09099197387695,3715429.0
2021-10-21,48.95375944086636,49.2498815976705,48.50596746622166,48.82375717163086,3382380.0
2021-10-22,48.773200604339735,49.199325048321256,48.66486285675292,49.12710189819336,5920290.0
2021-10-25,49.221004361277544,49.25711594497188,48.60709534889102,49.040443420410156,7915952.0
2021-10-26,49.0332108067556,49.13432503579635,48.70820056895351,48.78764724731445,2100207.0
2021-10-27,48.83820188117212,49.07654189677389,48.55652676775278,48.60708236694336,3451272.0
2021-10-28,48.57097425509423,48.86709643715731,48.05095908900578,48.715423583984375,3937352.0
2021-10-29,48.67931552522526,48.68653602763475,48.137632769538236,48.354305267333984,5256605.0
2021-11-01,48.61431481570518,48.881545953044,48.31097209768704,48.679317474365234,1728214.0
2021-11-02,48.60709172563586,48.63598280387515,48.24596987081973,48.549312591552734,1525488.0
2021-11-03,48.31818633721574,48.5709703757876,48.130401922417164,48.26762771606445,1077473.0
2021-11-04,48.390411416939344,48.578195839236216,47.90650784680105,48.14484786987305,2812489.0
2021-11-05,48.036517341443854,48.22430179196325,46.223684561969314,46.259796142578125,5605012.0
2021-11-08,46.28146173402567,46.29590576117797,45.18364917775406,45.48699188232422,4908417.0
2021-11-09,45.48699224046398,45.97811939146214,45.299207796424334,45.37865447998047,2588920.0
2021-11-10,45.36421739255823,45.58088992427662,44.959760388072816,45.147544860839844,2172279.0
2021-11-11,45.40754293900213,45.4436545162829,44.901971789885906,45.02475357055664,2466714.0
2021-11-12,44.85863467111265,45.1403097970693,44.70696182200021,44.94530487060547,1695633.0
2021-11-15,44.95253120503967,45.02475738812028,44.49029511842631,44.80086135864258,2782321.0
2021-11-16,44.865852716212196,45.03919007163497,44.08582706082307,44.266387939453125,3460487.0
2021-11-17,44.05694565775542,44.55529633093841,43.95583142263942,44.10028076171875,4018969.0
2021-11-18,43.991946163336436,44.28084182001346,43.731935538734135,43.83304977416992,3550002.0
2021-11-19,43.63082245324432,43.75360424396637,43.053028102266445,43.50082015991211,3867035.0
2021-11-22,43.356369173761905,43.94138702757855,43.23358738769215,43.760826110839844,5574076.0
2021-11-23,43.905273973113886,44.461400731707755,43.87638289755276,44.425289154052734,5002869.0
2021-11-24,44.28082966134933,44.627507376566044,44.07138074556855,44.51917266845703,1641551.0
2021-11-25,44.58418583466299,44.67807957043428,44.36751333019804,44.57696533203125,717548.0
2021-11-26,43.912492148874975,44.50473347614414,43.48636769689283,43.984718322753906,2870081.0
2021-11-29,44.41806601883531,44.63473849431619,43.963050495690965,44.071388244628906,3077963.0
2021-11-30,43.73916021858578,43.73916021858578,43.118030762333625,43.27692413330078,6320036.0
2021-12-01,43.47914149315871,43.89804236609817,42.15743321069785,42.18632125854492,3119210.0
2021-12-02,42.16466238623049,42.82912686691777,42.09243621214131,42.55467224121094,4113640.0
2021-12-03,42.66301965121304,42.923027287537806,42.44634712467503,42.63412857055664,3996481.0
2021-12-06,42.78578952136999,42.951906388422074,42.482446859864176,42.540225982666016,5623880.0
2021-12-07,42.65578852064681,43.262473904708116,42.63412096961639,43.081912994384766,2552171.0
2021-12-08,43.139690804324204,43.139690804324204,42.53300245891771,42.540225982666016,2034387.0
2021-12-09,42.468002515326205,42.54022566268653,41.854093673183975,41.93354034423828,3089371.0
2021-12-10,42.12132852004064,42.200775198189305,41.68075700565836,41.9552116394043,3484730.0
2021-12-13,41.92632145229642,42.43911613134755,41.85409829695733,42.36688995361328,5537327.0
2021-12-14,42.46800648525225,42.52578561302071,42.121328696246415,42.35966873168945,5039289.0
2021-12-15,42.179102338126995,42.44633341389528,42.04187654972536,42.171878814697266,4326129.0
2021-12-16,42.215218032350684,42.75690073781177,42.215218032350684,42.30910873413086,3551428.0
2021-12-17,41.70965562155443,42.67024247974271,41.70965562155443,42.403011322021484,19170075.0
2021-12-20,42.04187690850083,42.619671138362314,41.868536523866055,42.53300094604492,14472831.0
2021-12-21,42.79301705587777,43.20469447782327,42.691902825898936,42.94468688964844,3139724.0
2021-12-22,42.901337106694704,43.399687584019034,42.735220280919926,43.26245880126953,4290916.0
2021-12-23,43.48636915615221,44.02805490003884,43.48636915615221,43.544151306152344,10738862.0
2021-12-24,43.674153956844485,43.86916191435433,43.58748677590193,43.65970993041992,2123573.0
2021-12-29,43.86915662909647,44.04971751603302,43.2046891800878,43.63081359863281,11918357.0
2021-12-30,43.616162295540676,43.792032483342176,43.06656450878285,43.13984298706055,12171215.0
2021-12-31,43.01526896225932,43.26442070556325,42.78077536848513,43.11053466796875,3478697.0
2022-01-04,43.755395713795856,44.13645240871047,43.425636409817585,43.77005386352539,15799981.0
2022-01-05,43.923940715213575,44.78131369478342,43.82867807300312,43.85066223144531,7889185.0
2022-01-06,43.90928089136174,44.48819189024314,43.68943933067371,44.4295654296875,4082705.0
2022-01-07,44.40758844961096,45.264961415959974,44.253699342888595,45.19900894165039,3055364.0
2022-01-10,45.25763503531425,45.74861255114174,44.94253386134098,45.71929931640625,5302898.0
2022-01-11,45.62403602482657,46.239586346538964,45.45549182723799,46.06371307373047,5378481.0
2022-01-12,46.05638527492931,46.48873629836716,45.96844864194303,46.45942306518555,2500941.0
2022-01-13,46.43742917427782,47.001685028934645,46.32751147264078,46.5986442565918,2403637.0
2022-01-14,45.86585122162264,46.188281413729186,45.411516096440785,46.019737243652344,3501624.0
2022-01-17,45.97578069559432,46.62797027719392,45.94646746051354,46.37881851196289,7958516.0
2022-01-18,46.15164820458006,46.43011318858989,45.86585721214797,46.34950256347656,4701852.0
2022-01-19,46.45942462088368,46.65727898516945,45.594722545053365,46.64262390136719,2964752.0
2022-01-20,46.42277751138,47.00901449627285,46.41544843744151,46.75253677368164,4210176.0
2022-01-21,46.24691292707995,46.752545526098245,46.03440347522006,46.23225784301758,5117724.0
2022-01-24,45.79990207122756,46.23958214675548,44.86192158997139,45.70463943481445,10958262.0
2022-01-25,45.550755478434866,46.72323274567421,45.16970182319748,46.44477081298828,3735175.0
2022-01-26,46.818491748609254,47.441368003460234,46.679257735664855,46.97237777709961,2833990.0
2022-01-27,47.19222605228074,47.70518466445611,46.89177689379026,47.426719665527344,3293962.0
2022-01-28,47.42671820283197,48.10822099510922,47.27283215720475,48.07891082763672,5121015.0
2022-01-31,48.1595183331482,48.40134409599155,47.881056391952484,48.100894927978516,4388549.0
2022-02-01,48.18882857923986,48.20348366298333,47.15558231087306,47.19955062866211,4551892.0
2022-02-02,47.20687396658699,47.82975328196667,47.08962717777138,47.66120910644531,3240757.0
2022-02-03,47.44869849321136,47.595258518300696,47.15557844303268,47.22153091430664,1785587.0
2022-02-04,47.41205908288154,47.80777084254224,47.17756243027117,47.28748321533203,2083313.0
2022-02-07,47.33145097549661,47.65388118582429,46.987033541855666,47.60991287231445,3328298.0
2022-02-08,47.287488110579304,47.9470067561017,47.287488110579304,47.749149322509766,3594759.0
2022-02-09,47.99829519626104,48.27676015756813,47.76380161469541,48.25477600097656,3463668.0
2022-02-10,48.166841733000126,48.63583198565285,47.96165830580466,48.027610778808594,1902088.0
2022-02-11,48.10089201287242,49.17810660057825,47.96899012587412,49.01689147949219,3563166.0
2022-02-14,49.03154221591196,49.05352637288891,48.144856061997324,48.826358795166016,4805847.0
2022-02-15,48.445300714956836,49.34664186816696,48.445300714956836,49.21473693847656,4237382.0
2022-02-16,48.73110303184422,48.98758081066849,48.29875197240097,48.72377395629883,5943327.0
2022-02-17,48.59186906396515,49.18543521630977,48.47461919526796,48.804378509521484,2881051.0
2022-02-18,48.782393943615595,49.104827246643254,48.5405712662638,48.95826721191406,3574684.0
2022-02-22,48.87766047058278,49.097498993075455,48.049597640459666,48.54790115356445,4910391.0
2022-02-23,48.54789976813016,48.96559264229047,48.430649901795924,48.78972244262695,3569199.0
2022-02-24,48.6138492323986,48.841019890383286,47.96898876633105,48.276763916015625,5262419.0
2022-02-25,48.00562977145972,49.0974994520938,48.00562977145972,48.86300277709961,2657044.0
2022-02-28,48.767741677072564,49.910905720810604,48.628510709332964,49.90357971191406,6348229.0
2022-03-01,49.83030497166254,50.343263628148364,49.49321654030372,49.925567626953125,2304578.0
2022-03-02,50.12341607091392,51.13467817853627,50.116090062334905,50.92216873168945,2728458.0
2022-03-03,50.90017863668371,51.70626032715253,50.90017863668371,51.44977951049805,3116138.0
2022-03-04,51.40580716204122,52.73217332336173,51.383823006151154,52.563629150390625,6187629.0
2022-03-07,52.76149173703436,53.09858013568629,52.116631240912355,52.34379577636719,7931639.0
2022-03-08,52.64423995041877,53.61885967767794,52.38775913805052,52.78347396850586,5503978.0
2022-03-09,52.46103480954077,53.032622867378535,52.07998428180424,52.2851676940918,4877920.0
2022-03-10,52.35112057883469,52.981329006046415,52.197234542659615,52.5196647644043,5527125.0
2022-03-11,52.2045674604221,52.46104216188876,51.039416225056165,51.04674530029297,4930905.0
2022-03-14,50.834226798378985,50.995441902136484,50.17470823460133,50.306610107421875,8797611.0
2022-03-15,49.83029663092698,50.94414733674315,49.515192413771935,50.80491638183594,2415265.0
2022-03-16,51.01010173647819,51.01010173647819,49.73503280326248,49.874263763427734,3431306.0
2022-03-17,50.240658476502325,51.04673702610474,49.99150675754022,50.48980712890625,3748230.0
2022-03-18,50.416537196682064,50.83423315707172,50.26997715678116,50.423866271972656,10340541.0
2022-03-21,50.658353598755,51.85281486255213,50.636369442168906,51.69892883300781,4853457.0
2022-03-22,51.81617979598608,52.17524927154055,51.50107863714411,51.5670280456543,7428116.0
2022-03-23,51.823509216308594,52.10197113526534,51.66229409832747,51.823509216308594,16416495.0
2022-03-24,52.35844951946179,52.66622159102385,51.77220940881792,52.07265853881836,14039187.0
2022-03-25,52.10196578751946,53.17918024391325,52.05799747502686,53.032623291015625,17763173.0
2022-03-28,52.88606087734604,53.30375678477763,52.64423822212073,52.76881408691406,8480797.0
2022-03-29,52.578299248194504,53.33307752791225,52.10197678450835,53.22315979003906,16140051.0
2022-03-30,53.39380968788563,53.39380968788563,52.607298197427575,52.94861602783203,12638208.0
2022-03-31,52.792792259814036,53.04507011280853,52.28081552107769,52.31792068481445,5940474.0
2022-04-01,52.33275898767811,53.067335692842626,52.3253379545837,53.0228157043457,11679211.0
2022-04-04,53.31961864468464,53.54221239833667,52.91151767618232,53.34929656982422,19147257.0
2022-04-05,53.43832833584344,54.2470966945069,53.341867331389025,53.653507232666016,10927656.0
2022-04-06,53.63124510606709,54.67745547848533,53.608988217750195,54.64777755737305,2765098.0
2022-04-07,54.677456325254276,54.855536274824416,54.11354476504134,54.70713424682617,3240867.0
2022-04-08,55.01135976371666,55.19686076858097,54.62552189644661,54.744239807128906,1853052.0
2022-04-11,53.94288726580986,54.38065990825863,53.64608941208395,53.72028732299805,11160988.0
2022-04-12,53.72028668370364,54.16548035395973,53.475429854559316,53.55704879760742,3813940.0
2022-04-13,54.06160328333129,54.44002006790342,53.631245478899615,53.698028564453125,2911767.0
2022-04-14,53.62382148554498,54.06160029865438,53.62382148554498,53.757381439208984,7851887.0
2022-04-18,53.801900243578544,54.02450016146899,53.51994448762988,53.61640548706055,5560803.0
2022-04-19,53.57188913961073,53.994819697205216,53.51252708745454,53.71286392211914,2315328.0
2022-04-20,53.52737458157445,53.92804829153861,53.17863568618608,53.60899353027344,3434159.0
2022-04-21,53.81674347457267,54.70713074529536,53.35670777434065,54.27677917480469,4509219.0
2022-04-22,54.26936097470114,54.34355888278893,53.260249552485256,53.79448318481445,7162532.0
2022-04-25,52.91150589746018,53.20830371299568,52.01369762877203,52.800209045410156,7170760.0
2022-04-26,52.629551497096024,52.904092433295794,52.01369896383512,52.32533264160156,3921446.0
2022-04-27,52.30308419370591,52.67407997999049,51.96176633150452,52.39212417602539,3711919.0
2022-04-28,52.68149992757686,53.41607045146564,52.53310410014995,53.17863464355469,5556744.0
2022-04-29,52.46631975627471,52.53310284507712,50.225503071217375,50.418418884277344,6628732.0
2022-05-02,50.641019782390394,51.08621347247586,50.151302997254525,50.66327667236328,4392388.0
2022-05-03,50.74489968533436,51.77626808843647,50.70037969447551,51.49431228637695,2376870.0
2022-05-04,51.98402574701423,53.07475930818692,51.76142889873435,52.92635726928711,3099244.0
2022-05-05,53.25283146106984,53.35671350618611,51.8578852506855,52.280818939208984,2609763.0
2022-05-06,52.54794220073756,53.30477585710034,52.04338642982904,53.00055694580078,3740222.0
2022-05-09,52.533096670884646,52.65181455805096,51.360744338720835,51.69464111328125,2377418.0
2022-05-10,51.93950600591306,52.51084174878635,51.18267547611104,51.843048095703125,4470604.0
2022-05-11,52.0804820413487,52.63697566412665,51.605604254008824,51.81336212158203,3843778.0
2022-05-12,51.887567917916144,52.65923740715712,51.59819108319204,52.64440155029297,2521016.0
2022-05-13,53.04507580348676,53.34187367473661,52.75569896578039,53.089595794677734,2289988.0
2022-05-16,53.18605367031923,54.098704120743356,53.17121160410859,53.72028732299805,7304704.0
2022-05-17,53.972568214409925,54.3880839909103,53.63867138650534,54.35840606689453,1890021.0
2022-05-18,54.42517800253314,54.78133789863577,54.15064325767847,54.44744110107422,1851078.0
2022-05-19,53.77964738926309,54.48453993702256,53.47542851368039,54.261940002441406,1401308.0
2022-05-20,53.94288825560873,54.84069665629612,53.94288825560873,54.43260192871094,1912181.0
2022-05-24,54.94458255353558,54.96683944475075,54.08386683857414,54.900062561035156,3220353.0
2022-05-25,54.98910484232496,55.08555965504532,53.95773014805443,54.024513244628906,2354601.0
2022-05-26,54.17290794468807,54.299046891038046,53.78707007172282,54.11355209350586,2931842.0
2022-05-27,54.00966214660586,54.469697871360715,53.7870622120247,54.261940002441406,2412961.0
2022-05-30,54.29160757757127,54.64034637361251,54.17288970510799,54.4548454284668,1475575.0
2022-05-31,54.40292326569572,54.72197801018183,54.076447488069086,54.32130432128906,6859651.0
2022-06-01,54.49938191143298,54.736823938334354,53.92804926027688,54.55132293701172,3398616.0
2022-06-02,54.33614269425339,55.01135738020298,54.18032583136344,54.97425842285156,4333040.0
2022-06-03,54.900052236322054,55.23394901224628,54.692294380415184,54.811012268066406,4783469.0
2022-06-06,54.83326929496567,54.96682924768983,54.35097671076441,54.477115631103516,5571444.0
2022-06-07,54.35097976039635,54.892634424001336,54.33613769479345,54.87779235839844,4859710.0
2022-06-08,54.96683498849334,55.189434932948885,54.32130446467664,54.736820220947266,9497826.0
2022-06-09,54.58100594184415,54.773927994787535,53.868692214979895,53.9503173828125,5366853.0
2022-06-10,53.60898729546992,54.128378851311176,53.43832838438902,53.883522033691406,2437315.0
2022-06-13,53.134111491616146,53.28992834315661,51.94692320759921,52.59245681762695,7090240.0
2022-06-14,52.807638893539924,52.941198864338396,51.72432948051305,52.08048629760742,8864089.0
2022-06-15,52.080485925145965,52.25856277990216,50.54455869208749,51.182674407958984,11405180.0
2022-06-16,50.2997049863488,50.38132393799338,49.171875520851835,49.268333435058594,9805754.0
2022-06-17,49.20155747885487,49.60223121083504,47.3985132648036,48.466983795166016,10515842.0
2022-06-20,48.674739258654625,49.76546662616556,48.6079592716556,49.676429748535156,640648.0
2022-06-21,49.765463016350274,50.21808082537793,49.49834619276486,49.69126510620117,6463085.0
2022-06-22,48.60795966879405,49.94354699954682,48.437300735636086,49.35737228393555,3632716.0
2022-06-23,49.78773128012054,50.15130604562182,48.89733763575868,49.268333435058594,5360929.0
2022-06-24,49.72094684004003,50.03258365615856,49.30543108521531,49.572547912597656,12468173.0
2022-06-27,49.943545113872,50.982334530784605,49.78772825385255,50.66327667236328,14308500.0
2022-06-28,51.472044805677136,51.94691946405522,50.93039017072217,51.16040802001953,7617678.0
2022-06-29,51.265663306876625,51.581421681740814,50.498820191020535,50.596553802490234,4603231.0
2022-06-30,50.45371351213793,50.45371351213793,49.60417196348972,50.130435943603516,6473507.0
2022-07-04,50.00263066752821,50.86721061022459,49.65680183655039,50.33342742919922,2653204.0
2022-07-05,50.94990749431626,50.94990749431626,48.79973961894529,50.258243560791016,10159756.0
2022-07-06,50.21312895177061,50.228164164045545,48.95009246817412,49.874813079833984,6821914.0
2022-07-07,50.5213786302902,50.581522638017695,49.77708984919842,50.2883186340332,4209189.0
2022-07-08,50.528895905989685,50.6792543465892,50.04022153573943,50.40108871459961,5118492.0
2022-07-11,50.198101881421984,50.48378985548875,49.799645070784806,50.45371627807617,5025138.0
2022-07-12,49.897378567625864,50.085332920310755,49.032801758898614,49.09294891357422,3839281.0
2022-07-13,48.67944579032496,49.88985438326078,48.5591577928246,49.664310455322266,5012742.0
2022-07-14,49.19067600878824,49.96503512887917,48.34113452837661,49.8297119140625,10917893.0
2022-07-15,50.26575953823975,50.27327871829045,49.754530801202655,49.89737319946289,4783030.0
2022-07-18,50.29582898679442,51.05515285001534,50.025176280374936,50.874717712402344,7689202.0
2022-07-19,50.889765376042206,51.44609981116965,50.882246195233456,51.25062942504883,3864621.0
2022-07-20,51.08522523161959,51.14536923109346,50.664214089202204,51.07770919799805,3455769.0
2022-07-21,50.897279757291734,51.13033974768359,50.52889653944373,51.10026931762695,1766938.0
2022-07-22,51.18296643639031,51.66412162014084,50.987496061519586,51.596458435058594,1366752.0
2022-07-25,51.71674398212404,53.00233499917509,51.66411916029937,52.94970703125,7261921.0
2022-07-26,53.31809067159291,53.57370504115338,53.03992505398929,53.16773223876953,6240833.0
2022-07-27,53.5361162437087,53.66392343042447,53.01736831665039,53.01736831665039,2891253.0
2022-07-28,53.70903612900701,53.70903612900701,51.64908892341663,52.18286895751953,4701523.0
2022-07-29,52.05505987077513,52.47607420115279,50.89727911401327,51.325809478759766,3278385.0
2022-08-02,50.378541826527744,51.18297470489191,49.50644575215048,49.60417938232422,3947993.0
2022-08-03,49.807160675919995,49.995111869478116,49.28089670473713,49.91992950439453,2791865.0
2022-08-04,49.68687422423664,49.91993422968566,49.20571899733891,49.34104537963867,1890021.0
2022-08-05,47.02548232423439,47.77729034423828,46.84505028709404,47.77729034423828,8541681.0
2022-08-08,47.401382870960276,47.829910093426086,47.2284668874264,47.52919006347656,4880772.0
2022-08-09,47.664508136601484,47.679543349948084,46.92021945749036,47.10065460205078,4211054.0
2022-08-10,47.10065673760724,47.68706469181589,46.747308758289265,47.55925750732422,6812370.0
2022-08-11,47.73969145879814,48.7621489763847,47.67954745413432,48.68696975708008,5112678.0
2022-08-12,48.626824289333065,49.2884146557344,48.59675385901068,49.10798263549805,4483988.0
2022-08-15,48.717044418832884,48.86740601660592,48.363696394421716,48.76967239379883,5362465.0
2022-08-16,48.75463593770257,48.95762551837696,48.40880708079595,48.837337493896484,2124779.0
2022-08-17,48.74711202467629,48.980172000756504,47.987788093915015,48.13063049316406,2228446.0
2022-08-18,48.228368769893805,48.74711674075931,48.22085273516437,48.431358337402344,3302080.0
2022-08-19,48.34113651417188,48.61178610102354,48.070486927320225,48.30354690551758,2638066.0
2022-08-22,48.19077410948765,48.942582000221705,48.08552131939492,48.92754364013672,1727775.0
2022-08-23,49.1906827095896,49.521476330980654,48.97265792489052,49.48388671875,2300628.0
2022-08-24,49.61920758299312,49.98759077566954,49.58161482884005,49.89737319946289,2723193.0
2022-08-25,49.98759482666854,49.995114007328596,49.11549886023056,49.544029235839844,2094941.0
2022-08-26,49.70942520180918,49.72446356287525,49.228270008009794,49.42374038696289,1557630.0
2022-08-29,49.30345257431568,50.02518379488158,49.062873403393276,49.9048957824707,3647415.0
2022-08-30,49.686869068820194,49.97255701977696,48.69448513989241,48.82229232788086,1970761.0
2022-08-31,48.273470714491296,48.483976286866486,47.484076391134515,47.581809997558594,4712164.0
2022-09-01,47.371303960500754,47.461521532376665,46.74730642925974,47.31867599487305,4652596.0
2022-09-02,47.634445596859,47.81487762519369,47.16832559103504,47.44649124145508,5322315.0
2022-09-06,47.63444218591276,47.71714058624033,46.48417746955555,46.559356689453125,9108172.0
2022-09-07,46.22104786517377,47.29613030758171,45.92784384870805,47.26605987548828,5527564.0
2022-09-08,47.34124361932579,47.35628198290839,46.68717233261855,46.90519714355469,3581595.0
2022-09-09,47.33371671249792,47.62692068960224,47.16831991988526,47.55925750732422,6037340.0
2022-09-12,47.739693950444156,48.38624911305167,47.71714270035623,48.12311553955078,8371536.0
2022-09-13,47.92765002964482,48.17574525056916,47.40138600975949,47.57429885864258,5222269.0
2022-09-14,47.63443819543588,48.40879730913308,47.58932940883599,47.972747802734375,5635508.0
2022-09-15,47.85246298060025,47.86749819509865,47.3412342266493,47.499114990234375,2826530.0
2022-09-16,47.23599080475337,47.393871599662575,46.61951228090149,46.90519714355469,10322770.0
2022-09-19,46.36388655438078,47.461526451740134,46.27367211925448,47.40138244628906,11927023.0
2022-09-20,47.243496782376646,47.43144795971793,46.83752085503535,47.31867599487305,11026825.0
2022-09-21,47.62692129498619,47.905090061598,47.00292057862447,47.10817337036133,6541740.0
2022-09-22,47.3111578162469,47.687060153886456,46.98788029574881,46.995399475097656,9676089.0
2022-09-23,46.34884468967053,46.39395347381203,44.32648745929424,44.51443862915039,13168937.0
2022-09-26,44.364083184683864,44.80764876180441,43.47695203044276,43.64986801147461,25247236.0
2022-09-27,44.25131033307636,44.42422631068635,43.16871197014525,43.349143981933594,6878080.0
2022-09-28,43.72337223656004,44.38781450910271,43.3491446596172,44.27325439453125,6190042.0
2022-09-29,44.051776286225575,44.051776286225575,42.60833150485452,43.12766647338867,8660047.0
2022-09-30,43.08183839141131,43.41024191948,42.4632201704342,42.493770599365234,5702755.0
2022-10-03,43.35678876415049,44.68567348388656,43.31860311960336,44.17397689819336,8818783.0
2022-10-04,44.60929206430015,45.289011133113895,44.34962780415265,44.861324310302734,5998067.0
2022-10-05,45.059890845753316,45.059890845753316,43.570622283781155,44.16632843017578,5948153.0
2022-10-06,43.91430565427774,43.94485288891418,42.45558731077177,42.73816680908203,5478199.0
2022-10-07,42.684702221218345,43.74628408949325,42.577780513362406,43.21931076049805,4409392.0
2022-10-11,42.463217877943535,42.72288532388795,41.98207181915324,42.19591522216797,14828368.0
2022-10-12,41.936246947292496,42.39448417154592,41.73004195417055,41.83696365356445,6992168.0
2022-10-13,41.752952607743296,43.624084027074524,41.699493353697946,43.51716232299805,6431711.0
2022-10-14,43.52480382737653,43.815018532249574,42.89090876780751,42.92145919799805,6897497.0
2022-10-17,43.6393615656478,44.08232523377061,43.15057704536138,43.555355072021484,14082408.0
2022-10-18,44.578751039828816,44.88424258323254,43.88375825798328,44.594024658203125,4480038.0
2022-10-19,44.601657348026556,44.823139168001084,44.250341798547765,44.63984298706055,5281507.0
2022-10-20,44.86132634397688,44.93006241418446,44.05941191686028,44.158695220947266,6989206.0
2022-10-21,44.23506905546102,45.06753070437224,44.10523532339346,44.85368728637695,3281017.0
2022-10-24,45.09807697832058,45.227910698424864,44.34198667865359,44.456546783447266,5511767.0
2022-10-25,44.34962117359405,44.517640515151896,43.822647933996784,44.41835403442383,3323910.0
2022-10-26,44.532928778217006,45.31956649790465,44.47946631777921,45.05990219116211,4541251.0
2022-10-27,45.4493916855736,46.25894447518483,45.30428434256259,46.00691223144531,4404894.0
2022-10-28,46.220752939982965,46.25894177200546,45.12862393421714,45.457027435302734,3124914.0
2022-10-31,45.2126397465752,45.93054450301152,45.18209251199512,45.7014274597168,4194928.0
2022-11-01,46.243671660279475,46.35823178097246,45.47230763824751,45.53340530395508,1132323.0
2022-11-02,45.44939922051813,46.56444049712151,45.42648719456146,46.098567962646484,5463279.0
2022-11-03,45.75488187856105,46.16729506965791,45.44939038915703,45.869441986083984,1886292.0
2022-11-04,46.426962516052754,46.57206985492467,45.617412945519234,45.869441986083984,3618784.0
2022-11-07,46.04509975229058,46.30476400269973,45.49521443216621,45.869441986083984,2319826.0
2022-11-08,45.861806354768454,46.09856179398178,45.51812920739383,45.94581604003906,1548086.0
2022-11-09,46.73246079615938,47.900961278745505,46.54916459748788,47.09141159057617,3925176.0
2022-11-10,47.687113116029,48.32864335579811,47.343435973582274,48.22172164916992,4378566.0
2022-11-11,48.38210612884079,49.023636372876,48.01551696139411,48.893802642822266,2849348.0
2022-11-14,48.855625375844006,49.092380853808905,48.17590618014622,48.19881820678711,5280629.0
2022-11-15,48.4890308406476,48.93199131393211,48.20645134031646,48.534854888916016,2243694.0
2022-11-16,48.52721290901512,49.32148889654862,48.4202912029238,49.26039123535156,3274874.0
2022-11-17,48.96254210010771,49.4055025766069,48.58831450052388,48.87853240966797,3246352.0
2022-11-18,48.87089400290578,49.36731693476813,48.832708361067,48.87853240966797,3586532.0
2022-11-21,49.15347253496147,49.15347253496147,48.145353073599516,48.71814727783203,4346972.0
2022-11-22,49.1000078708787,49.749176524050945,48.993086163061264,49.52769470214844,4290367.0
2022-11-23,49.283302617951534,49.85609677972146,49.2069281454574,49.77208709716797,4676401.0
2022-11-24,49.74918122502995,49.98593668585371,49.52006417119561,49.83319091796875,1502012.0
2022-11-25,50.184505898656305,50.55109509796321,50.07758418202455,50.38307571411133,1436522.0
2022-11-28,50.02411712340953,50.215051710387065,49.72626402562308,49.932472229003906,4340281.0
2022-11-29,50.19214045976276,50.23032929776882,46.717183116225556,46.785919189453125,9184523.0
2022-11-30,46.68663880078939,46.785922115447654,45.44939899327446,45.51813507080078,15252249.0
2022-12-01,45.75488447433928,45.9229038442479,44.89187240600586,44.89187240600586,5575503.0
2022-12-02,44.63984253092365,44.73149062045744,43.83029292933733,44.4412727355957,11546035.0
2022-12-05,44.32671927121622,44.99879679083394,44.05941338792384,44.097599029541016,5809273.0
2022-12-06,44.074684604685764,44.46418579833193,43.99067491930944,44.36490249633789,7619543.0
2022-12-07,44.296161136264374,44.678023877994036,44.19687784613002,44.334346771240234,6285371.0
2022-12-08,44.56347655841045,44.56347655841045,43.845571764913714,44.28853225708008,4255592.0
2022-12-09,44.219797557096484,44.52528588601996,44.0746870053735,44.097599029541016,3938888.0
2022-12-12,44.204518315633635,44.349628859386115,43.81501712216605,44.18160629272461,8038048.0
2022-12-13,44.49473987462912,44.81550502580867,44.38017975064136,44.746768951416016,5467448.0
2022-12-14,44.769676905042665,44.769676905042665,43.79210792253048,43.837928771972656,7920340.0
2022-12-15,43.72337689055276,43.81502179597887,42.7152573629756,43.19640350341797,5167857.0
2022-12-16,42.34102786850598,42.60833055778965,41.59257586413119,42.134822845458984,12130407.0
2022-12-19,42.226467906869814,42.29520398014137,41.180162778134225,41.4780158996582,7842124.0
2022-12-20,41.470372583675825,41.64602714194646,41.12669548047401,41.27943801879883,12727175.0
2022-12-21,41.783501139724216,42.203552726954584,41.68421784615336,41.98207092285156,6892670.0
2022-12-22,41.96680468064295,41.974439891652516,40.882310686555286,41.30999755859375,15673717.0
2022-12-23,41.56201920537677,42.44794322302698,41.49328633865075,42.27228546142578,16096062.0
2022-12-28,42.646521421268616,42.646521421268616,41.43983206882526,41.577301025390625,13130980.0
2022-12-29,41.43750950976211,41.88015242972032,41.43750950976211,41.701541900634766,15462764.0
2022-12-30,41.530709204966655,42.03547695392146,41.46858124379752,41.91899108886719,5508695.0
2023-01-03,42.1286587112091,42.27620529423157,41.22007879239122,41.39092254638672,9529529.0
2023-01-04,41.05700120592149,41.53070821268384,40.9249849785843,41.21231460571289,5500687.0
2023-01-05,41.321032200815154,41.321032200815154,40.474576964109055,40.637657165527344,2976819.0
2023-01-06,41.28219998677874,42.44704868721295,41.15795058529846,42.12089157104492,5736981.0
2023-01-09,42.4004575687158,42.71884790282568,42.23737737339418,42.548004150390625,7275085.0
2023-01-10,42.64895329877196,42.711081249435345,42.206313585836,42.532470703125,5831762.0
2023-01-11,42.60236321275517,43.38669367395582,42.53247170389664,43.3400993347168,4547943.0
2023-01-12,43.61966216849244,44.09336586842797,43.49541276352472,43.852630615234375,8024007.0
2023-01-13,43.88369734876874,44.69132503122596,43.67402605849726,44.504947662353516,4916206.0
2023-01-16,44.489418582161434,44.6990931281942,44.27974728583878,44.58260726928711,2882697.0
2023-01-17,44.59036620687489,44.97088119596563,44.559302233411984,44.79227066040039,9551908.0
2023-01-18,44.978658504514236,45.17279944728911,44.78451756173937,44.831111907958984,10024276.0
2023-01-19,44.60590156239456,45.258215830756484,44.57483758545403,44.97088623046875,2358769.0
2023-01-20,45.07184617589666,45.196095596527364,44.63696995397899,45.056312561035156,5872790.0
2023-01-23,45.42905604834475,45.4756503852787,44.8621636984978,45.18055725097656,10784388.0
2023-01-24,45.23491696808048,45.25821413748677,44.264212408517686,44.5981330871582,5883321.0
2023-01-25,44.45835648664027,44.56707553504239,43.821572560367876,44.51271438598633,3161773.0
2023-01-26,44.71461949635935,44.86993287778401,44.163257479758265,44.691322326660156,3132045.0
2023-01-27,44.745687589192116,44.9320649774685,44.38846967784632,44.80781555175781,4737724.0
2023-01-30,44.621433323559074,44.92429329694773,44.10113525390625,44.10113525390625,7251828.0
2023-01-31,44.37292747452272,44.59036880199889,44.11666186495007,44.520477294921875,2766415.0
2023-02-01,43.78274460072793,43.837102499547036,41.10359270214274,42.01993942260742,8747917.0
2023-02-02,42.672256496714006,43.32456752406602,42.369393279061725,43.18478775024414,8886139.0
2023-02-03,43.47988290889794,43.73614852828249,43.037239930172014,43.52647399902344,3820961.0
2023-02-06,43.5264750311725,43.85263216804427,43.153723553360486,43.720619201660156,3257980.0
2023-02-07,43.852628838933846,43.96911468244133,43.277972926952856,43.48764419555664,2505767.0
2023-02-08,43.487650182471334,43.542011333495246,43.00617962930293,43.114898681640625,2756103.0
2023-02-09,43.184783126226826,43.60412890221084,42.780967712402344,42.780967712402344,2252799.0
2023-02-10,42.92075168924867,43.31680030607335,42.75767150891099,43.07606506347656,3957098.0
2023-02-13,42.9751232429184,43.417763054498096,42.94405926066399,43.208091735839844,2602633.0
2023-02-14,43.30127714570136,43.9768886486243,42.858634118014194,43.81380844116211,3230775.0
2023-02-15,43.72838385971036,44.13219932488682,43.347868815300636,44.00018310546875,4128121.0
2023-02-16,43.82156905357129,44.62919666988706,43.66625567546713,44.30303955078125,3030901.0
2023-02-17,44.077840348063546,44.411764316526046,43.84487187572538,44.13996505737305,2435011.0
2023-02-21,44.007946379760604,44.18655694014385,42.3305663230105,42.33833312988281,3565579.0
2023-02-22,42.377165470735264,43.24691795067149,42.245149237194205,42.625667572021484,3055255.0
2023-02-23,43.23138144917941,43.23138144917941,42.53247284132311,43.099365234375,3329614.0
2023-02-24,43.037242719906914,43.77497889913133,42.7732102768649,43.65849304199219,4460512.0
2023-02-27,43.875930845511526,43.875930845511526,42.81203752320109,42.843101501464844,5463170.0
2023-02-28,42.90522357930449,43.037239791843696,42.07429877090121,42.17525100708008,3673853.0
2023-03-01,42.19855416447997,42.835338147686564,42.08206829873782,42.641197204589844,5848875.0
2023-03-02,42.71108412131131,43.177021034648014,42.46258205107777,43.08383560180664,4721159.0
2023-03-03,43.293513593826994,43.953594781292836,43.13820018208736,43.627437591552734,8533453.0
2023-03-06,43.6429580531231,44.02347631298385,43.51094184559078,43.588600158691406,7346609.0
2023-03-07,43.689562691121644,43.930297993981895,43.26244999264805,43.40999984741211,7039998.0
2023-03-08,43.254682800193514,43.650731482886734,43.192558090112065,43.39446258544922,3963461.0
2023-03-09,43.5187175901941,43.60413947735293,42.478118078941286,42.50141525268555,6557318.0
2023-03-10,42.43928726024502,42.4936484113516,41.67048708550565,41.75590896606445,9848537.0
2023-03-13,41.46857547448784,42.19854804442016,41.11135762086976,41.763671875,9812994.0
2023-03-14,42.15972073167434,42.866396135529655,41.686017026732785,42.07429885864258,5637373.0
2023-03-15,41.468576876239084,41.53070483086477,39.511634047698365,39.95427703857422,6799096.0
2023-03-16,39.659180628087,40.125120789520004,39.37185102435548,39.95427703857422,11890712.0
2023-03-17,39.954281410842626,40.17171952669735,39.51163837152755,39.62812423706055,13697361.0
2023-03-20,39.635884204230194,40.19500976287302,39.62811739796498,40.125118255615234,8483540.0
2023-03-21,40.49010442120453,40.73083967763386,40.249369164775196,40.606590270996094,7028369.0
2023-03-22,40.68424590784706,40.87062000552857,40.33478838148863,40.36585235595703,10965831.0
2023-03-23,40.42798101794422,40.52116970077417,39.67471449762863,39.837791442871094,10412614.0
2023-03-24,39.597055322356056,40.47457448403728,39.488336277975634,40.381385803222656,7577418.0
2023-03-27,40.57552929102375,40.909449975493004,40.295963253268326,40.72307586669922,20935477.0
2023-03-28,40.769660966089745,40.932737868110024,40.62211117414584,40.86284637451172,21947789.0
2023-03-29,41.15795339399927,42.074300104296526,41.12688941665447,41.82579803466797,16689648.0
2023-03-30,41.93643336973146,41.983846398078775,41.16202828927978,41.549232482910156,11908045.0
2023-03-31,41.64405445179571,41.67566423903747,41.359579593855976,41.54132843017578,17620453.0
2023-04-03,42.1260785064502,42.18929476484077,41.565028839670084,42.11027526855469,13859169.0
2023-04-04,42.15768658311327,42.59230374961615,42.0549605726788,42.48957443237305,22317258.0
2023-04-05,42.50537882307176,43.3667065329559,42.49747555082025,43.11383819580078,13687708.0
2023-04-06,43.14544814457204,43.832930322044945,43.14544814457204,43.414119720458984,11680417.0
2023-04-10,43.54054917780764,43.65908171966976,43.28768416424613,43.52474594116211,14253650.0
2023-04-11,43.57216109300906,44.2596432558805,43.57216109300906,43.904048919677734,7480553.0
2023-04-12,44.10951040556934,44.9708382210098,44.10160713234928,44.63895034790039,3929893.0
2023-04-13,44.55992066105589,45.05775404731463,44.291249094733196,44.852298736572266,6095919.0
2023-04-14,44.91551409939313,45.03404664300549,44.599429520965714,44.68635559082031,3580498.0
2023-04-17,44.72586912849999,44.8523016478672,44.45719754473822,44.789085388183594,6941816.0
2023-04-18,44.725868684129345,44.8523012022404,44.00677671040457,44.133209228515625,2926357.0
2023-04-19,43.98306674307218,44.4413903721179,43.9435569976188,44.283348083496094,3588506.0
2023-04-20,43.97516677806647,44.4413903721179,43.91194721717112,44.283348083496094,5143504.0
2023-04-21,44.4492898589884,44.4492898589884,43.730201256323866,44.0778923034668,5551149.0
2023-04-24,43.983074157187886,44.022583909301325,43.27978866505684,43.37461471557617,11946220.0
2023-04-25,43.34300395547142,44.19643177734306,43.33510068250285,43.86454391479492,4535766.0
2023-04-26,43.73810718727557,43.84083650653189,43.31139328506235,43.45363235473633,6031635.0
2023-04-27,43.350907088760636,43.73810794041482,43.161254992596334,43.56426239013672,8553967.0
2023-04-28,44.06999780202952,45.026151678763306,44.06999780202952,44.49671173095703,12749663.0
2023-05-01,44.24384651416542,44.96293525745042,44.21223672787635,44.544124603271484,3829956.0
2023-05-02,44.425586134944545,44.53621541204255,43.493138898431596,43.611671447753906,2894215.0
2023-05-03,43.54055298190371,44.338664450952926,43.54055298190371,43.97517013549805,2834538.0
2023-05-04,43.94356586984408,43.99888217009383,43.32720313454094,43.69860076904297,2151985.0
2023-05-05,44.05418380652574,44.417681380718705,44.05418380652574,44.204322814941406,2368313.0
2023-05-08,44.33866395562314,44.757474559703944,44.235937949387335,44.32286071777344,1809282.0
2023-05-09,44.06209393673577,44.84439887927083,43.93565810913921,44.4413948059082,1793814.0
2023-05-10,44.575723578774046,44.64684310584534,43.87243819362177,44.04628372192383,1530864.0
2023-05-11,44.069992969460095,44.291251529558714,43.6590856321949,44.133209228515625,1699143.0
2023-05-12,44.27544233686717,44.54411388182578,44.06208707789798,44.204322814941406,1299506.0
2023-05-15,44.299159886279284,44.346572912714734,43.67489388289406,44.24384689331055,4180667.0
2023-05-16,44.204328212683095,44.243841267561045,42.797757372389825,42.868873596191406,3202253.0
2023-05-17,43.121739651394364,43.13754288842314,42.43425750553831,42.987403869628906,1556095.0
2023-05-18,42.9004846081616,42.93209439160812,42.45796748076194,42.73453903198242,1674461.0
2023-05-19,42.947899136750856,43.35880649512065,42.76615031587608,42.9557991027832,3090139.0
2023-05-23,42.82145981794504,43.12174117293721,42.55279155174255,42.758243560791016,3473541.0
2023-05-24,42.687118887144756,42.924183956413806,42.37893760390304,42.83726119995117,1446943.0
2023-05-25,42.63971586507924,42.77405165645662,42.268314967266164,42.42635726928711,4102341.0
2023-05-26,42.60020457131018,42.86887283751267,42.489571987780074,42.758243560791016,3248546.0
2023-05-29,42.92418805225162,42.98740430781947,42.65551648598202,42.84516525268555,391629.0
2023-05-30,42.47376692521254,42.93999052185062,42.08656612672793,42.18138885498047,3114493.0
2023-05-31,42.086567955986,42.086567955986,41.39908578553063,41.754676818847656,5962853.0
2023-06-01,41.6835676328622,42.76615407358404,41.63615460526723,42.450069427490234,4069431.0
2023-06-02,42.77405605373308,43.74601316961329,42.647620215033264,43.64328384399414,5990059.0
2023-06-05,43.8803391311025,44.02257487086972,43.184953748080886,43.263973236083984,3879211.0
2023-06-06,43.13755044543131,43.595874160831876,43.082237452736464,43.540557861328125,4658740.0
2023-06-07,43.603771327025946,44.03838850141441,43.39041602963383,44.006778717041016,4095430.0
2023-06-08,44.06209501299227,44.18062426407292,43.50104531472765,44.006778717041016,3709944.0
2023-06-09,44.046288983728566,44.05419225661673,43.493142551775264,43.659088134765625,2521893.0
2023-06-12,43.48524277733285,43.60377203032529,43.011115844936825,43.1612548828125,6357664.0
2023-06-13,43.45363196226287,44.00677838354001,42.98740831384295,43.042724609375,4700864.0
2023-06-14,43.16915478412986,43.493139346537546,42.83726694941644,43.019012451171875,4392278.0
2023-06-15,43.12174332792238,43.271882359517356,42.971604296327406,43.034820556640625,10886409.0
2023-06-16,43.28768081427539,43.350897062773555,42.307820695533856,42.33152389526367,15008386.0
2023-06-19,42.36314594304026,42.47377523665688,42.07867108899881,42.23671340942383,1000903.0
2023-06-20,42.23671217055229,42.41846099905051,41.77048849635672,42.37104797363281,5992911.0
2023-06-21,42.34733490751477,42.7029292363091,42.09446658002232,42.28411865234375,9756060.0
2023-06-22,41.49391244896576,42.16559144546058,41.49391244896576,42.054962158203125,9611914.0
2023-06-23,41.97594200814277,42.01545175866597,40.92496214201184,40.940765380859375,6104805.0
2023-06-26,41.04348934317706,42.55279282176483,41.04348934317706,42.41845703125,17246156.0
2023-06-27,42.505381335839694,42.61601061985848,42.007547904350815,42.18929672241211,11302391.0
2023-06-28,42.27622129692377,42.386850585657655,41.8020943565748,42.315731048583984,7435905.0
2023-06-29,42.380064320366984,42.70173539129927,42.146855654406096,42.476566314697266,9596885.0
2023-06-30,43.04752955560316,43.168157041776155,42.55698338725432,43.055572509765625,12348271.0
2023-07-04,43.079690163514066,43.18423509574723,42.76606209731944,42.95102310180664,3546930.0
2023-07-05,43.08773887759053,43.09578183199224,42.26748204297335,42.428314208984375,7018716.0
2023-07-06,42.170983496447825,42.203148586176695,41.96189695219751,42.130775451660156,6518593.0
2023-07-07,41.961887825232495,42.12272333465364,41.776926821135554,41.817134857177734,8222344.0
2023-07-10,41.953844893083655,41.953844893083655,41.54371484864073,41.64021682739258,7201915.0
2023-07-11,41.8251841360405,41.9297257186113,41.62414056017176,41.66434860229492,6394303.0
2023-07-12,41.81714167251384,41.84931012574184,41.18988543921817,41.519596099853516,6740517.0
2023-07-13,41.50351054102436,42.04230769537068,41.50351054102436,41.994056701660156,7245685.0
2023-07-14,42.010134989655825,42.12271949947482,41.52762850532351,41.551753997802734,6383553.0
2023-07-17,41.49546754665887,41.55175812453283,40.83604296215599,40.86016845703125,9949680.0
2023-07-18,40.93254228160742,41.06925229983834,40.530455180429115,40.64303970336914,7326424.0
2023-07-19,40.93254315103805,41.197923604874774,40.787793541470606,40.85212707519531,7450276.0
2023-07-20,40.96471564214676,41.744767807994464,40.91646464577959,41.736724853515625,7997569.0
2023-07-21,41.73672099327438,42.16293360142662,41.70455254358723,42.002098083496094,6560389.0
2023-07-24,41.4713472734688,41.4713472734688,40.2650824735818,40.92450714111328,11799222.0
2023-07-25,40.57066579693643,40.62695974461181,38.98643942153817,39.002525329589844,9804218.0
2023-07-26,39.0025290371291,39.485032288985344,38.72106600250208,39.35636520385742,13048157.0
2023-07-27,39.33223756428013,39.380488559890544,38.037513732910156,38.037513732910156,9343698.0
2023-07-28,37.61934446871799,38.03751415994818,35.142481312844254,36.388954162597656,23886517.0
2023-07-31,36.83124817997881,38.05359538107731,36.7106207044584,38.00534439086914,8860140.0
2023-08-01,38.04556406199208,38.117940569437124,37.47459832359698,38.10989761352539,9617838.0
2023-08-02,37.908845402847405,38.729105570629734,37.78822128305784,38.664772033691406,4634715.0
2023-08-03,38.78539830631907,39.074904286490096,38.35918565584898,39.02665328979492,4459305.0
2023-08-04,39.115110138280286,39.65390729578318,38.65672906059757,38.753231048583984,4412024.0
2023-08-08,38.68085093971795,39.05076958364559,38.528058383198875,39.03468704223633,4273693.0
2023-08-09,39.19552721228821,39.84690891721319,39.17140171467967,39.332237243652344,2397494.0
2023-08-10,39.4287351997224,39.629778749054175,39.018605147594684,39.227691650390625,4417400.0
2023-08-11,39.26789585077617,39.80669291417574,39.227687817888594,39.66998291015625,5730289.0
2023-08-14,39.60564939162791,39.686065457417556,39.292021350644795,39.493064880371094,3114273.0
2023-08-15,39.292024102913295,39.39656566881305,38.66476797700999,38.82560348510742,2785283.0
2023-08-16,38.72910462663782,39.11510920411195,38.68085363379697,38.897979736328125,1522197.0
2023-08-17,39.002524692882986,39.30007023869601,38.70497914706997,38.80952072143555,2114797.0
2023-08-18,38.72106880003154,39.06686540220572,38.54415070388535,38.954280853271484,2110847.0
2023-08-21,38.986435618161124,39.0186040658735,38.66476796729945,38.9140625,4347521.0
2023-08-22,38.777352082541185,38.954270129985574,38.302888516552876,38.471763610839844,2280992.0
2023-08-23,38.343101222002666,38.6728118628301,38.05359862135492,38.5923957824707,4960524.0
2023-08-24,38.53610189314936,38.65672937912634,38.32701873779297,38.32701873779297,5162811.0
2023-08-25,38.511973863504416,38.938189830845275,38.511973863504416,38.6567268371582,1978878.0
2023-08-28,38.78539384820134,39.13923332821016,38.72106031508679,39.010562896728516,7993181.0
2023-08-29,39.139237974328694,39.48503117652416,39.00252793826208,39.30811309814453,4464790.0
2023-08-30,39.43678013111227,39.69411765905418,39.35636404658521,39.48503112792969,2944019.0
2023-08-31,39.58957093619046,39.774531944892686,39.23573146055283,39.2437744140625,6760921.0
2023-09-01,39.55740552768222,39.99970406491003,39.33223646463079,39.81474304199219,6395949.0
2023-09-05,39.90320700750472,40.32941968914695,39.7986654171879,39.862998962402344,10725918.0
2023-09-06,39.002525329589844,39.187486350162196,38.07772359198083,39.002525329589844,12775552.0
2023-09-07,39.074897093850176,39.332231208518856,38.85776764868961,39.05881118774414,8762178.0
2023-09-08,39.40460855371395,39.55740110830317,39.10706303251237,39.44481658935547,5635618.0
2023-09-11,39.533277202312554,39.6941127165934,39.25181757626047,39.34831619262695,4406978.0
2023-09-12,39.62978070752093,39.78257327412354,39.428737148253774,39.661949157714844,5367840.0
2023-09-13,39.75040952424216,39.943410136129806,39.54132300409096,39.72628402709961,10789544.0
2023-09-14,40.08012082980877,40.79583943657503,39.99970474816796,40.731502532958984,10381898.0
2023-09-15,40.77975217520926,40.87625416217913,40.45808112881152,40.7556266784668,14588893.0
2023-09-18,40.819958923310686,40.94862935695078,40.32941278048738,40.4259147644043,15857025.0
2023-09-19,40.53045569175655,40.659126123348805,40.088160547930975,40.23291015625,11555688.0
2023-09-20,40.08011579742541,40.40982976736128,40.01578226713979,40.31332778930664,9692324.0
2023-09-21,40.43395433837108,40.43395433837108,39.17944200891225,39.20356750488281,19443667.0
2023-09-22,39.15531624776855,39.629779844972916,39.05077131085326,39.45286178588867,8587426.0
2023-09-25,39.65390534078009,39.846905941984915,39.32419471841879,39.45286178588867,28626873.0
2023-09-26,39.25182061300315,39.50111517463741,38.696937541017455,38.785396575927734,20693369.0
2023-09-27,39.1553180832343,39.26790261386117,38.55218739028737,39.195526123046875,6869743.0
2023-09-28,39.1299360039376,39.17912556982011,38.22813530108905,38.29372024536133,9120129.0
2023-09-29,38.244530679478814,38.79381187802471,38.22813530108905,38.29372024536133,10553359.0
2023-10-02,38.35931367235251,38.35931367235251,37.10498986929091,37.5067024230957,12836655.0
2023-10-03,37.08859249781695,37.71985063756369,37.03120352290535,37.71165466308594,15876223.0
2023-10-04,37.51490191520997,37.77724518215937,36.71967956938961,37.08039855957031,8070190.0
2023-10-05,37.072193974077614,37.85102082900739,36.99021364438543,37.62147521972656,10566633.0
2023-10-06,37.482103250894866,37.547688196130316,36.645887480038084,37.490299224853516,5362904.0
2023-10-10,38.00679087375868,38.65444786177011,37.95760130116115,38.46588897705078,8623627.0
2023-10-11,38.47408615645176,39.17912865122119,38.42489658670054,39.08074951171875,6337040.0
2023-10-12,39.15453291185879,39.21192188540737,38.72002963059968,39.031558990478516,2673279.0
2023-10-13,39.28570537791089,39.474264259459886,39.05615633012435,39.269309997558594,4345217.0
2023-10-16,39.46607151138127,39.539852444355716,39.03156473545462,39.44967269897461,16899943.0
2023-10-17,39.474265889370216,39.793994688366524,39.105347516572365,39.261112213134766,8473886.0
2023-10-18,39.31849816119655,39.31849816119655,38.564266092725845,38.86759948730469,9673895.0
2023-10-19,38.654441081706246,39.14632985997601,38.50687238979747,38.81840515136719,13926634.0
2023-10-20,38.59705863209017,38.59705863209017,38.08057498460764,38.129764556884766,6196185.0
2023-10-23,37.90840882434374,38.32651672867725,37.67885979028379,38.19534683227539,9988295.0
2023-10-24,38.38390054812312,38.572459409929024,38.031381038534604,38.31011962890625,8636571.0
2023-10-25,38.556069904492375,39.13814195721203,38.36751101396352,38.85120391845703,9515817.0
2023-10-26,38.6462432904391,38.94137725586148,38.408494864900945,38.81020736694336,4596979.0
2023-10-27,38.81840666775697,38.90858639498628,38.24453068616942,38.490478515625,4716332.0
2023-10-30,38.80200796236852,38.99876622645892,38.21174003152376,38.81020736694336,4414877.0
2023-10-31,39.09714441198659,39.285703283483,38.75282085866362,39.15453338623047,5282384.0
2023-11-01,39.425072561815476,39.85137987369667,39.09714438817047,39.77759552001953,2539007.0
2023-11-02,39.884172366494695,40.90074769055916,39.83498622595179,40.802371978759766,2861525.0
2023-11-03,40.96633654422543,41.35165374553323,40.613816967830836,40.92534637451172,4225754.0
2023-11-06,41.13030103414799,41.220477342402035,40.556424977861,40.76137924194336,3677802.0
2023-11-07,40.62200775817356,40.69579211266842,40.26128882159442,40.52363204956055,6536145.0
2023-11-08,40.32687027087847,41.261465151938225,40.32687027087847,40.8597526550293,2847154.0
2023-11-09,40.94993410234493,41.138492967375434,40.45804185844536,40.74497985839844,3029256.0
2023-11-10,40.761378017980874,40.81876699417179,40.12192045878813,40.57282257080078,3236479.0
2023-11-13,40.51543397139761,40.695793445594575,40.20390116356449,40.605613708496094,2899261.0
2023-11-14,40.99092397714922,41.05651235377925,40.654799842808465,40.83515930175781,3314256.0
2023-11-15,40.8679551060471,41.4664224784323,40.83516091643536,41.023719787597656,2838707.0
2023-11-16,40.99912625742899,41.2286752995939,40.41705424668454,40.785972595214844,4271499.0
2023-11-17,40.990929945336745,41.49921763858861,40.900750202732105,41.26966857910156,3301751.0
2023-11-20,41.39263677591644,41.581195640933885,41.21227731571308,41.3680419921875,1954964.0
2023-11-21,41.294259917133935,41.52380895744788,41.081109687352054,41.49921417236328,2447626.0
2023-11-22,41.40084366484179,41.76156265045638,41.01552646033828,41.671382904052734,3009510.0
2023-11-23,41.74516643518004,41.78615660441539,41.51561737060547,41.51561737060547,387131.0
2023-11-24,41.556599136950844,41.77794875063513,41.27786055337023,41.48281478881836,3985401.0
2023-11-27,41.35984750442885,41.409037077734624,40.69579512622837,40.917144775390625,3615383.0
2023-11-28,40.99092350868106,41.745158954886904,40.9417373728406,41.532005310058594,7602100.0
2023-11-29,41.81074592363891,41.90092565644754,41.286062906194154,41.32705307006836,3495810.0
2023-11-30,41.60579508391199,41.79435397004531,41.40903679204637,41.7205696105957,6998312.0
2023-12-01,41.66317748350102,42.08128539140626,41.351648119206985,41.85993576049805,4854335.0
2023-12-04,41.876328101312986,42.45020064972298,41.720563430468815,42.31903076171875,5217551.0
2023-12-05,42.319031427154684,42.58137120728825,42.25344648212129,42.26164245605469,5582194.0
2023-12-06,42.32723084325028,42.663358431111895,42.14687137206283,42.22885513305664,7374473.0
2023-12-07,42.36822185276443,42.622365664118206,42.15506820404858,42.41740798950195,4275448.0
2023-12-08,42.54038277277664,42.65515728892365,42.16326846584411,42.3436279296875,4260748.0
2023-12-11,42.38462280053034,42.84372091610728,42.20426331665565,42.81912612915039,6268368.0
2023-12-12,42.81911983120474,42.91749896456244,42.25344667582443,42.474796295166016,4651280.0
2023-12-13,42.30263681190105,42.97488508365857,41.94191446163851,42.91749954223633,4914560.0
2023-12-14,43.22083407056137,43.61434718904789,42.933896063674226,42.98308563232422,9449119.0
2023-12-15,42.925695803923105,42.98308477644316,42.41740817894545,42.63056182861328,24153088.0
2023-12-18,42.92569905304356,43.27002605279994,42.76173838934911,42.8109245300293,10045119.0
2023-12-19,42.925702357858036,43.34381031618126,42.81092782600737,43.08147048950195,13983130.0
2023-12-20,43.106058597539096,43.37659778839809,42.91749973213556,42.933895111083984,14402294.0
2023-12-21,43.155252822322545,43.425792042377566,42.97488991157218,43.28642272949219,19108862.0
2023-12-22,43.30281913449947,43.81930623110673,43.30281913449947,43.45858383178711,13913141.0
2023-12-27,43.507771657962394,43.97506916176614,43.458582085907935,43.77011489868164,7150356.0
2023-12-28,43.661648006478295,43.72839563202516,43.11931874805289,43.227783203125,18181020.0
2023-12-29,43.336250783955016,43.336250783955016,42.86901387989363,43.18606948852539,10512661.0
2024-01-02,43.32790563577777,43.69501931568493,43.21109642021346,43.6783332824707,12141815.0
2024-01-03,43.87857749140337,44.16225752234291,43.53649459666994,44.045448303222656,6249828.0
2024-01-04,44.33747232791488,44.521029170273216,44.09550913124303,44.287410736083984,6918669.0
2024-01-05,44.220665051508234,44.57109271817111,44.21232028865939,44.562747955322266,7697101.0
2024-01-08,44.521029114943325,44.888142799203756,44.2290043268035,44.77967834472656,11417795.0
2024-01-09,44.88814624392995,44.88814624392995,44.21232168625468,44.229007720947266,7372169.0
2024-01-10,44.370844943611914,44.370844943611914,44.07047888044367,44.27072525024414,7701818.0
2024-01-11,44.37919306891585,44.437599428377396,43.644962143233805,44.00373458862305,4521615.0
2024-01-12,44.15391742520272,44.49600032903137,43.987046608946706,44.145572662353516,6126197.0
2024-01-15,44.229005629285844,44.55440249383233,44.10385513771105,44.52103042602539,3002160.0
2024-01-16,44.279068537854386,44.646185735363666,44.14557327959608,44.470970153808594,8111108.0
2024-01-17,44.162257517715425,44.304097533170335,43.69502064128337,43.83686065673828,5536340.0
2024-01-18,43.8702362110708,43.928639074852384,43.352937741999675,43.628273010253906,6040411.0
2024-01-19,43.45305633544922,43.54483474850189,43.06925315975106,43.45305633544922,4500004.0
2024-01-22,43.36962307996451,43.61158627689972,43.186066237406386,43.58655548095703,7812834.0
2024-01-23,43.603244227847725,43.895269034841085,43.4780902403459,43.82851791381836,5453516.0
2024-01-24,43.89526629514985,44.24569394675061,43.327906242596484,43.377967834472656,5309590.0
2024-01-25,43.461403365057,43.811831031750124,43.41968653387433,43.728397369384766,3136433.0
2024-01-26,43.703360255031114,44.17894183805934,43.66164342987862,44.170597076416016,3520492.0
2024-01-29,44.187292826144024,44.32079158413686,43.76177273632831,44.29575729370117,5404590.0
2024-01-30,44.337473578489686,44.629494883696715,44.12054117161452,44.52103042602539,4551124.0
2024-01-31,44.65452904902783,44.84643067375846,44.05379686785892,44.2540397644043,3864621.0
2024-02-01,44.35416162499798,44.67121723274563,44.27072796016225,44.51268768310547,1645939.0
2024-02-02,44.42090983256445,44.43759935897467,43.503122049778476,43.8702392578125,2998211.0
2024-02-05,43.77011316134408,43.77845792399551,42.71883018622508,42.852325439453125,3949858.0
2024-02-06,42.88570084702803,43.07759896354077,42.702140510072304,42.793922424316406,1923260.0
2024-02-07,42.843979408945756,42.88569972943585,42.335025715984045,42.410118103027344,3234066.0
2024-02-08,42.41011620039713,42.46017778951343,42.001282216968804,42.059688568115234,2628631.0
2024-02-09,42.093064601031564,42.27662494227189,41.942883311058196,42.11809539794922,2498088.0
2024-02-12,42.11809441947766,43.05257166347308,42.11809441947766,43.00251007080078,1985899.0
2024-02-13,42.86901287490903,43.20275451042398,42.151471500931244,42.518585205078125,3681532.0
2024-02-14,42.827295188184166,43.06091363007325,42.385089101146434,42.41846466064453,2437973.0
2024-02-15,42.535270221351205,43.44471311390788,42.468519108099066,43.38630676269531,3045272.0
2024-02-16,44.22066512642397,44.54606199662415,43.962015884529904,44.48765563964844,3358575.0
2024-02-20,44.44594375371376,45.05502073063383,44.44594375371376,44.79637145996094,3850689.0
2024-02-21,44.89648617040353,45.221883015283986,44.696239809534134,44.90483093261719,2626108.0
2024-02-22,44.92986631933735,44.996613949270994,44.629496747336965,44.8714599609375,2567090.0
2024-02-23,44.84642340039255,44.971577372643445,44.445934180721906,44.80470657348633,1918872.0
2024-02-26,44.81305581564974,44.88814821235831,44.128889956392584,44.29575729370117,3908721.0
2024-02-27,44.47096758664829,44.7296168168007,44.329127573612055,44.49599838256836,1479963.0
2024-02-28,44.50434563778985,44.63784089581914,44.34581609090587,44.54606246948242,1531961.0
2024-02-29,44.662870917905764,45.004953819992856,44.5210308993869,44.78802490234375,6227669.0
2024-03-01,44.846425978350446,45.205198391738584,44.77967835315711,44.98826599121094,5813881.0
2024-03-04,45.105077157906926,45.18016954882005,44.89648951083663,45.055015563964844,3671111.0
2024-03-05,44.9882691735232,45.547284502034124,44.971583138927656,45.28863525390625,4668722.0
2024-03-06,45.522249235539796,45.62237241634946,45.07169841342862,45.17182159423828,3545833.0
2024-03-07,45.213535086116686,45.42212270305705,45.096725880968805,45.230224609375,3299008.0
2024-03-08,45.28863525390625,45.38875844454483,45.063361566502124,45.28863525390625,4491447.0
2024-03-11,45.38875496467181,45.73083785108318,45.24691495265267,45.705810546875,8100797.0
2024-03-12,45.764214261474905,45.83930665009502,45.56397138335373,45.805931091308594,6111606.0
2024-03-13,45.88102410587647,46.106301274810235,45.83096251278008,45.9227409362793,23406689.0
2024-03-14,45.90605371902078,45.90605371902078,45.23857048365251,45.61402893066406,12456325.0
2024-03-15,45.472189385045425,45.83096180231962,45.313663337052624,45.46384811401367,29408815.0
2024-03-18,45.472190631884665,45.62237541296375,45.13845249315206,45.4888801574707,10049507.0
2024-03-19,45.60569381713867,45.95612151556004,45.54728745496867,45.60569381713867,16236258.0
2024-03-20,45.538941196559385,46.01451934778614,44.97158113032483,45.0883903503418,26386580.0
2024-03-21,45.25526611871731,45.66409668777579,45.188518484475075,45.60569381713867,14912837.0
2024-03-22,45.72249790501358,45.89770998874205,45.59734392268432,45.86433792114258,8153123.0
2024-03-25,45.92273766840943,46.12298402654544,45.830959251441186,45.90605163574219,7632707.0
2024-03-26,45.77256462868134,46.03121389346598,45.764219865079845,45.81428146362305,7149478.0
2024-03-27,45.890703063363645,45.9586384122194,44.905631620801145,45.686893463134766,21107267.0
2024-03-28,45.848248892067495,46.31530668719563,45.71237462594314,46.230384826660156,11796151.0
2024-04-01,46.34077894398723,46.42569724362976,45.97562243746863,46.408714294433594,9373975.0
2024-04-02,46.28982581960785,46.7144244185109,45.87371691833942,46.11149597167969,23844063.0
2024-04-03,46.21339562597861,46.3662528220724,45.13491266330315,45.14340591430664,12817129.0
2024-04-04,45.14341038190148,45.36420294688929,44.52349539249629,44.60841369628906,7167469.0
2024-04-05,44.57444704866369,44.625399451549555,43.971515019396655,44.09889602661133,7271684.0
2024-04-08,44.09889224028887,44.234762933877484,43.76770520362818,43.9035758972168,7346061.0
2024-04-09,43.88659730425468,44.21778437378248,43.65731148820031,44.166831970214844,6880713.0
2024-04-10,44.03945705019519,44.090409460807514,43.0374024512524,43.1647834777832,7479017.0
2024-04-11,43.19025144709404,43.27516974614653,42.47692494187119,42.68922424316406,6003771.0
2024-04-12,42.655258120588954,43.011921401037945,42.16272412958661,42.23065948486328,12224090.0
2024-04-15,42.23915372362029,42.53637135410661,41.89098013340869,42.12026596069336,11432056.0
2024-04-16,42.04383698746401,42.19669420432992,41.262575059805116,41.27106475830078,8115167.0
2024-04-17,41.37296911560255,41.65320378978667,40.99932288335705,41.02479553222656,7614277.0
2024-04-18,41.05876113377643,41.47487003363374,40.86344478391813,41.22010803222656,8625930.0
2024-04-19,41.271058808772935,42.018354727396954,41.25407586056783,41.6531982421875,9332179.0
2024-04-22,41.69565849772143,42.04383204397956,41.43240680206887,41.77208709716797,16559873.0
2024-04-23,41.7635977440662,41.91645139055817,41.593757595116095,41.7890739440918,8408505.0
2024-04-24,41.74661462772071,42.009866346896764,41.466379958370624,41.75510787963867,4142382.0
2024-04-25,41.50883649847846,42.09478555605865,41.364472546929285,41.89097595214844,7120188.0
2024-04-26,41.8994708570214,42.09478721725595,41.721137446562345,41.865501403808594,4146002.0
2024-04-29,41.84851552903227,41.96740327647471,41.61074003414738,41.738121032714844,4674975.0
2024-04-30,41.71264809059913,41.96740655396815,41.29653916522329,41.88248825073242,7714653.0
2024-05-01,41.90795762592271,41.9928794761882,41.534311435006906,41.738121032714844,4404784.0
2024-05-02,41.88248248464474,42.43445848700844,41.80605389005764,42.298587799072266,2447407.0
2024-05-03,43.045890894708435,43.929057621433365,42.952479336910194,43.68278884887695,5521859.0
2024-05-06,43.69127985591457,44.04794311836183,43.44501109601226,43.64032745361328,5349850.0
2024-05-07,43.759219538258314,44.00548832253185,43.64882502478851,43.6912841796875,1465153.0
2024-05-08,43.512941721758615,44.20928522147419,43.47897582635476,44.15833282470703,2537580.0
2024-05-09,44.15834204698519,44.37913462786733,44.0564407858306,44.328182220458984,2666039.0
2024-05-10,44.523491895955985,44.948090488898785,44.514998644778956,44.82071304321289,3430977.0
2024-05-13,44.931111446558965,45.041505953150185,44.43857746236334,44.83769989013672,5926981.0
2024-05-14,44.973572765082494,45.12642998495178,44.404610147228034,44.86317825317383,3057997.0
2024-05-15,45.049994826494704,45.160389322356295,44.88864793141653,44.982059478759766,2423383.0
2024-05-16,44.982061683165135,45.33023168999232,44.92261602994539,45.2198371887207,4843584.0
2024-05-17,45.27928082636775,45.30475702808994,44.89714135419674,44.96508026123047,2408683.0
2024-05-21,45.177377573174226,45.55102377700955,45.024520369607956,45.38118362426758,5507927.0
2024-05-22,45.2283333244304,45.3472175311277,44.90563594421993,45.134918212890625,3999772.0
2024-05-23,45.13491382225117,45.27078807348838,44.40460438070525,44.464046478271484,3833137.0
2024-05-24,44.54896710506463,44.72729694652349,44.447062307852995,44.52349090576172,2018041.0
2024-05-27,44.5319872550246,44.752776259462344,44.5319872550246,44.63389205932617,596439.0
2024-05-28,44.49801733430962,44.59992213753929,44.17532352896462,44.38762283325195,2814024.0
2024-05-29,44.183817114516806,44.20080006532884,43.64882395781054,43.78469467163086,4297607.0
2024-05-30,43.82715004938429,44.22627601154392,43.810167100035486,43.99699020385742,2038775.0
2024-05-31,44.01397353559943,44.659364706739815,43.91207228495961,44.63389205932617,6558195.0
2024-06-03,44.531986952836554,44.60841200188237,43.946037885740424,44.42158889770508,9996522.0
2024-06-04,44.46404804882441,44.948092312319574,44.11587804136579,44.82920455932617,2997443.0
2024-06-05,45.033018002115064,46.36625959950066,44.897143734505796,46.28133773803711,6121041.0
2024-06-06,46.24736941743774,46.77387284852234,46.153957862277096,46.612525939941406,3542762.0
2024-06-07,46.400226688376364,46.663478404261895,46.00110071181125,46.00959396362305,5222269.0
2024-06-10,46.1114971129758,46.230381312095965,45.46610594735103,45.6274528503418,5170600.0
2024-06-11,45.432134917888625,45.491577015385275,45.07547167192392,45.26229476928711,4730813.0
2024-06-12,45.55951872477845,45.92467169079109,45.38967856571271,45.56800842285156,3608691.0
2024-06-13,45.39816716601727,45.74634072746453,45.338725066295616,45.449119567871094,7342111.0
2024-06-14,45.27927928827874,45.28777253978491,44.761269126960194,45.2198371887207,6112374.0
2024-06-17,45.08396799052739,45.1009544954453,44.51500536366806,44.54048156738281,12251186.0
2024-06-18,44.59992430886437,44.90563517977505,44.35365554029043,44.41310119628906,5670393.0
2024-06-19,44.30270486800144,44.49802124011492,44.15834090197512,44.40460968017578,6832774.0
2024-06-20,44.50651189908357,44.55746430220189,44.03945057294016,44.34516143798828,15452561.0
2024-06-21,44.251751929342326,44.871666939838846,44.24326223087132,44.76127243041992,32582546.0
2024-06-24,44.95659035776599,45.68689990298401,44.95659035776599,45.33872985839844,18718330.0
2024-06-25,45.16888862158091,45.49158245494611,44.86317773900808,45.4321403503418,22776463.0
2024-06-26,45.398163609854066,45.66990854723405,44.69333039796497,44.846187591552734,14931816.0
2024-06-27,44.87166579047469,45.00754005281222,44.71031887971463,44.83769989013672,4768769.0
2024-06-28,44.86364626167537,44.95878765929329,44.32739277357231,44.85499572753906,37685022.0
2024-07-02,44.56092228758216,45.25286369330159,44.465780887216305,44.63011932373047,17221255.0
2024-07-03,44.89824447353963,45.48639030405133,44.75985402565129,45.11447525024414,14558726.0
2024-07-04,45.25286166567462,45.33935252777896,45.088526855994196,45.14042282104492,5163140.0
2024-07-05,45.17501894589717,45.22691491235836,44.560921502066996,44.59552001953125,10548313.0
2024-07-08,44.49172641671978,44.56957036348987,44.180354249109655,44.23225021362305,5858638.0
2024-07-09,44.15440286760684,44.30144021591831,43.756536249947565,44.206298828125,6019458.0
2024-07-10,44.24090349897061,45.356655946988965,44.093866130194826,45.30475997924805,5046310.0
2024-07-11,45.36529807320528,46.19562623046963,45.33935009207389,45.823707580566406,7022226.0
2024-07-12,45.970747485438835,46.18697826055565,45.85830864060859,45.9880485534668,4600270.0
2024-07-15,46.07453549848736,46.61078893341549,45.92749814957254,46.308067321777344,7600016.0
2024-07-16,46.69728870114183,47.23354219685675,46.59349676791432,47.224891662597656,5311893.0
2024-07-17,47.224889376926875,47.890879137472076,47.12974798256328,47.44112014770508,6607341.0
2024-07-18,47.42382176865918,47.856283301727224,47.3200298424924,47.81303787231445,6875338.0
2024-07-19,47.70924758884447,48.85959849154741,47.70924758884447,48.790401458740234,5033146.0
2024-07-22,48.781752280766,49.58613245999089,48.72985631830373,49.560184478759766,14870054.0
2024-07-23,49.56018394527078,49.56018394527078,49.05852901265244,49.35260009765625,9412370.0
2024-07-24,49.352602267186704,49.932104787605375,49.29205938861772,49.45639419555664,4165967.0
2024-07-25,49.40450176609061,50.200235114565096,49.32666143371418,49.6293830871582,5653390.0
2024-07-26,49.78506934944748,50.20888037419024,49.603433467793174,50.200233459472656,6008050.0
2024-07-29,50.25212460553221,50.667288705638015,50.04454436521445,50.19158172607422,3783114.0
2024-07-30,50.25212419357588,50.30402015809746,49.949402559827014,50.217529296875,4619686.0
2024-07-31,50.33861710255017,50.98730939987532,50.17428229967635,50.70188522338867,5668418.0
2024-08-01,50.701886292972254,51.878185158294535,50.546198400984224,51.6446533203125,3306907.0
2024-08-02,51.290034047944076,51.627354183414226,50.64998867222271,51.2813835144043,3826226.0
2024-08-06,50.18293101305412,51.61005918559447,50.18293101305412,51.21219253540039,4255263.0
2024-08-07,51.32463096712934,51.912780403745636,51.04785731658301,51.23814010620117,2923395.0
2024-08-08,51.25543720981265,51.8954826064698,51.24679029546013,51.6446533203125,2810075.0
2024-08-09,51.817637119432476,51.817637119432476,51.19489280894106,51.42842102050781,2201131.0
2024-08-12,51.53221324891457,52.094414686169095,51.53221324891457,51.722496032714844,3183823.0
2024-08-13,51.92142763664997,52.059814453125,51.66195145089179,52.059814453125,2337378.0
2024-08-14,52.06846426027872,52.111709687390295,51.72249360444625,51.79168701171875,2224058.0
2024-08-15,51.88682912279621,52.09441296697876,51.76573975351305,52.059814453125,2098561.0
2024-08-16,52.059817884773004,52.6566142371971,51.82628966414407,52.552825927734375,3463339.0
2024-08-19,52.55282499326075,53.045833027455636,52.5441744595134,52.92474365234375,2732737.0
2024-08-20,52.89014551437969,53.06313085427012,52.37984002851749,52.43173599243164,1624547.0
2024-08-21,52.37984346378269,52.63931968090065,51.63600971099364,51.90413284301758,2763014.0
2024-08-22,51.85223991239958,52.40579085844937,51.84358937812038,52.33659744262695,4566811.0
2024-08-23,52.492282592181525,52.84690383091274,52.492282592181525,52.66526794433594,4838099.0
2024-08-26,52.9766357680772,53.279361014287204,52.924743424227366,53.011234283447266,1505084.0
2024-08-27,53.01988317666421,53.14961946147988,52.81229932980704,53.11502456665039,2910890.0
2024-08-28,53.106374885616226,53.262062773258045,52.7171587859818,52.97663497924805,3324239.0
2024-08-29,52.99393772301239,53.40910181705525,52.84690036429991,53.33990478515625,6935892.0
2024-08-30,53.31395760994548,54.09238979277576,53.14097227826431,53.98859786987305,4249559.0
2024-09-03,53.76371591723754,54.30861988632258,53.521537179748634,54.187530517578125,11472207.0
2024-09-04,54.13563609188328,54.57674815184737,54.11833864427785,54.40376281738281,5018556.0
2024-09-05,54.66324192835987,55.130301994408136,54.50755403318701,54.68918991088867,5374532.0
2024-09-06,54.71513886058081,55.21679383255472,54.41241359888373,54.784332275390625,4923885.0
2024-09-09,54.87947249653793,55.59736185117225,54.87947249653793,55.242740631103516,5893523.0
2024-09-10,55.19084148920195,55.268685432014294,53.391798368399215,53.876155853271484,6877422.0
2024-09-11,53.81561619597746,53.962653556926924,53.25341473466896,53.8415641784668,5448141.0
2024-09-12,53.85886351926152,54.23942911651558,53.409104506094934,54.118343353271484,5002539.0
2024-09-13,54.34321621750924,54.79297881014994,54.2048293979906,54.723785400390625,4556938.0
2024-09-16,54.784329399618315,55.043805596402116,54.52485320283451,54.965965270996094,5089532.0
2024-09-17,55.061109645154,55.251392441063246,54.498908172122825,54.550804138183594,5875642.0
2024-09-18,54.50755401000254,54.63729392259141,53.90210711703835,54.222129821777344,5962963.0
2024-09-19,54.40376501686653,54.5594492905497,52.60472180906601,52.786354064941406,8411906.0
2024-09-20,52.78635043398945,54.23077594510043,52.51822371609316,54.187530517578125,31392191.0
2024-09-23,54.42106145714493,55.05245631301044,54.23077867090659,55.02650833129883,15107994.0
2024-09-24,55.27733855893566,55.29463600721549,54.369166422456324,54.65459060668945,16109555.0
2024-09-25,54.68054083108787,55.822237539264734,54.66323976377357,55.75304412841797,6141664.0
2024-09-26,55.69250002218077,56.07306558317456,55.2859864802583,55.83088684082031,4736188.0
2024-09-27,55.70797047189941,55.99770729163417,54.95290733279199,55.470916748046875,62777251.0
2024-09-30,55.57627707196223,56.63863564165484,55.57627707196223,56.44547653198242,16222875.0
2024-10-01,56.53327864257684,57.42004038870529,56.296221230551545,57.297122955322266,9274038.0
2024-10-02,58.16441613852305,58.16441613852305,56.45001655628307,57.21090316772461,5052100.0
2024-10-03,57.11458947994585,58.02957943406059,56.613752834808174,57.90436935424805,5850400.0
2024-10-04,57.933262594578046,59.05051237121992,57.70210582136044,58.963829040527344,7408900.0
2024-10-07,59.069781540162474,59.416511222855725,58.559311354148214,58.87715148925781,8141500.0
2024-10-08,58.76156756769687,59.0505144629824,58.347417944286576,58.70378112792969,5341000.0
2024-10-09,58.51115245084293,59.8402957081074,58.2029458512037,59.7054557800293,3342400.0
2024-10-10,59.94623985452358,59.95586970292668,59.52245304254089,59.64766311645508,7364500.0
2024-10-11,59.67655868041866,60.86122848260962,59.67655868041866,60.495235443115234,3705800.0
2024-10-15,61.67990288414245,62.30594958023227,61.333169555484226,62.161476135253906,5959600.0
2024-10-16,62.41189804395882,63.211304078704146,62.16147788881367,62.69120407104492,7322400.0
2024-10-17,62.720104972291466,63.73140442458621,62.720104972291466,63.182411193847656,7340700.0
2024-10-18,63.01867784827723,64.09740460888915,62.806784435636956,63.972190856933594,4965500.0
2024-10-21,63.97218618219214,64.24186601558215,62.941619762752104,63.114986419677734,8275000.0
2024-10-22,62.82605209336851,63.38467150241503,62.39263174104756,63.1053581237793,2977800.0
2024-10-23,63.31724876786959,63.31724876786959,62.142208863724164,62.55636215209961,5576200.0
2024-10-24,62.43115942793339,63.13425964660381,62.26742627708722,62.68157958984375,4725500.0
2024-10-25,63.20167401244536,63.60619376630789,62.710467255198346,63.25946044921875,2599400.0
2024-10-28,63.00904489074122,63.13425864382012,62.44079195922142,62.614158630371094,4587400.0
2024-10-29,62.527470574843626,62.67194402308937,61.53543083083424,62.10369110107422,1894800.0
2024-10-30,62.04589591701442,62.334842807005565,61.75695637524793,62.20962905883789,2046500.0
2024-10-31,61.756954158062555,62.729726799777495,61.545060759439686,62.37336730957031,2721600.0
2024-11-01,62.49857694395911,63.018676945289634,61.901423457640774,62.22889709472656,1925300.0
2024-11-04,62.13257839093573,62.85493821499517,62.12294486911218,62.80677795410156,2264300.0
2024-11-05,62.66231146781262,63.40393841775277,62.527471540228035,63.23057174682617,965600.0
2024-11-06,63.98182168726754,64.9064414367858,63.53877518322074,64.87754821777344,4541900.0
2024-11-07,64.98349332452268,67.04462617668914,64.88718014743745,66.29337310791016,3608000.0
2024-11-08,66.1874280999641,66.30300097612991,64.93533472118762,65.32059478759766,3536000.0
2024-11-11,65.38801464884925,66.63047450331779,65.35912142985165,66.55342102050781,3170000.0
2024-11-12,66.65937414721077,66.68826736899321,64.68492806041634,64.93534088134766,2981700.0
2024-11-13,65.20501696147282,65.62880378493335,64.89681036665374,65.33023071289062,3552600.0
2024-11-14,65.78290297155199,66.52452247661809,65.42653615324937,66.12000274658203,2369200.0
2024-11-15,65.9081184080002,66.52453160931371,65.63843855095368,66.5052719116211,2290400.0
2024-11-18,66.45711757700991,67.65141734262981,66.44748405319123,67.35284423828125,2573500.0
2024-11-19,67.00611043906179,67.15058390252534,66.39933071038557,67.03500366210938,2233500.0
2024-11-20,67.4202509792387,67.46841124065641,65.25317148347746,66.25484466552734,3109000.0
2024-11-21,66.36079980410055,67.63215297608564,65.97553970842094,67.55509948730469,3234500.0
2024-11-22,67.49730604496213,67.7284591391079,67.03499250844622,67.0831527709961,1538100.0
2024-11-25,66.93867929616944,67.2372523487925,65.76363943352797,66.07184600830078,4015200.0
2024-11-26,66.05258771531412,66.31263403308644,65.40728133383601,66.0140609741211,2347600.0
2024-11-27,65.81179659744153,66.19705663482448,65.40727686489025,65.4265365600586,2742300.0
2024-11-28,65.4747075641445,65.97554055116784,65.24354709484889,65.40728759765625,482100.0
2024-11-29,65.06055160517984,66.05259136396965,64.99313164142399,65.744384765625,1818200.0
2024-12-02,65.8695940010407,66.27411380096038,64.92571446789475,65.7251205444336,6282700.0
2024-12-03,65.77327575243653,66.41858214764626,65.65769552639799,65.9562759399414,4900900.0
2024-12-04,65.9755363936825,66.3993232124607,65.20501624103572,66.37042999267578,6815800.0
2024-12-05,66.2066917368861,66.68826501150342,66.11037855160764,66.15853881835938,4613700.0
2024-12-06,66.21632380383352,66.24521702395921,65.67696409955424,65.77327728271484,2096300.0
2024-12-09,65.9081152080767,66.16816152953884,64.4922886790976,64.62712860107422,6940800.0
2024-12-10,64.67528897527114,64.84865563928221,64.18408220253563,64.40560913085938,8338200.0
2024-12-11,64.66565815815801,64.7716048654986,64.1070314009485,64.51155853271484,4038800.0
2024-12-12,64.3863392018061,64.65601903413817,63.76992605698298,64.07813262939453,4296000.0
2024-12-13,63.98182491537324,64.00108461294501,63.105358037246575,63.67361831665039,5226400.0
2024-12-16,63.625457010095936,63.67361727557533,62.90309711725388,63.2113037109375,12983600.0
2024-12-17,63.07646563942133,63.95293252897889,62.90309896611461,63.47135925292969,6185500.0
2024-12-18,63.35577324821622,63.76992652180908,62.70083335853969,62.72010040283203,4971200.0
2024-12-19,62.74899773110134,63.19204425192787,62.46005083358521,62.8164176940918,3578000.0
2024-12-20,61.670273646574984,63.39430688712978,61.670273646574984,63.365413665771484,17855700.0
2024-12-23,63.452094628782895,63.94330144660495,62.912734890452995,63.924041748046875,12142400.0
2024-12-24,63.972188330114925,64.20334877926008,63.70250848767017,64.0877685546875,4489300.0
2024-12-27,63.72177612111348,64.39597573345263,63.702509076061126,64.2803955078125,11692500.0
2024-12-30,63.98182122089304,64.64639464623133,63.60619468002127,64.55970764160156,7737400.0
2024-12-31,64.77716260916976,65.33298020286514,64.74791022627555,65.32322692871094,15877000.0
2025-01-02,65.65476581667053,66.55187353523904,65.43048516724453,66.52262115478516,7577200.0
2025-01-03,66.85416412353516,67.51724541911751,66.5518795786384,66.85416412353516,3761300.0
2025-01-06,67.2929706188818,67.32222300130951,65.96680805865776,66.18133544921875,7538300.0
2025-01-07,66.46411953868021,67.24421033277603,66.43485971727411,66.8639144897461,5493800.0
2025-01-08,66.70789727935265,67.43923656134753,66.44461097167647,66.97117614746094,8501100.0
2025-01-09,67.31247462611714,67.36123356009071,66.68839895701309,67.19546508789062,2313500.0
2025-01-10,66.9711773258388,67.05893447022972,65.14770200573585,65.63526153564453,7063700.0
2025-01-13,65.47924656539723,65.51825222066363,64.28960011826024,64.5041275024414,6008100.0
2025-01-14,64.44562184500332,65.29397819418041,64.01657447263399,64.88442993164062,7023100.0
2025-01-15,65.65477451338886,66.13258081641784,65.36223579096449,65.48900604248047,3634800.0
2025-01-16,65.22571160029038,65.58650832117672,64.52362470535901,64.78691101074219,7591100.0
2025-01-17,64.74791070434725,66.932175438208,64.66014611544817,66.85416412353516,5211100.0
2025-01-20,66.80541221707219,68.02431110289164,66.52262678281386,67.458740234375,2115100.0
2025-01-21,67.05893843866548,68.30709715833277,66.30809999158268,66.37635803222656,5042700.0
2025-01-22,66.41536357746425,66.69814901381643,65.83029359585248,66.20083618164062,4615500.0
2025-01-23,66.53238519354821,66.73715932942706,65.88880296115555,66.03507232666016,2792500.0
2025-01-24,65.81078726917013,66.80541293687382,65.60601314689433,66.5518798828125,4167500.0
2025-01-27,66.06431536378122,66.20083143505018,63.96780792705392,64.05557250976562,6353300.0
2025-01-28,64.24084606534814,64.35786304002926,63.04145369303328,63.64602279663086,3343600.0
2025-01-29,63.568017034413,64.27984981713088,63.45100006320243,63.84104919433594,1633300.0
2025-01-30,64.23109703393696,64.42611787579811,63.860547019005224,63.87030029296875,5056700.0
2025-01-31,63.948314517289276,64.8941812664772,63.69478145967109,63.86054992675781,4670600.0
2025-02-03,62.48563863233734,64.65040439507764,62.26135794827201,64.32861328125,5021000.0
2025-02-04,64.44561578076551,65.45974050655694,64.35785863543715,65.20621490478516,3871700.0
2025-02-05,65.18671159920301,65.87904528075326,65.16721249023853,65.72303009033203,2269300.0
2025-02-06,65.90829497080406,66.0448184862506,65.15745655347307,65.60601043701172,3293900.0
2025-02-07,65.34273003674885,65.5670032535089,64.5431327082756,65.28421783447266,3336800.0
2025-02-10,65.56700415000289,66.24959196239273,65.32322438262825,65.85954284667969,3648400.0
2025-02-11,65.59625942812544,65.9668094522199,65.06970165416627,65.84979248046875,2856500.0
2025-02-12,65.37198025642147,65.80103500760845,64.66014009554922,65.21595764160156,2410400.0
2025-02-13,65.508500769538,65.90829572789764,65.12820491957005,65.52799987792969,1814000.0
2025-02-14,64.80641737821122,65.12820848103266,62.865932365906616,63.51926040649414,5957300.0
2025-02-18,64.01656591697626,64.66014060930246,62.91467664986701,64.13357543945312,4686300.0
2025-02-19,64.16283761963705,64.44561560240231,63.353487008086574,63.63627243041992,2171300.0
2025-02-20,63.57776233345479,63.607022155687254,62.67090127302494,62.87568283081055,2193400.0
2025-02-21,63.0609534306847,63.09020581475429,61.95907147317429,62.38812255859375,2299100.0
2025-02-24,62.47588081811995,62.924434714090694,61.55927019768614,61.617774963378906,2557800.0
2025-02-25,61.95906899656311,62.23210115639063,60.99369944322639,61.793296813964844,3277900.0
2025-02-26,61.94931632563444,62.74891370415892,61.56902046509039,62.1053352355957,3580500.0
2025-02-27,61.978570944986544,62.86592917160954,61.783546382257335,62.43687438964844,3478700.0
2025-02-28,62.4173757403057,63.15846090060281,62.20284834774714,63.13896179199219,4783300.0
2025-03-03,63.28523050646326,64.06532131567822,62.95368614688149,63.392494201660156,7359900.0
2025-03-04,62.74891285328925,63.89955369357003,62.709907196381785,63.577762603759766,8219500.0
2025-03-05,63.52901848774415,65.05020208589605,63.38274911725203,64.79666900634766,7936000.0
2025-03-06,64.35785998173868,64.47487695085914,62.90493461977551,63.48025131225586,7839800.0
2025-03-07,63.49976007669173,64.79666285842946,63.38274310348678,64.28960418701172,6661900.0
2025-03-10,63.558266121918535,65.10870199033481,63.558266121918535,65.08920288085938,10811400.0
2025-03-11,64.75766177298011,65.8010388925955,64.64064480495635,65.12820434570312,7131300.0
2025-03-12,65.54750176273465,65.65476545017862,64.73815119004567,65.34272766113281,6225400.0
2025-03-13,65.23546966857865,65.7620348784802,64.86491964703586,65.62551879882812,6904100.0
2025-03-14,65.80104110094253,66.46412239619453,65.37198631002404,66.02531433105469,4267900.0
2025-03-17,66.0545665238627,66.6786421599999,65.9668093748286,66.50312042236328,4287300.0
2025-03-18,66.61038302394819,67.00043215000917,65.58651243755243,66.53237915039062,5836800.0
2025-03-19,66.74690161770773,67.6635159825614,66.68839685044256,67.47824096679688,2830900.0
2025-03-20,67.77077704551093,68.8531598352162,67.37097464590435,68.66788482666016,4938900.0
2025-03-21,68.60938555399532,68.79466057738303,67.68302531619456,67.77078247070312,10818000.0
2025-03-24,68.10231067876195,69.17494758223087,67.72201484555676,68.80439758300781,25147800.0
2025-03-25,68.94092053181367,69.20420686695464,67.75128142490819,68.0535659790039,15809500.0
2025-03-26,68.06331382639388,68.41435728554505,67.40023256350477,67.46849060058594,16270800.0
2025-03-27,67.20520503611623,68.03405476408146,67.19545920183026,67.3904800415039,10351300.0
2025-03-28,67.39048196650535,67.53675132022283,66.57137804942849,67.10769653320312,12702700.0
2025-03-31,66.86087096743124,68.37145940687182,66.45606881955284,67.09782409667969,19009900.0
2025-04-01,66.93985738850498,67.63097381591797,65.84393881603286,67.63097381591797,9857900.0
2025-04-02,67.91728992092295,69.03295135498047,67.21629830845104,69.03295135498047,6962400.0
2025-04-03,67.27554082435728,69.43775978490882,66.95960080783595,67.78894805908203,11623400.0
2025-04-04,66.70289222998117,66.88060894684592,63.533617056396125,64.59004211425781,10680100.0
2025-04-07,62.60554209221665,64.60979084085935,61.3812718278659,64.30371856689453,13507200.0
2025-04-08,65.76495005997212,65.76495005997212,61.96379098573591,62.69440460205078,17527000.0
2025-04-09,61.68734496144709,65.22192521455752,61.430645117219754,64.3135986328125,11187500.0
2025-04-10,63.65209798610337,64.1161365030466,61.736707523011276,62.714149475097656,10013200.0
2025-04-11,62.75364252591309,65.77482295636223,62.635162203407916,65.01458740234375,9063700.0
2025-04-14,65.85380619640227,66.08089161147029,64.80725631655056,65.74520111083984,7840400.0
2025-04-15,66.12038460168397,67.09782283244589,65.83406279012664,66.96947479248047,6750500.0
2025-04-16,66.87074293922382,67.37426737266165,66.39682917131339,66.94972229003906,6320900.0
2025-04-17,67.37426628084916,68.16412003703222,67.20642480575646,67.59147644042969,5101600.0
2025-04-21,67.23604791175346,67.3644034877505,65.59711141704341,66.2191162109375,8826400.0
2025-04-22,66.7423882567181,67.72970171475417,66.41657300774126,66.92010498046875,8919600.0
2025-04-23,67.56186160833363,67.56186160833363,66.07101614725923,67.0484619140625,3551200.0
2025-04-24,66.69302924823481,67.94691406592001,66.6535358047308,67.7099609375,4660900.0
2025-04-25,67.39401785852151,68.04564081520655,65.92291540213446,67.98640441894531,8765900.0
2025-04-28,67.77906905931115,68.7466320107797,67.3940174209058,68.5195541381836,8994600.0
2025-04-29,68.31222136768935,68.95396909680512,68.12462939804406,68.6182861328125,2326600.0
2025-04-30,68.50967671508725,68.7663803100586,67.7000800225809,68.7663803100586,4565500.0
2025-05-01,68.12462790323563,69.82280823879377,67.89754249587916,68.41094970703125,2211600.0
2025-05-02,69.27978272847405,69.49699289190622,67.94691108230842,69.44762420654297,2990800.0
2025-05-05,69.17118142627722,69.51674717749403,68.2431118580897,69.40814208984375,2280600.0
2025-05-06,69.26004073636076,69.63521713948207,68.53929859610224,68.72689056396484,2521400.0
2025-05-07,68.89473280996978,69.85242808217883,68.7170160838629,69.73394775390625,2013800.0
2025-05-08,69.44762258156753,69.98077273407958,67.22616737906911,67.43350982666016,5211000.0
2025-05-09,67.87779732474668,68.12462567865485,67.44337701143516,67.9666519165039,2201400.0
2025-05-12,68.61828314718578,68.61828314718578,66.30797334464252,66.47581481933594,4318000.0
2025-05-13,66.5547997633356,66.92010089966631,66.04139257820633,66.80162811279297,2093300.0
2025-05-14,66.92010476751722,67.63097166025771,66.62391525061126,67.53224182128906,1595300.0
2025-05-15,67.39402188139265,68.934228536953,67.39402188139265,68.79600524902344,1690100.0
2025-05-16,68.81574820475441,69.16131395718256,68.55905211723052,68.79600524902344,1591800.0
2025-05-20,68.56891310907929,68.9934581754304,67.5519815049973,68.7663803100586,1902200.0
2025-05-21,68.77625687619975,68.82561802794143,67.31502969125962,68.20361328125,1981200.0
2025-05-22,68.1344996444825,68.20361128097687,67.57173130942739,67.83830261230469,1433700.0
2025-05-23,67.58160425113788,68.4306944409952,67.53224309702301,68.35171508789062,992900.0
2025-05-26,68.70713551223785,68.8354910743977,68.26284749772427,68.450439453125,906300.0
2025-05-27,68.35171307259604,69.01321127254273,68.24310799109986,68.33196258544922,1705100.0
2025-05-28,68.40107384437722,68.40107384437722,68.01602220579987,68.17399597167969,2322700.0
2025-05-29,68.32208916201662,68.37145784859511,67.65071570061073,67.92716979980469,2016900.0
2025-05-30,67.71982361378407,68.69726931947383,67.71982361378407,68.65777587890625,4087100.0
2025-06-02,68.65777543239406,69.62533835589497,68.33196019928307,69.53648376464844,4324200.0
2025-06-03,69.42788326606883,69.78331671970466,69.16131194214398,69.46737670898438,3426900.0
2025-06-04,69.4574964015572,70.21773194020207,69.08232002011648,69.37850952148438,3496800.0
2025-06-05,69.39826459492676,69.63521771820402,69.14156098402408,69.30940246582031,3391300.0
2025-06-06,69.54636126010767,69.60559765619038,68.49980388948943,68.59854125976562,6629100.0
2025-06-09,68.57878770932399,68.5985381955385,66.71276599003453,66.80162811279297,7282600.0
2025-06-10,66.94972229003906,67.48287245421189,66.33759277505101,66.94972229003906,6093100.0
2025-06-11,67.13731693171263,67.17681037499672,66.24873328933091,66.86087036132812,4999600.0
2025-06-12,66.87074555905558,67.48287509802537,66.76214047325047,67.20642852783203,2891500.0
2025-06-13,67.16693314313396,67.34464986635055,66.17961968806486,66.49555969238281,7272500.0
2025-06-16,66.48568296873579,66.74238657046864,65.75507313737708,65.94266510009766,9893800.0
2025-06-17,66.0808908005087,66.18949588473829,64.99484749081665,65.08370208740234,7624000.0
2025-06-18,65.16268570555575,65.16268570555575,63.97791261485981,64.59004211425781,5605800.0
2025-06-19,64.34321837767493,64.6690336374136,64.17537689208984,64.17537689208984,798200.0
2025-06-20,64.30372540293102,64.55055377739237,64.25436424760127,64.3333511352539,14011600.0
2025-06-23,64.48143643119815,65.49836803882617,63.84955645106805,64.00753021240234,19118900.0
2025-06-24,63.49412390148708,64.24448421302722,63.326282427193675,63.97791290283203,16250300.0
2025-06-25,63.9088042494551,63.95816540340971,63.17819062423061,63.70146179199219,18393600.0
2025-06-26,63.69159368285347,64.84674862810957,63.68171843908265,64.5801773071289,18354900.0
2025-06-27,65.79456807925095,67.52236662656868,65.73533168234758,66.1500015258789,20507300.0
2025-06-30,66.0999984741211,66.91000366210938,65.55999755859375,66.4800033569336,15882900.0
2025-07-02,66.44000244140625,66.44000244140625,63.970001220703125,65.19000244140625,10972600.0
2025-07-03,65.11000061035156,65.88999938964844,65.05000305175781,65.55999755859375,5650400.0
2025-07-04,65.69999694824219,65.7300033569336,65.2699966430664,65.43000030517578,5510300.0
2025-07-07,65.25,65.5,64.58999633789062,64.75,16395100.0
2025-07-08,64.69999694824219,65.08000183105469,64.16000366210938,64.66000366210938,10768200.0
2025-07-09,64.55000305175781,64.66000366210938,63.72999954223633,63.77000045776367,9055000.0
2025-07-10,63.7599983215332,64.6500015258789,63.34000015258789,64.61000061035156,10209900.0
2025-07-11,64.83000183105469,64.94000244140625,64.30999755859375,64.77999877929688,6676000.0
2025-07-14,64.83999633789062,66.38999938964844,64.51000213623047,66.30999755859375,5826500.0
2025-07-15,66.22000122070312,66.98999786376953,65.77999877929688,66.69000244140625,7358200.0
2025-07-16,66.6500015258789,66.94999694824219,65.98999786376953,66.23999786376953,5348900.0
2025-07-17,65.94000244140625,66.30000305175781,65.37999725341797,65.58999633789062,10263900.0
2025-07-18,65.70999908447266,66.0999984741211,65.41000366210938,65.5199966430664,5091400.0
2025-07-21,65.66999816894531,65.75,64.69999694824219,64.87000274658203,10012600.0
2025-07-22,64.79000091552734,65.33000183105469,64.7699966430664,65.23999786376953,5466500.0
2025-07-23,65.05000305175781,65.61000061035156,64.98999786376953,65.41000366210938,4866000.0
2025-07-24,65.30000305175781,65.61000061035156,64.83999633789062,64.9000015258789,4731000.0
2025-07-25,64.95999908447266,65.30000305175781,64.6500015258789,64.73999786376953,5687900.0
2025-07-28,64.70999908447266,64.80000305175781,64.20999908447266,64.33999633789062,4119300.0
2025-07-29,64.04000091552734,64.87000274658203,64.04000091552734,64.73999786376953,4081800.0
2025-07-30,64.69999694824219,65.16000366210938,64.69999694824219,65.0199966430664,3646900.0
2025-07-31,65.0,66.69000244140625,64.91000366210938,66.16000366210938,3890500.0
2025-08-01,66.02999877929688,66.87999725341797,65.73999786376953,66.76000213623047,2240900.0
2025-08-05,67.97000122070312,68.23999786376953,66.94999694824219,67.41999816894531,3580900.0
2025-08-06,67.6500015258789,68.5,66.66999816894531,68.41999816894531,4200800.0
2025-08-07,68.22000122070312,68.56999969482422,67.94000244140625,68.33999633789062,2033200.0
2025-08-08,68.44999694824219,68.62000274658203,67.81999969482422,67.97000122070312,1468300.0
2025-08-11,67.98999786376953,69.22000122070312,67.97000122070312,68.88999938964844,2482800.0
2025-08-12,68.87000274658203,69.30000305175781,68.30999755859375,69.05000305175781,2048700.0
2025-08-13,69.31999969482422,70.5,69.0999984741211,70.23999786376953,3071300.0
2025-08-14,70.2699966430664,71.0,70.0999984741211,70.7699966430664,3131100.0
2025-08-15,70.52999877929688,70.80999755859375,70.19000244140625,70.55999755859375,1555200.0
2025-08-18,70.27999877929688,70.48999786376953,69.54000091552734,69.66999816894531,3559000.0
2025-08-19,69.86000061035156,71.04000091552734,69.5999984741211,70.93000030517578,1813300.0
2025-08-20,70.97000122070312,72.26000213623047,70.97000122070312,71.94999694824219,4368400.0
2025-08-21,71.19000244140625,71.94999694824219,71.19000244140625,71.62000274658203,3751700.0
2025-08-22,71.69999694824219,72.06999969482422,70.6500015258789,70.80000305175781,3691000.0
2025-08-25,70.62999725341797,70.7699966430664,70.18000030517578,70.4000015258789,3158200.0
2025-08-26,70.16000366210938,70.56999969482422,69.72000122070312,70.5,4285000.0
2025-08-27,70.31999969482422,70.97000122070312,70.31999969482422,70.69999694824219,3367900.0
2025-08-28,70.41999816894531,71.2300033569336,70.18000030517578,71.02999877929688,3400400.0
2025-08-29,71.19000244140625,71.77999877929688,70.91000366210938,71.5199966430664,4444500.0
2025-09-02,71.51000213623047,71.75,70.9000015258789,71.27999877929688,4014600.0
2025-09-03,71.08999633789062,72.05000305175781,70.87000274658203,71.87999725341797,2882200.0
2025-09-04,71.98999786376953,72.3499984741211,70.93000030517578,71.06999969482422,4426300.0
2025-09-05,71.25,71.88999938964844,70.69000244140625,71.83000183105469,3203000.0
2025-09-08,71.51000213623047,71.95999908447266,71.0199966430664,71.6500015258789,3932900.0
2025-09-09,71.5199966430664,72.16999816894531,71.3499984741211,71.79000091552734,3080200.0
2025-09-10,71.97000122070312,72.52999877929688,71.69999694824219,72.0199966430664,6022200.0
2025-09-11,71.93000030517578,72.18000030517578,71.63999938964844,72.05999755859375,5558700.0
2025-09-12,71.95999908447266,72.69000244140625,71.81999969482422,72.44999694824219,1224700.0
2025-09-15,72.2300033569336,72.5,71.72000122070312,71.9800033569336,6127800.0
2025-09-16,71.87999725341797,72.01000213623047,71.44000244140625,71.63999938964844,4145800.0
2025-09-17,71.75,72.30999755859375,71.75,72.1500015258789,2958000.0
2025-09-18,72.05999755859375,72.77999877929688,71.91000366210938,72.6500015258789,5267600.0
2025-09-19,75.0,75.0,72.11000061035156,72.45999908447266,10564700.0
2025-09-22,72.4800033569336,73.70999908447266,72.2300033569336,73.12999725341797,11076900.0
2025-09-23,73.20999908447266,73.97000122070312,72.68000030517578,73.77999877929688,11123600.0
2025-09-24,73.61000061035156,74.80999755859375,73.61000061035156,74.43000030517578,12425900.0
2025-09-25,74.43000030517578,75.18000030517578,74.27999877929688,74.87000274658203,7780000.0
2025-09-26,74.94000244140625,75.5,74.33000183105469,74.43000030517578,9428000.0
